
  .   ____          _            __ _ _
 /\\ / ___'_ __ _ _(_)_ __  __ _ \ \ \ \
( ( )\___ | '_ | '_| | '_ \/ _` | \ \ \ \
 \\/  ___)| |_)| | | | | || (_| |  ) ) ) )
  '  |____| .__|_| |_|_| |_\__, | / / / /
 =========|_|==============|___/=/_/_/_/

 :: Spring Boot ::                (v4.0.6)

2026-06-02T22:09:53.232+02:00  INFO 14904 --- [personal-finance-tracker] [           main] c.d.p.PersonalFinanceTrackerApplication  : Starting PersonalFinanceTrackerApplication v0.0.1-SNAPSHOT using Java 20.0.1 with PID 14904 (D:\personal-finance-tracker-backend\target\personal-finance-tracker-0.0.1-SNAPSHOT.jar started by hp in D:\personal-finance-tracker-backend)
2026-06-02T22:09:53.243+02:00  INFO 14904 --- [personal-finance-tracker] [           main] c.d.p.PersonalFinanceTrackerApplication  : No active profile set, falling back to 1 default profile: "default"
2026-06-02T22:09:53.247+02:00 DEBUG 14904 --- [personal-finance-tracker] [           main] o.s.boot.SpringApplication               : Loading source class com.dauphine.pft.PersonalFinanceTrackerApplication
2026-06-02T22:09:53.372+02:00 DEBUG 14904 --- [personal-finance-tracker] [           main] ConfigServletWebServerApplicationContext : Refreshing org.springframework.boot.web.server.servlet.context.AnnotationConfigServletWebServerApplicationContext@7a1a3478
2026-06-02T22:09:55.285+02:00  INFO 14904 --- [personal-finance-tracker] [           main] .s.d.r.c.RepositoryConfigurationDelegate : Bootstrapping Spring Data JPA repositories in DEFAULT mode.
2026-06-02T22:09:55.315+02:00 DEBUG 14904 --- [personal-finance-tracker] [           main] o.s.b.a.AutoConfigurationPackages        : @EnableAutoConfiguration was declared on a class in the package 'com.dauphine.pft'. Automatic @Repository and @Entity scanning is enabled.
2026-06-02T22:09:55.376+02:00  INFO 14904 --- [personal-finance-tracker] [           main] .s.d.r.c.RepositoryConfigurationDelegate : Finished Spring Data repository scanning in 77 ms. Found 6 JPA repository interfaces.
2026-06-02T22:09:56.925+02:00 DEBUG 14904 --- [personal-finance-tracker] [           main] o.s.b.t.s.TomcatServletWebServerFactory  : Code archive: D:\personal-finance-tracker-backend\target\personal-finance-tracker-0.0.1-SNAPSHOT.jar
2026-06-02T22:09:56.937+02:00 DEBUG 14904 --- [personal-finance-tracker] [           main] o.s.b.t.s.TomcatServletWebServerFactory  : Code archive: D:\personal-finance-tracker-backend\target\personal-finance-tracker-0.0.1-SNAPSHOT.jar
2026-06-02T22:09:56.948+02:00 DEBUG 14904 --- [personal-finance-tracker] [           main] o.s.b.t.s.TomcatServletWebServerFactory  : None of the document roots [src/main/webapp, public, static] point to a directory and will be ignored.
2026-06-02T22:09:57.177+02:00  INFO 14904 --- [personal-finance-tracker] [           main] o.s.boot.tomcat.TomcatWebServer          : Tomcat initialized with port 8080 (http)
2026-06-02T22:09:57.202+02:00  INFO 14904 --- [personal-finance-tracker] [           main] o.apache.catalina.core.StandardService   : Starting service [Tomcat]
2026-06-02T22:09:57.202+02:00  INFO 14904 --- [personal-finance-tracker] [           main] o.apache.catalina.core.StandardEngine    : Starting Servlet engine: [Apache Tomcat/11.0.21]
2026-06-02T22:09:57.250+02:00 DEBUG 14904 --- [personal-finance-tracker] [           main] b.w.c.s.WebApplicationContextInitializer : Published root WebApplicationContext as ServletContext attribute with name [org.springframework.web.context.WebApplicationContext.ROOT]
2026-06-02T22:09:57.252+02:00  INFO 14904 --- [personal-finance-tracker] [           main] b.w.c.s.WebApplicationContextInitializer : Root WebApplicationContext: initialization completed in 3879 ms
2026-06-02T22:09:57.296+02:00 DEBUG 14904 --- [personal-finance-tracker] [           main] o.s.b.w.s.ServletContextInitializerBeans : Mapping filters: springSecurityFilterChain urls=[/*] order=-100, characterEncodingFilter urls=[/*] order=-2147483648, formContentFilter urls=[/*] order=-9900, requestContextFilter urls=[/*] order=-105, jwtAuthFilter urls=[/*] order=2147483647
2026-06-02T22:09:57.298+02:00 DEBUG 14904 --- [personal-finance-tracker] [           main] o.s.b.w.s.ServletContextInitializerBeans : Mapping servlets: dispatcherServlet urls=[/]
2026-06-02T22:09:57.334+02:00 DEBUG 14904 --- [personal-finance-tracker] [           main] o.s.b.s.f.OrderedRequestContextFilter    : Filter 'requestContextFilter' configured for use
2026-06-02T22:09:57.337+02:00 DEBUG 14904 --- [personal-finance-tracker] [           main] o.s.b.s.f.OrderedCharacterEncodingFilter : Filter 'characterEncodingFilter' configured for use
2026-06-02T22:09:57.338+02:00 DEBUG 14904 --- [personal-finance-tracker] [           main] .DelegatingFilterProxyRegistrationBean$1 : Filter 'springSecurityFilterChain' configured for use
2026-06-02T22:09:57.339+02:00 DEBUG 14904 --- [personal-finance-tracker] [           main] o.s.b.s.filter.OrderedFormContentFilter  : Filter 'formContentFilter' configured for use
2026-06-02T22:09:57.605+02:00  INFO 14904 --- [personal-finance-tracker] [           main] org.hibernate.orm.jpa                    : HHH008540: Processing PersistenceUnitInfo [name: default]
2026-06-02T22:09:57.730+02:00  INFO 14904 --- [personal-finance-tracker] [           main] org.hibernate.orm.core                   : HHH000001: Hibernate ORM core version 7.2.12.Final
2026-06-02T22:09:58.599+02:00  INFO 14904 --- [personal-finance-tracker] [           main] o.s.o.j.p.SpringPersistenceUnitInfo      : No LoadTimeWeaver setup: ignoring JPA class transformer
2026-06-02T22:09:58.649+02:00  WARN 14904 --- [personal-finance-tracker] [           main] com.zaxxer.hikari.HikariConfig           : HikariPool-1 - keepaliveTime is greater than or equal to maxLifetime, disabling it.
2026-06-02T22:09:58.649+02:00  INFO 14904 --- [personal-finance-tracker] [           main] com.zaxxer.hikari.HikariDataSource       : HikariPool-1 - Starting...
2026-06-02T22:10:00.026+02:00  INFO 14904 --- [personal-finance-tracker] [           main] com.zaxxer.hikari.pool.HikariPool        : HikariPool-1 - Added connection org.postgresql.jdbc.PgConnection@3883031d
2026-06-02T22:10:00.028+02:00  INFO 14904 --- [personal-finance-tracker] [           main] com.zaxxer.hikari.HikariDataSource       : HikariPool-1 - Start completed.
2026-06-02T22:10:00.530+02:00  INFO 14904 --- [personal-finance-tracker] [           main] org.hibernate.orm.connections.pooling    : HHH10001005: Database info:
	Database JDBC URL [jdbc:postgresql://aws-0-eu-west-1.pooler.supabase.com:5432/postgres]
	Database driver: PostgreSQL JDBC Driver
	Database dialect: PostgreSQLDialect
	Database version: 17.6
	Default catalog/schema: postgres/public
	Autocommit mode: undefined/unknown
	Isolation level: READ_COMMITTED [default READ_COMMITTED]
	JDBC fetch size: none
	Pool: DataSourceConnectionProvider
	Minimum pool size: undefined/unknown
	Maximum pool size: undefined/unknown
2026-06-02T22:10:03.331+02:00  INFO 14904 --- [personal-finance-tracker] [           main] org.hibernate.orm.core                   : HHH000489: No JTA platform available (set 'hibernate.transaction.jta.platform' to enable JTA platform integration)
2026-06-02T22:10:04.325+02:00  INFO 14904 --- [personal-finance-tracker] [           main] j.LocalContainerEntityManagerFactoryBean : Initialized JPA EntityManagerFactory for persistence unit 'default'
2026-06-02T22:10:04.888+02:00  INFO 14904 --- [personal-finance-tracker] [           main] o.s.d.j.r.query.QueryEnhancerFactories   : Hibernate is in classpath; If applicable, HQL parser will be used.
2026-06-02T22:10:08.180+02:00  WARN 14904 --- [personal-finance-tracker] [           main] JpaBaseConfiguration$JpaWebConfiguration : spring.jpa.open-in-view is enabled by default. Therefore, database queries may be performed during view rendering. Explicitly configure spring.jpa.open-in-view to disable this warning
2026-06-02T22:10:08.302+02:00  WARN 14904 --- [personal-finance-tracker] [           main] .s.a.UserDetailsServiceAutoConfiguration : 

Using generated security password: 64180e45-3be3-4d26-a893-31fc7e338d70

This generated password is for development use only. Your security configuration must be updated before running your application in production.

2026-06-02T22:10:08.319+02:00  INFO 14904 --- [personal-finance-tracker] [           main] r$InitializeUserDetailsManagerConfigurer : Global AuthenticationManager configured with UserDetailsService bean with name inMemoryUserDetailsManager
2026-06-02T22:10:08.796+02:00 DEBUG 14904 --- [personal-finance-tracker] [           main] s.w.s.m.m.a.RequestMappingHandlerMapping : 41 mappings in 'requestMappingHandlerMapping'
2026-06-02T22:10:08.855+02:00 DEBUG 14904 --- [personal-finance-tracker] [           main] o.s.w.s.handler.SimpleUrlHandlerMapping  : Patterns [/webjars/**, /**, /swagger-ui/**, /swagger-ui/*swagger-initializer.js, /webjars/*swagger-ui/**, /webjars/*swagger-ui/*swagger-initializer.js, /webjars/*swagger-ui/5.31.0/*swagger-initializer.js] in 'resourceHandlerMapping'
2026-06-02T22:10:08.914+02:00 DEBUG 14904 --- [personal-finance-tracker] [           main] s.w.s.m.m.a.RequestMappingHandlerAdapter : ControllerAdvice beans: 0 @ModelAttribute, 0 @InitBinder, 2 RequestBodyAdvice, 1 ResponseBodyAdvice
2026-06-02T22:10:08.979+02:00 DEBUG 14904 --- [personal-finance-tracker] [           main] .m.m.a.ExceptionHandlerExceptionResolver : ControllerAdvice beans: 2 @ExceptionHandler, 1 ResponseBodyAdvice
2026-06-02T22:10:09.365+02:00  INFO 14904 --- [personal-finance-tracker] [           main] o.s.boot.tomcat.TomcatWebServer          : Tomcat started on port 8080 (http) with context path '/'
2026-06-02T22:10:09.379+02:00 DEBUG 14904 --- [personal-finance-tracker] [           main] .s.b.a.l.ConditionEvaluationReportLogger : 


============================
CONDITIONS EVALUATION REPORT
============================


Positive matches:
-----------------

   AopAutoConfiguration matched:
      - @ConditionalOnBooleanProperty (spring.aop.auto=true) matched (OnPropertyCondition)

   AopAutoConfiguration.AspectJAutoProxyingConfiguration matched:
      - @ConditionalOnClass found required class 'org.aspectj.weaver.Advice' (OnClassCondition)

   AopAutoConfiguration.AspectJAutoProxyingConfiguration.CglibAutoProxyConfiguration matched:
      - @ConditionalOnBooleanProperty (spring.aop.proxy-target-class=true) matched (OnPropertyCondition)

   ApplicationAvailabilityAutoConfiguration#applicationAvailability matched:
      - @ConditionalOnMissingBean (types: org.springframework.boot.availability.ApplicationAvailability; SearchStrategy: all) did not find any beans (OnBeanCondition)

   DataJpaRepositoriesAutoConfiguration matched:
      - @ConditionalOnClass found required class 'org.springframework.data.jpa.repository.JpaRepository' (OnClassCondition)
      - @ConditionalOnBooleanProperty (spring.data.jpa.repositories.enabled=true) matched (OnPropertyCondition)
      - @ConditionalOnBean (types: javax.sql.DataSource; SearchStrategy: all) found bean 'dataSource'; @ConditionalOnMissingBean (types: org.springframework.data.jpa.repository.support.JpaRepositoryFactoryBean,org.springframework.data.jpa.repository.config.JpaRepositoryConfigExtension; SearchStrategy: all) did not find any beans (OnBeanCondition)

   DataSourceAutoConfiguration matched:
      - @ConditionalOnClass found required classes 'javax.sql.DataSource', 'org.springframework.jdbc.datasource.embedded.EmbeddedDatabaseType' (OnClassCondition)
      - @ConditionalOnMissingBean (types: io.r2dbc.spi.ConnectionFactory; SearchStrategy: all) did not find any beans (OnBeanCondition)

   DataSourceAutoConfiguration.PooledDataSourceConfiguration matched:
      - AnyNestedCondition 1 matched 1 did not; NestedCondition on DataSourceAutoConfiguration.PooledDataSourceCondition.PooledDataSourceAvailable PooledDataSource found supported DataSource; NestedCondition on DataSourceAutoConfiguration.PooledDataSourceCondition.ExplicitType @ConditionalOnProperty (spring.datasource.type) did not find property 'spring.datasource.type' (DataSourceAutoConfiguration.PooledDataSourceCondition)
      - @ConditionalOnMissingBean (types: javax.sql.DataSource,javax.sql.XADataSource; SearchStrategy: all) did not find any beans (OnBeanCondition)

   DataSourceAutoConfiguration.PooledDataSourceConfiguration#jdbcConnectionDetails matched:
      - @ConditionalOnMissingBean (types: org.springframework.boot.jdbc.autoconfigure.JdbcConnectionDetails; SearchStrategy: all) did not find any beans (OnBeanCondition)

   DataSourceConfiguration.Hikari matched:
      - @ConditionalOnClass found required class 'com.zaxxer.hikari.HikariDataSource' (OnClassCondition)
      - @ConditionalOnProperty (spring.datasource.type=com.zaxxer.hikari.HikariDataSource) matched (OnPropertyCondition)
      - @ConditionalOnMissingBean (types: javax.sql.DataSource; SearchStrategy: all) did not find any beans (OnBeanCondition)

   DataSourceInitializationAutoConfiguration matched:
      - @ConditionalOnClass found required class 'org.springframework.jdbc.datasource.init.DatabasePopulator' (OnClassCondition)
      - SQL InitializationDatabase Initialization default value is EMBEDDED (OnSqlInitializationCondition)
      - @ConditionalOnSingleCandidate (types: javax.sql.DataSource; SearchStrategy: all) found a single bean 'dataSource'; @ConditionalOnMissingBean (types: org.springframework.boot.sql.autoconfigure.init.ApplicationScriptDatabaseInitializer; SearchStrategy: all) did not find any beans (OnBeanCondition)

   DataSourcePoolMetadataProvidersConfiguration.HikariPoolDataSourceMetadataProviderConfiguration matched:
      - @ConditionalOnClass found required class 'com.zaxxer.hikari.HikariDataSource' (OnClassCondition)

   DataSourceTransactionManagerAutoConfiguration matched:
      - @ConditionalOnClass found required classes 'javax.sql.DataSource', 'org.springframework.jdbc.core.JdbcTemplate', 'org.springframework.transaction.TransactionManager' (OnClassCondition)

   DataSourceTransactionManagerAutoConfiguration.JdbcTransactionManagerConfiguration matched:
      - @ConditionalOnSingleCandidate (types: javax.sql.DataSource; SearchStrategy: all) found a single bean 'dataSource' (OnBeanCondition)

   DataWebAutoConfiguration matched:
      - @ConditionalOnClass found required classes 'org.springframework.data.web.PageableHandlerMethodArgumentResolver', 'org.springframework.web.servlet.config.annotation.WebMvcConfigurer' (OnClassCondition)
      - found 'session' scope (OnWebApplicationCondition)
      - @ConditionalOnMissingBean (types: org.springframework.data.web.PageableHandlerMethodArgumentResolver; SearchStrategy: all) did not find any beans (OnBeanCondition)

   DataWebAutoConfiguration#pageableCustomizer matched:
      - @ConditionalOnMissingBean (types: org.springframework.data.web.config.PageableHandlerMethodArgumentResolverCustomizer; SearchStrategy: all) did not find any beans (OnBeanCondition)

   DataWebAutoConfiguration#sortCustomizer matched:
      - @ConditionalOnMissingBean (types: org.springframework.data.web.config.SortHandlerMethodArgumentResolverCustomizer; SearchStrategy: all) did not find any beans (OnBeanCondition)

   DataWebAutoConfiguration#springDataWebSettings matched:
      - @ConditionalOnMissingBean (types: org.springframework.data.web.config.SpringDataWebSettings; SearchStrategy: all) did not find any beans (OnBeanCondition)

   DispatcherServletAutoConfiguration matched:
      - @ConditionalOnClass found required class 'org.springframework.web.servlet.DispatcherServlet' (OnClassCondition)
      - found 'session' scope (OnWebApplicationCondition)

   DispatcherServletAutoConfiguration.DispatcherServletConfiguration matched:
      - @ConditionalOnClass found required class 'jakarta.servlet.ServletRegistration' (OnClassCondition)
      - Default DispatcherServlet did not find dispatcher servlet beans (DispatcherServletAutoConfiguration.DefaultDispatcherServletCondition)

   DispatcherServletAutoConfiguration.DispatcherServletRegistrationConfiguration matched:
      - @ConditionalOnClass found required class 'jakarta.servlet.ServletRegistration' (OnClassCondition)
      - DispatcherServlet Registration did not find servlet registration bean (DispatcherServletAutoConfiguration.DispatcherServletRegistrationCondition)

   DispatcherServletAutoConfiguration.DispatcherServletRegistrationConfiguration#dispatcherServletRegistration matched:
      - @ConditionalOnBean (names: dispatcherServlet types: org.springframework.web.servlet.DispatcherServlet; SearchStrategy: all) found bean 'dispatcherServlet' (OnBeanCondition)

   ErrorMvcAutoConfiguration matched:
      - @ConditionalOnClass found required classes 'jakarta.servlet.Servlet', 'org.springframework.web.servlet.DispatcherServlet' (OnClassCondition)
      - found 'session' scope (OnWebApplicationCondition)

   ErrorMvcAutoConfiguration#basicErrorController matched:
      - @ConditionalOnMissingBean (types: org.springframework.boot.webmvc.error.ErrorController; SearchStrategy: current) did not find any beans (OnBeanCondition)

   ErrorMvcAutoConfiguration#errorAttributes matched:
      - @ConditionalOnMissingBean (types: org.springframework.boot.webmvc.error.ErrorAttributes; SearchStrategy: current) did not find any beans (OnBeanCondition)

   ErrorMvcAutoConfiguration.DefaultErrorViewResolverConfiguration#conventionErrorViewResolver matched:
      - @ConditionalOnBean (types: org.springframework.web.servlet.DispatcherServlet; SearchStrategy: all) found bean 'dispatcherServlet'; @ConditionalOnMissingBean (types: org.springframework.boot.webmvc.autoconfigure.error.ErrorViewResolver; SearchStrategy: all) did not find any beans (OnBeanCondition)

   ErrorMvcAutoConfiguration.WhitelabelErrorViewConfiguration matched:
      - @ConditionalOnBooleanProperty (spring.web.error.whitelabel.enabled=true) matched (OnPropertyCondition)
      - ErrorTemplate Missing did not find error template view (ErrorMvcAutoConfiguration.ErrorTemplateMissingCondition)

   ErrorMvcAutoConfiguration.WhitelabelErrorViewConfiguration#beanNameViewResolver matched:
      - @ConditionalOnMissingBean (types: org.springframework.web.servlet.view.BeanNameViewResolver; SearchStrategy: all) did not find any beans (OnBeanCondition)

   ErrorMvcAutoConfiguration.WhitelabelErrorViewConfiguration#defaultErrorView matched:
      - @ConditionalOnMissingBean (names: error; SearchStrategy: all) did not find any beans (OnBeanCondition)

   HibernateJpaAutoConfiguration matched:
      - @ConditionalOnClass found required classes 'org.springframework.orm.jpa.LocalContainerEntityManagerFactoryBean', 'jakarta.persistence.EntityManager', 'org.hibernate.engine.spi.SessionImplementor' (OnClassCondition)

   HibernateJpaConfiguration matched:
      - @ConditionalOnSingleCandidate (types: javax.sql.DataSource; SearchStrategy: all) found a single bean 'dataSource' (OnBeanCondition)

   HttpEncodingAutoConfiguration matched:
      - @ConditionalOnClass found required class 'org.springframework.web.filter.CharacterEncodingFilter' (OnClassCondition)
      - found 'session' scope (OnWebApplicationCondition)
      - @ConditionalOnBooleanProperty (spring.servlet.encoding.enabled=true) matched (OnPropertyCondition)

   HttpEncodingAutoConfiguration#characterEncodingFilter matched:
      - @ConditionalOnMissingBean (types: org.springframework.web.filter.CharacterEncodingFilter; SearchStrategy: all) did not find any beans (OnBeanCondition)

   HttpMessageConvertersAutoConfiguration matched:
      - @ConditionalOnClass found required class 'org.springframework.http.converter.HttpMessageConverter' (OnClassCondition)
      - NoneNestedConditions 0 matched 1 did not; NestedCondition on HttpMessageConvertersAutoConfiguration.NotReactiveWebApplicationCondition.ReactiveWebApplication did not find reactive web application classes (HttpMessageConvertersAutoConfiguration.NotReactiveWebApplicationCondition)

   HttpMessageConvertersAutoConfiguration.StringHttpMessageConverterConfiguration#stringHttpMessageConvertersCustomizer matched:
      - @ConditionalOnMissingBean (types: org.springframework.http.converter.StringHttpMessageConverter; SearchStrategy: all) did not find any beans (OnBeanCondition)

   JacksonAutoConfiguration matched:
      - @ConditionalOnClass found required class 'tools.jackson.databind.json.JsonMapper' (OnClassCondition)

   JacksonAutoConfiguration#jacksonJsonMapper matched:
      - @ConditionalOnMissingBean (types: tools.jackson.databind.json.JsonMapper; SearchStrategy: all) did not find any beans (OnBeanCondition)

   JacksonAutoConfiguration#jsonMapperBuilder matched:
      - @ConditionalOnMissingBean (types: tools.jackson.databind.json.JsonMapper$Builder; SearchStrategy: all) did not find any beans (OnBeanCondition)

   JacksonAutoConfiguration.JsonProblemDetailsConfiguration matched:
      - @ConditionalOnClass found required class 'org.springframework.http.ProblemDetail' (OnClassCondition)

   JacksonHttpMessageConvertersConfiguration.JacksonJsonHttpMessageConverterConfiguration matched:
      - @ConditionalOnClass found required class 'tools.jackson.databind.json.JsonMapper' (OnClassCondition)
      - @ConditionalOnProperty (spring.http.converters.preferred-json-mapper=jackson) matched (OnPropertyCondition)
      - @ConditionalOnBean (types: tools.jackson.databind.json.JsonMapper; SearchStrategy: all) found bean 'jacksonJsonMapper' (OnBeanCondition)

   JacksonHttpMessageConvertersConfiguration.JacksonJsonHttpMessageConverterConfiguration#jacksonJsonHttpMessageConvertersCustomizer matched:
      - @ConditionalOnMissingBean (types: org.springframework.http.converter.json.JacksonJsonHttpMessageConverter ignored: org.springframework.hateoas.server.mvc.TypeConstrainedJacksonJsonHttpMessageConverter,org.springframework.data.rest.webmvc.alps.AlpsJacksonJsonHttpMessageConverter; SearchStrategy: all) did not find any beans (OnBeanCondition)

   JdbcClientAutoConfiguration matched:
      - @ConditionalOnSingleCandidate (types: org.springframework.jdbc.core.namedparam.NamedParameterJdbcTemplate; SearchStrategy: all) found a single bean 'namedParameterJdbcTemplate'; @ConditionalOnMissingBean (types: org.springframework.jdbc.core.simple.JdbcClient; SearchStrategy: all) did not find any beans (OnBeanCondition)

   JdbcTemplateAutoConfiguration matched:
      - @ConditionalOnClass found required classes 'javax.sql.DataSource', 'org.springframework.jdbc.core.JdbcTemplate' (OnClassCondition)
      - @ConditionalOnSingleCandidate (types: javax.sql.DataSource; SearchStrategy: all) found a single bean 'dataSource' (OnBeanCondition)

   JdbcTemplateConfiguration matched:
      - @ConditionalOnMissingBean (types: org.springframework.jdbc.core.JdbcOperations; SearchStrategy: all) did not find any beans (OnBeanCondition)

   JpaBaseConfiguration#entityManagerFactory matched:
      - @ConditionalOnMissingBean (types: org.springframework.orm.jpa.LocalContainerEntityManagerFactoryBean,jakarta.persistence.EntityManagerFactory; SearchStrategy: all) did not find any beans (OnBeanCondition)

   JpaBaseConfiguration#entityManagerFactoryBuilder matched:
      - @ConditionalOnMissingBean (types: org.springframework.boot.jpa.EntityManagerFactoryBuilder; SearchStrategy: all) did not find any beans (OnBeanCondition)

   JpaBaseConfiguration#jpaVendorAdapter matched:
      - @ConditionalOnMissingBean (types: org.springframework.orm.jpa.JpaVendorAdapter; SearchStrategy: all) did not find any beans (OnBeanCondition)

   JpaBaseConfiguration#transactionManager matched:
      - @ConditionalOnMissingBean (types: org.springframework.transaction.TransactionManager; SearchStrategy: all) did not find any beans (OnBeanCondition)

   JpaBaseConfiguration.JpaWebConfiguration matched:
      - @ConditionalOnClass found required class 'org.springframework.web.servlet.config.annotation.WebMvcConfigurer' (OnClassCondition)
      - found 'session' scope (OnWebApplicationCondition)
      - @ConditionalOnBooleanProperty (spring.jpa.open-in-view=true) matched (OnPropertyCondition)
      - @ConditionalOnMissingBean (types: org.springframework.orm.jpa.support.OpenEntityManagerInViewInterceptor,org.springframework.orm.jpa.support.OpenEntityManagerInViewFilter; SearchStrategy: all) did not find any beans (OnBeanCondition)

   JpaBaseConfiguration.PersistenceManagedTypesConfiguration matched:
      - @ConditionalOnMissingBean (types: org.springframework.orm.jpa.LocalContainerEntityManagerFactoryBean,jakarta.persistence.EntityManagerFactory; SearchStrategy: all) did not find any beans (OnBeanCondition)

   JpaBaseConfiguration.PersistenceManagedTypesConfiguration#persistenceManagedTypes matched:
      - @ConditionalOnMissingBean (types: org.springframework.orm.jpa.persistenceunit.PersistenceManagedTypes; SearchStrategy: all) did not find any beans (OnBeanCondition)

   JtaAutoConfiguration matched:
      - @ConditionalOnClass found required class 'jakarta.transaction.Transaction' (OnClassCondition)
      - @ConditionalOnBooleanProperty (spring.jta.enabled=true) matched (OnPropertyCondition)

   LifecycleAutoConfiguration#defaultLifecycleProcessor matched:
      - @ConditionalOnMissingBean (names: lifecycleProcessor; SearchStrategy: current) did not find any beans (OnBeanCondition)

   MultipartAutoConfiguration matched:
      - @ConditionalOnClass found required classes 'jakarta.servlet.Servlet', 'org.springframework.web.multipart.support.StandardServletMultipartResolver', 'jakarta.servlet.MultipartConfigElement' (OnClassCondition)
      - found 'session' scope (OnWebApplicationCondition)
      - @ConditionalOnBooleanProperty (spring.servlet.multipart.enabled=true) matched (OnPropertyCondition)

   MultipartAutoConfiguration#multipartConfigElement matched:
      - @ConditionalOnMissingBean (types: jakarta.servlet.MultipartConfigElement; SearchStrategy: all) did not find any beans (OnBeanCondition)

   MultipartAutoConfiguration#multipartResolver matched:
      - @ConditionalOnMissingBean (types: org.springframework.web.multipart.MultipartResolver; SearchStrategy: all) did not find any beans (OnBeanCondition)

   NamedParameterJdbcTemplateConfiguration matched:
      - @ConditionalOnSingleCandidate (types: org.springframework.jdbc.core.JdbcTemplate; SearchStrategy: all) found a single bean 'jdbcTemplate'; @ConditionalOnMissingBean (types: org.springframework.jdbc.core.namedparam.NamedParameterJdbcOperations; SearchStrategy: all) did not find any beans (OnBeanCondition)

   PersistenceExceptionTranslationAutoConfiguration matched:
      - @ConditionalOnClass found required class 'org.springframework.dao.annotation.PersistenceExceptionTranslationPostProcessor' (OnClassCondition)

   PersistenceExceptionTranslationAutoConfiguration#persistenceExceptionTranslationPostProcessor matched:
      - @ConditionalOnBooleanProperty (spring.persistence.exceptiontranslation.enabled=true) matched (OnPropertyCondition)
      - @ConditionalOnMissingBean (types: org.springframework.dao.annotation.PersistenceExceptionTranslationPostProcessor; SearchStrategy: all) did not find any beans (OnBeanCondition)

   PropertyPlaceholderAutoConfiguration#propertySourcesPlaceholderConfigurer matched:
      - @ConditionalOnMissingBean (types: org.springframework.context.support.PropertySourcesPlaceholderConfigurer; SearchStrategy: current) did not find any beans (OnBeanCondition)

   SecurityAutoConfiguration matched:
      - @ConditionalOnClass found required class 'org.springframework.security.authentication.DefaultAuthenticationEventPublisher' (OnClassCondition)

   SecurityAutoConfiguration#authenticationEventPublisher matched:
      - @ConditionalOnMissingBean (types: org.springframework.security.authentication.AuthenticationEventPublisher; SearchStrategy: all) did not find any beans (OnBeanCondition)

   SecurityFilterAutoConfiguration matched:
      - @ConditionalOnClass found required classes 'org.springframework.security.web.context.AbstractSecurityWebApplicationInitializer', 'org.springframework.security.config.http.SessionCreationPolicy' (OnClassCondition)
      - found 'session' scope (OnWebApplicationCondition)

   SecurityFilterAutoConfiguration#securityFilterChainRegistration matched:
      - @ConditionalOnBean (names: springSecurityFilterChain; SearchStrategy: all) found bean 'springSecurityFilterChain' (OnBeanCondition)

   ServletWebSecurityAutoConfiguration matched:
      - @ConditionalOnClass found required class 'org.springframework.security.config.annotation.web.configuration.EnableWebSecurity' (OnClassCondition)
      - found 'session' scope (OnWebApplicationCondition)

   ServletWebSecurityAutoConfiguration.PathPatternRequestMatcherBuilderConfiguration matched:
      - @ConditionalOnClass found required class 'org.springframework.boot.webmvc.autoconfigure.DispatcherServletPath' (OnClassCondition)
      - @ConditionalOnBean (types: org.springframework.boot.webmvc.autoconfigure.DispatcherServletPath; SearchStrategy: all) found bean 'dispatcherServletRegistration' (OnBeanCondition)

   ServletWebSecurityAutoConfiguration.PathPatternRequestMatcherBuilderConfiguration#pathPatternRequestMatcherBuilder matched:
      - @ConditionalOnMissingBean (types: org.springframework.security.web.servlet.util.matcher.PathPatternRequestMatcher$Builder; SearchStrategy: all) did not find any beans (OnBeanCondition)

   SpringDocConfigProperties matched:
      - @ConditionalOnProperty (springdoc.api-docs.enabled) matched (OnPropertyCondition)
      - @ConditionalOnBean (types: org.springdoc.core.configuration.SpringDocConfiguration; SearchStrategy: all) found bean 'org.springdoc.core.configuration.SpringDocConfiguration' (OnBeanCondition)

   SpringDocConfiguration matched:
      - @ConditionalOnWebApplication (required) found 'session' scope (OnWebApplicationCondition)
      - @ConditionalOnProperty (springdoc.api-docs.enabled) matched (OnPropertyCondition)

   SpringDocConfiguration#fileSupportConverter matched:
      - @ConditionalOnMissingBean (types: org.springdoc.core.converters.FileSupportConverter; SearchStrategy: all) did not find any beans (OnBeanCondition)

   SpringDocConfiguration#globalOpenApiCustomizer matched:
      - @ConditionalOnMissingBean (names: globalOpenApiCustomizer; SearchStrategy: all) did not find any beans (OnBeanCondition)

   SpringDocConfiguration#initExtraSchemas matched:
      - @ConditionalOnProperty (springdoc.enable-extra-schemas) matched (OnPropertyCondition)

   SpringDocConfiguration#methodParameterPojoExtractor matched:
      - @ConditionalOnMissingBean (types: org.springdoc.core.extractor.MethodParameterPojoExtractor; SearchStrategy: all) did not find any beans (OnBeanCondition)

   SpringDocConfiguration#openAPIBuilder matched:
      - @ConditionalOnMissingBean (types: org.springdoc.core.service.OpenAPIService; SearchStrategy: all) did not find any beans (OnBeanCondition)

   SpringDocConfiguration#operationBuilder matched:
      - @ConditionalOnMissingBean (types: org.springdoc.core.service.OperationService; SearchStrategy: all) did not find any beans (OnBeanCondition)

   SpringDocConfiguration#parameterBuilder matched:
      - @ConditionalOnMissingBean (types: org.springdoc.core.service.GenericParameterService; SearchStrategy: all) did not find any beans (OnBeanCondition)

   SpringDocConfiguration#parameterObjectNamingStrategyCustomizer matched:
      - @ConditionalOnMissingBean (types: org.springdoc.core.customizers.ParameterObjectNamingStrategyCustomizer; SearchStrategy: all) did not find any beans (OnBeanCondition)

   SpringDocConfiguration#polymorphicModelConverter matched:
      - @ConditionalOnProperty (springdoc.model-converters.polymorphic-converter.enabled) matched (OnPropertyCondition)
      - @ConditionalOnMissingBean (types: org.springdoc.core.converters.PolymorphicModelConverter; SearchStrategy: all) did not find any beans (OnBeanCondition)

   SpringDocConfiguration#requestBodyBuilder matched:
      - @ConditionalOnMissingBean (types: org.springdoc.core.service.RequestBodyService; SearchStrategy: all) did not find any beans (OnBeanCondition)

   SpringDocConfiguration#responseSupportConverter matched:
      - @ConditionalOnMissingBean (types: org.springdoc.core.converters.ResponseSupportConverter; SearchStrategy: all) did not find any beans (OnBeanCondition)

   SpringDocConfiguration#schemaPropertyDeprecatingConverter matched:
      - @ConditionalOnProperty (springdoc.model-converters.deprecating-converter.enabled) matched (OnPropertyCondition)
      - @ConditionalOnMissingBean (types: org.springdoc.core.converters.SchemaPropertyDeprecatingConverter; SearchStrategy: all) did not find any beans (OnBeanCondition)

   SpringDocConfiguration#schemaUtils matched:
      - @ConditionalOnMissingBean (types: org.springdoc.core.utils.SchemaUtils; SearchStrategy: all) did not find any beans (OnBeanCondition)

   SpringDocConfiguration#securityParser matched:
      - @ConditionalOnMissingBean (types: org.springdoc.core.service.SecurityService; SearchStrategy: all) did not find any beans (OnBeanCondition)

   SpringDocConfiguration#springDocAppInitializer matched:
      - @ConditionalOnMissingBean (names: springDocAppInitializer; SearchStrategy: all) did not find any beans (OnBeanCondition)

   SpringDocConfiguration#springDocCustomizers matched:
      - @ConditionalOnMissingBean (types: org.springdoc.core.customizers.SpringDocCustomizers; SearchStrategy: all) did not find any beans (OnBeanCondition)

   SpringDocConfiguration#springDocProviders matched:
      - @ConditionalOnMissingBean (types: org.springdoc.core.providers.SpringDocProviders; SearchStrategy: all) did not find any beans (OnBeanCondition)

   SpringDocConfiguration#springdocObjectMapperProvider matched:
      - @ConditionalOnMissingBean (types: org.springdoc.core.providers.ObjectMapperProvider; SearchStrategy: all) did not find any beans (OnBeanCondition)

   SpringDocConfiguration.QuerydslProvider matched:
      - @ConditionalOnClass found required class 'org.springframework.data.querydsl.binding.QuerydslBindingsFactory' (OnClassCondition)

   SpringDocConfiguration.QuerydslProvider#queryDslQuerydslPredicateOperationCustomizer matched:
      - @ConditionalOnMissingBean (types: org.springdoc.core.customizers.QuerydslPredicateOperationCustomizer; SearchStrategy: all) did not find any beans (OnBeanCondition)

   SpringDocConfiguration.SpringDocSpringDataWebPropertiesProvider matched:
      - @ConditionalOnClass found required class 'org.springframework.boot.data.autoconfigure.web.DataWebProperties' (OnClassCondition)

   SpringDocConfiguration.SpringDocSpringDataWebPropertiesProvider#springDataWebPropertiesProvider matched:
      - @ConditionalOnMissingBean (types: org.springdoc.core.providers.SpringDataWebPropertiesProvider; SearchStrategy: all) did not find any beans (OnBeanCondition)

   SpringDocConfiguration.WebConversionServiceConfiguration matched:
      - @ConditionalOnClass found required class 'org.springframework.boot.autoconfigure.web.format.WebConversionService' (OnClassCondition)

   SpringDocPageableConfiguration matched:
      - @ConditionalOnClass found required class 'org.springframework.data.domain.Pageable' (OnClassCondition)
      - @ConditionalOnWebApplication (required) found 'session' scope (OnWebApplicationCondition)
      - @ConditionalOnProperty (springdoc.api-docs.enabled) matched (OnPropertyCondition)
      - @ConditionalOnBean (types: org.springdoc.core.configuration.SpringDocConfiguration; SearchStrategy: all) found bean 'org.springdoc.core.configuration.SpringDocConfiguration' (OnBeanCondition)

   SpringDocPageableConfiguration#dataRestDelegatingMethodParameterCustomizer matched:
      - @ConditionalOnMissingBean (types: org.springdoc.core.customizers.DataRestDelegatingMethodParameterCustomizer; SearchStrategy: all) did not find any beans (OnBeanCondition)

   SpringDocPageableConfiguration#pageOpenAPIConverter matched:
      - @ConditionalOnClass found required classes 'org.springframework.data.web.PagedModel', 'org.springframework.data.web.config.SpringDataWebSettings' (OnClassCondition)
      - @ConditionalOnMissingBean (types: org.springdoc.core.converters.PageOpenAPIConverter; SearchStrategy: all) did not find any beans (OnBeanCondition)

   SpringDocPageableConfiguration#pageableOpenAPIConverter matched:
      - @ConditionalOnProperty (springdoc.model-converters.pageable-converter.enabled) matched (OnPropertyCondition)
      - @ConditionalOnMissingBean (types: org.springdoc.core.converters.PageableOpenAPIConverter; SearchStrategy: all) did not find any beans (OnBeanCondition)

   SpringDocSecurityConfiguration matched:
      - @ConditionalOnClass found required class 'org.springframework.security.web.SecurityFilterChain' (OnClassCondition)
      - @ConditionalOnWebApplication (required) found 'session' scope (OnWebApplicationCondition)
      - @ConditionalOnExpression (#{${springdoc.api-docs.enabled:true} and ${springdoc.enable-spring-security:true}}) resulted in true (OnExpressionCondition)
      - @ConditionalOnBean (types: org.springdoc.core.configuration.SpringDocConfiguration; SearchStrategy: all) found bean 'org.springdoc.core.configuration.SpringDocConfiguration' (OnBeanCondition)

   SpringDocSecurityConfiguration.SpringSecurityLoginEndpointConfiguration matched:
      - @ConditionalOnClass found required class 'jakarta.servlet.Filter' (OnClassCondition)

   SpringDocSortConfiguration matched:
      - @ConditionalOnClass found required class 'org.springframework.data.domain.Sort' (OnClassCondition)
      - @ConditionalOnWebApplication (required) found 'session' scope (OnWebApplicationCondition)
      - @ConditionalOnProperty (springdoc.api-docs.enabled) matched (OnPropertyCondition)
      - @ConditionalOnBean (types: org.springdoc.core.configuration.SpringDocConfiguration; SearchStrategy: all) found bean 'org.springdoc.core.configuration.SpringDocConfiguration' (OnBeanCondition)

   SpringDocSortConfiguration#sortOpenAPIConverter matched:
      - @ConditionalOnProperty (springdoc.sort-converter.enabled) matched (OnPropertyCondition)
      - @ConditionalOnMissingBean (types: org.springdoc.core.converters.SortOpenAPIConverter; SearchStrategy: all) did not find any beans (OnBeanCondition)

   SpringDocWebMvcConfiguration matched:
      - found 'session' scope (OnWebApplicationCondition)
      - @ConditionalOnProperty (springdoc.api-docs.enabled) matched (OnPropertyCondition)
      - @ConditionalOnBean (types: org.springdoc.core.configuration.SpringDocConfiguration; SearchStrategy: all) found bean 'org.springdoc.core.configuration.SpringDocConfiguration' (OnBeanCondition)

   SpringDocWebMvcConfiguration#openApiResource matched:
      - @ConditionalOnExpression (#{(${springdoc.use-management-port:false} == false ) and ${springdoc.enable-default-api-docs:true}}) resulted in true (OnExpressionCondition)
      - @ConditionalOnMissingBean (types: org.springdoc.webmvc.api.OpenApiWebMvcResource; SearchStrategy: all) did not find any beans (OnBeanCondition)

   SpringDocWebMvcConfiguration#requestBuilder matched:
      - @ConditionalOnMissingBean (types: org.springdoc.webmvc.core.service.RequestService; SearchStrategy: all) did not find any beans (OnBeanCondition)

   SpringDocWebMvcConfiguration#responseBuilder matched:
      - @ConditionalOnMissingBean (types: org.springdoc.core.service.GenericResponseService; SearchStrategy: all) did not find any beans (OnBeanCondition)

   SpringDocWebMvcConfiguration#springWebProvider matched:
      - @ConditionalOnMissingBean (types: org.springdoc.core.providers.SpringWebProvider; SearchStrategy: all) did not find any beans (OnBeanCondition)

   SpringDocWebMvcConfiguration.SpringDocWebMvcActuatorConfiguration matched:
      - @ConditionalOnClass found required class 'org.springframework.boot.webmvc.actuate.endpoint.web.WebMvcEndpointHandlerMapping' (OnClassCondition)

   SpringDocWebMvcConfiguration.SpringDocWebMvcRouterConfiguration matched:
      - @ConditionalOnClass found required class 'org.springframework.web.servlet.function.RouterFunction' (OnClassCondition)

   SpringDocWebMvcConfiguration.SpringDocWebMvcRouterConfiguration#routerFunctionProvider matched:
      - @ConditionalOnMissingBean (types: org.springdoc.webmvc.core.providers.RouterFunctionWebMvcProvider; SearchStrategy: all) did not find any beans (OnBeanCondition)

   SpringDocWebServerConfiguration.EmbeddedWebServerConfiguration matched:
      - @ConditionalOnClass found required classes 'org.springframework.boot.web.server.context.WebServerInitializedEvent', 'org.springframework.boot.web.server.autoconfigure.ServerProperties' (OnClassCondition)

   SslAutoConfiguration#sslBundleRegistry matched:
      - @ConditionalOnMissingBean (types: org.springframework.boot.ssl.SslBundleRegistry,org.springframework.boot.ssl.SslBundles; SearchStrategy: all) did not find any beans (OnBeanCondition)

   SwaggerConfig matched:
      - found 'session' scope (OnWebApplicationCondition)
      - @ConditionalOnProperty (springdoc.swagger-ui.enabled) matched (OnPropertyCondition)
      - @ConditionalOnBean (types: org.springdoc.core.configuration.SpringDocConfiguration; SearchStrategy: all) found bean 'org.springdoc.core.configuration.SpringDocConfiguration' (OnBeanCondition)

   SwaggerConfig#indexPageTransformer matched:
      - @ConditionalOnMissingBean (types: org.springdoc.webmvc.ui.SwaggerIndexTransformer; SearchStrategy: all) did not find any beans (OnBeanCondition)

   SwaggerConfig#springDocSwaggerInitializer matched:
      - @ConditionalOnProperty (springdoc.use-management-port=false) matched (OnPropertyCondition)
      - @ConditionalOnMissingBean (names: springDocSwaggerInitializer; SearchStrategy: all) did not find any beans (OnBeanCondition)

   SwaggerConfig#swaggerConfigResource matched:
      - @ConditionalOnProperty (springdoc.use-management-port=false) matched (OnPropertyCondition)
      - @ConditionalOnMissingBean (types: org.springdoc.webmvc.ui.SwaggerConfigResource; SearchStrategy: all) did not find any beans (OnBeanCondition)

   SwaggerConfig#swaggerResourceResolver matched:
      - @ConditionalOnMissingBean (types: org.springdoc.webmvc.ui.SwaggerResourceResolver; SearchStrategy: all) did not find any beans (OnBeanCondition)

   SwaggerConfig#swaggerWebMvcConfigurer matched:
      - @ConditionalOnMissingBean (types: org.springdoc.webmvc.ui.SwaggerWebMvcConfigurer; SearchStrategy: all) did not find any beans (OnBeanCondition)

   SwaggerConfig#swaggerWelcome matched:
      - @ConditionalOnProperty (springdoc.use-management-port=false) matched (OnPropertyCondition)
      - @ConditionalOnMissingBean (types: org.springdoc.webmvc.ui.SwaggerWelcomeWebMvc; SearchStrategy: all) did not find any beans (OnBeanCondition)

   SwaggerUiConfigProperties matched:
      - @ConditionalOnProperty (springdoc.swagger-ui.enabled) matched (OnPropertyCondition)
      - @ConditionalOnBean (types: org.springdoc.core.configuration.SpringDocConfiguration; SearchStrategy: all) found bean 'org.springdoc.core.configuration.SpringDocConfiguration' (OnBeanCondition)

   SwaggerUiOAuthProperties matched:
      - @ConditionalOnProperty (springdoc.swagger-ui.enabled) matched (OnPropertyCondition)
      - @ConditionalOnBean (types: org.springdoc.core.configuration.SpringDocConfiguration; SearchStrategy: all) found bean 'org.springdoc.core.configuration.SpringDocConfiguration' (OnBeanCondition)

   TaskExecutionAutoConfiguration matched:
      - @ConditionalOnClass found required class 'org.springframework.scheduling.concurrent.ThreadPoolTaskExecutor' (OnClassCondition)

   TaskExecutorConfigurations.AsyncConfigurerConfiguration matched:
      - @ConditionalOnMissingBean (types: org.springframework.scheduling.annotation.AsyncConfigurer; SearchStrategy: all) did not find any beans (OnBeanCondition)

   TaskExecutorConfigurations.SimpleAsyncTaskExecutorBuilderConfiguration#simpleAsyncTaskExecutorBuilder matched:
      - @ConditionalOnMissingBean (types: org.springframework.boot.task.SimpleAsyncTaskExecutorBuilder; SearchStrategy: all) did not find any beans (OnBeanCondition)
      - @ConditionalOnThreading found PLATFORM (OnThreadingCondition)

   TaskExecutorConfigurations.TaskExecutorConfiguration matched:
      - AnyNestedCondition 1 matched 1 did not; NestedCondition on TaskExecutorConfigurations.OnExecutorCondition.ModelCondition @ConditionalOnProperty (spring.task.execution.mode=force) did not find property 'spring.task.execution.mode'; NestedCondition on TaskExecutorConfigurations.OnExecutorCondition.ExecutorBeanCondition @ConditionalOnMissingBean (types: java.util.concurrent.Executor; SearchStrategy: all) did not find any beans (TaskExecutorConfigurations.OnExecutorCondition)

   TaskExecutorConfigurations.TaskExecutorConfiguration#applicationTaskExecutor matched:
      - @ConditionalOnThreading found PLATFORM (OnThreadingCondition)

   TaskExecutorConfigurations.ThreadPoolTaskExecutorBuilderConfiguration#threadPoolTaskExecutorBuilder matched:
      - @ConditionalOnMissingBean (types: org.springframework.boot.task.ThreadPoolTaskExecutorBuilder; SearchStrategy: all) did not find any beans (OnBeanCondition)

   TaskSchedulingAutoConfiguration matched:
      - @ConditionalOnClass found required class 'org.springframework.scheduling.concurrent.ThreadPoolTaskScheduler' (OnClassCondition)

   TaskSchedulingConfigurations.SimpleAsyncTaskSchedulerBuilderConfiguration#simpleAsyncTaskSchedulerBuilder matched:
      - @ConditionalOnMissingBean (types: org.springframework.boot.task.SimpleAsyncTaskSchedulerBuilder; SearchStrategy: all) did not find any beans (OnBeanCondition)
      - @ConditionalOnThreading found PLATFORM (OnThreadingCondition)

   TaskSchedulingConfigurations.ThreadPoolTaskSchedulerBuilderConfiguration#threadPoolTaskSchedulerBuilder matched:
      - @ConditionalOnMissingBean (types: org.springframework.boot.task.ThreadPoolTaskSchedulerBuilder; SearchStrategy: all) did not find any beans (OnBeanCondition)

   TomcatServletWebServerAutoConfiguration matched:
      - @ConditionalOnClass found required classes 'jakarta.servlet.ServletRequest', 'org.apache.catalina.startup.Tomcat', 'org.apache.coyote.UpgradeProtocol', 'org.springframework.boot.tomcat.servlet.TomcatServletWebServerFactory' (OnClassCondition)
      - found 'session' scope (OnWebApplicationCondition)

   TomcatServletWebServerAutoConfiguration#tomcatServletWebServerFactory matched:
      - @ConditionalOnMissingBean (types: org.springframework.boot.web.server.servlet.ServletWebServerFactory; SearchStrategy: current) did not find any beans (OnBeanCondition)

   TomcatWebServerConfiguration matched:
      - @ConditionalOnWarDeployment the application is not deployed as a WAR file. (OnWarDeploymentCondition)

   TomcatWebServerConfiguration.TomcatWebSocketConfiguration matched:
      - @ConditionalOnClass found required class 'org.apache.tomcat.websocket.server.WsSci' (OnClassCondition)

   TransactionAutoConfiguration matched:
      - @ConditionalOnClass found required class 'org.springframework.transaction.PlatformTransactionManager' (OnClassCondition)

   TransactionAutoConfiguration.EnableTransactionManagementConfiguration matched:
      - @ConditionalOnBean (types: org.springframework.transaction.TransactionManager; SearchStrategy: all) found bean 'transactionManager'; @ConditionalOnMissingBean (types: org.springframework.transaction.annotation.AbstractTransactionManagementConfiguration; SearchStrategy: all) did not find any beans (OnBeanCondition)

   TransactionAutoConfiguration.EnableTransactionManagementConfiguration.CglibAutoProxyConfiguration matched:
      - @ConditionalOnBooleanProperty (spring.aop.proxy-target-class=true) matched (OnPropertyCondition)

   TransactionAutoConfiguration.TransactionTemplateConfiguration matched:
      - @ConditionalOnSingleCandidate (types: org.springframework.transaction.PlatformTransactionManager; SearchStrategy: all) found a single bean 'transactionManager' (OnBeanCondition)

   TransactionAutoConfiguration.TransactionTemplateConfiguration#transactionTemplate matched:
      - @ConditionalOnMissingBean (types: org.springframework.transaction.support.TransactionOperations; SearchStrategy: all) did not find any beans (OnBeanCondition)

   TransactionManagerCustomizationAutoConfiguration matched:
      - @ConditionalOnClass found required class 'org.springframework.transaction.PlatformTransactionManager' (OnClassCondition)

   TransactionManagerCustomizationAutoConfiguration#platformTransactionManagerCustomizers matched:
      - @ConditionalOnMissingBean (types: org.springframework.boot.transaction.autoconfigure.TransactionManagerCustomizers; SearchStrategy: all) did not find any beans (OnBeanCondition)

   UserDetailsServiceAutoConfiguration matched:
      - @ConditionalOnClass found required class 'org.springframework.security.authentication.AuthenticationManager' (OnClassCondition)
      - found 'session' scope (OnWebApplicationCondition)
      - AnyNestedCondition 1 matched 2 did not; NestedCondition on MissingAlternativeUserDetailsManagerOrUserPropertiesConfigured.PasswordConfigured @ConditionalOnProperty (spring.security.user.password) did not find property 'spring.security.user.password'; NestedCondition on MissingAlternativeUserDetailsManagerOrUserPropertiesConfigured.NameConfigured @ConditionalOnProperty (spring.security.user.name) did not find property 'spring.security.user.name'; NestedCondition on MissingAlternativeUserDetailsManagerOrUserPropertiesConfigured.MissingAlternative @ConditionalOnMissingClass did not find unwanted classes 'org.springframework.security.oauth2.client.registration.ClientRegistrationRepository', 'org.springframework.security.oauth2.server.resource.introspection.OpaqueTokenIntrospector', 'org.springframework.security.saml2.provider.service.registration.RelyingPartyRegistrationRepository' (MissingAlternativeUserDetailsManagerOrUserPropertiesConfigured)
      - @ConditionalOnMissingBean (types: org.springframework.security.authentication.AuthenticationManager,org.springframework.security.authentication.AuthenticationProvider,org.springframework.security.core.userdetails.UserDetailsService,org.springframework.security.authentication.AuthenticationManagerResolver,org.springframework.security.oauth2.jwt.JwtDecoder; SearchStrategy: all) did not find any beans (OnBeanCondition)

   ValidationAutoConfiguration matched:
      - @ConditionalOnClass found required class 'jakarta.validation.executable.ExecutableValidator' (OnClassCondition)
      - @ConditionalOnResource found location classpath:META-INF/services/jakarta.validation.spi.ValidationProvider (OnResourceCondition)

   ValidationAutoConfiguration#defaultValidator matched:
      - @ConditionalOnMissingBean (types: jakarta.validation.Validator; SearchStrategy: all) did not find any beans (OnBeanCondition)

   ValidationAutoConfiguration#methodValidationPostProcessor matched:
      - @ConditionalOnMissingBean (types: org.springframework.validation.beanvalidation.MethodValidationPostProcessor; SearchStrategy: current) did not find any beans (OnBeanCondition)

   WebMvcAutoConfiguration matched:
      - @ConditionalOnClass found required classes 'jakarta.servlet.Servlet', 'org.springframework.web.servlet.DispatcherServlet', 'org.springframework.web.servlet.config.annotation.WebMvcConfigurer' (OnClassCondition)
      - found 'session' scope (OnWebApplicationCondition)
      - @ConditionalOnMissingBean (types: org.springframework.web.servlet.config.annotation.WebMvcConfigurationSupport; SearchStrategy: all) did not find any beans (OnBeanCondition)

   WebMvcAutoConfiguration#formContentFilter matched:
      - @ConditionalOnBooleanProperty (spring.mvc.formcontent.filter.enabled=true) matched (OnPropertyCondition)
      - @ConditionalOnMissingBean (types: org.springframework.web.filter.FormContentFilter; SearchStrategy: all) did not find any beans (OnBeanCondition)

   WebMvcAutoConfiguration.EnableWebMvcConfiguration#flashMapManager matched:
      - @ConditionalOnMissingBean (names: flashMapManager; SearchStrategy: all) did not find any beans (OnBeanCondition)

   WebMvcAutoConfiguration.EnableWebMvcConfiguration#localeResolver matched:
      - @ConditionalOnMissingBean (names: localeResolver; SearchStrategy: all) did not find any beans (OnBeanCondition)

   WebMvcAutoConfiguration.EnableWebMvcConfiguration#viewNameTranslator matched:
      - @ConditionalOnMissingBean (names: viewNameTranslator; SearchStrategy: all) did not find any beans (OnBeanCondition)

   WebMvcAutoConfiguration.ResourceChainCustomizerConfiguration matched:
      - @ConditionalOnEnabledResourceChain found class org.webjars.WebJarVersionLocator (OnEnabledResourceChainCondition)

   WebMvcAutoConfiguration.WebMvcAutoConfigurationAdapter#defaultViewResolver matched:
      - @ConditionalOnMissingBean (types: org.springframework.web.servlet.view.InternalResourceViewResolver; SearchStrategy: all) did not find any beans (OnBeanCondition)

   WebMvcAutoConfiguration.WebMvcAutoConfigurationAdapter#requestContextFilter matched:
      - @ConditionalOnMissingBean (types: org.springframework.web.context.request.RequestContextListener,org.springframework.web.filter.RequestContextFilter; SearchStrategy: all) did not find any beans (OnBeanCondition)

   WebMvcAutoConfiguration.WebMvcAutoConfigurationAdapter#viewResolver matched:
      - @ConditionalOnBean (types: org.springframework.web.servlet.ViewResolver; SearchStrategy: all) found beans 'defaultViewResolver', 'beanNameViewResolver', 'mvcViewResolver'; @ConditionalOnMissingBean (names: viewResolver types: org.springframework.web.servlet.view.ContentNegotiatingViewResolver; SearchStrategy: all) did not find any beans (OnBeanCondition)


Negative matches:
-----------------

   AopAutoConfiguration.AspectJAutoProxyingConfiguration.JdkDynamicAutoProxyConfiguration:
      Did not match:
         - @ConditionalOnBooleanProperty (spring.aop.proxy-target-class=false) did not find property 'spring.aop.proxy-target-class' (OnPropertyCondition)

   AopAutoConfiguration.ClassProxyingConfiguration:
      Did not match:
         - @ConditionalOnMissingClass found unwanted class 'org.aspectj.weaver.Advice' (OnClassCondition)

   DataJpaRepositoriesAutoConfiguration#entityManagerFactoryBootstrapExecutorCustomizer:
      Did not match:
         - AnyNestedCondition 0 matched 2 did not; NestedCondition on DataJpaRepositoriesAutoConfiguration.BootstrapExecutorCondition.LazyBootstrapMode @ConditionalOnProperty (spring.data.jpa.repositories.bootstrap-mode=lazy) did not find property 'spring.data.jpa.repositories.bootstrap-mode'; NestedCondition on DataJpaRepositoriesAutoConfiguration.BootstrapExecutorCondition.DeferredBootstrapMode @ConditionalOnProperty (spring.data.jpa.repositories.bootstrap-mode=deferred) did not find property 'spring.data.jpa.repositories.bootstrap-mode' (DataJpaRepositoriesAutoConfiguration.BootstrapExecutorCondition)

   DataRepositoryMetricsAutoConfiguration:
      Did not match:
         - @ConditionalOnBean did not find required type 'io.micrometer.core.instrument.MeterRegistry' (OnBeanCondition)

   DataSourceAutoConfiguration.EmbeddedDatabaseConfiguration:
      Did not match:
         - EmbeddedDataSource spring.datasource.url is set (DataSourceAutoConfiguration.EmbeddedDatabaseCondition)

   DataSourceCheckpointRestoreConfiguration:
      Did not match:
         - @ConditionalOnClass did not find required class 'org.crac.Resource' (OnClassCondition)

   DataSourceConfiguration.Dbcp2:
      Did not match:
         - @ConditionalOnClass did not find required class 'org.apache.commons.dbcp2.BasicDataSource' (OnClassCondition)

   DataSourceConfiguration.Generic:
      Did not match:
         - @ConditionalOnProperty (spring.datasource.type) did not find property 'spring.datasource.type' (OnPropertyCondition)

   DataSourceConfiguration.OracleUcp:
      Did not match:
         - @ConditionalOnClass did not find required classes 'oracle.ucp.jdbc.PoolDataSourceImpl', 'oracle.jdbc.OracleConnection' (OnClassCondition)

   DataSourceConfiguration.Tomcat:
      Did not match:
         - @ConditionalOnClass did not find required class 'org.apache.tomcat.jdbc.pool.DataSource' (OnClassCondition)

   DataSourceHealthContributorAutoConfiguration:
      Did not match:
         - @ConditionalOnClass did not find required class 'org.springframework.boot.health.autoconfigure.contributor.ConditionalOnEnabledHealthIndicator' (OnClassCondition)

   DataSourceJmxConfiguration:
      Did not match:
         - @ConditionalOnBooleanProperty (spring.jmx.enabled=true) did not find property 'spring.jmx.enabled' (OnPropertyCondition)

   DataSourcePoolMetadataProvidersConfiguration.CommonsDbcp2PoolDataSourceMetadataProviderConfiguration:
      Did not match:
         - @ConditionalOnClass did not find required class 'org.apache.commons.dbcp2.BasicDataSource' (OnClassCondition)

   DataSourcePoolMetadataProvidersConfiguration.OracleUcpPoolDataSourceMetadataProviderConfiguration:
      Did not match:
         - @ConditionalOnClass did not find required classes 'oracle.ucp.jdbc.PoolDataSource', 'oracle.jdbc.OracleConnection' (OnClassCondition)

   DataSourcePoolMetadataProvidersConfiguration.TomcatDataSourcePoolMetadataProviderConfiguration:
      Did not match:
         - @ConditionalOnClass did not find required class 'org.apache.tomcat.jdbc.pool.DataSource' (OnClassCondition)

   DataSourcePoolMetricsAutoConfiguration:
      Did not match:
         - @ConditionalOnClass did not find required class 'io.micrometer.core.instrument.MeterRegistry' (OnClassCondition)

   DataSourceTransactionManagerAutoConfiguration.JdbcTransactionManagerConfiguration#transactionManager:
      Did not match:
         - @ConditionalOnMissingBean (types: org.springframework.transaction.TransactionManager; SearchStrategy: all) found beans of type 'org.springframework.transaction.TransactionManager' transactionManager (OnBeanCondition)

   DispatcherServletAutoConfiguration.DispatcherServletConfiguration#multipartResolver:
      Did not match:
         - @ConditionalOnBean (types: org.springframework.web.multipart.MultipartResolver; SearchStrategy: all) did not find any beans of type org.springframework.web.multipart.MultipartResolver (OnBeanCondition)

   GsonHttpMessageConvertersConfiguration:
      Did not match:
         - @ConditionalOnClass did not find required class 'com.google.gson.Gson' (OnClassCondition)

   HibernateMetricsAutoConfiguration:
      Did not match:
         - @ConditionalOnClass did not find required class 'io.micrometer.core.instrument.MeterRegistry' (OnClassCondition)

   Jackson2HttpMessageConvertersConfiguration.MappingJackson2HttpMessageConverterConfiguration:
      Did not match:
         - AnyNestedCondition 0 matched 2 did not; NestedCondition on Jackson2HttpMessageConvertersConfiguration.PreferJackson2OrJacksonUnavailableCondition.JacksonUnavailable @ConditionalOnMissingBean (types: org.springframework.boot.http.converter.autoconfigure.JacksonHttpMessageConvertersConfiguration$JacksonJsonHttpMessageConvertersCustomizer; SearchStrategy: all) found beans of type 'org.springframework.boot.http.converter.autoconfigure.JacksonHttpMessageConvertersConfiguration$JacksonJsonHttpMessageConvertersCustomizer' jacksonJsonHttpMessageConvertersCustomizer; NestedCondition on Jackson2HttpMessageConvertersConfiguration.PreferJackson2OrJacksonUnavailableCondition.Jackson2Preferred @ConditionalOnProperty (spring.http.converters.preferred-json-mapper=jackson2) did not find property 'spring.http.converters.preferred-json-mapper' (Jackson2HttpMessageConvertersConfiguration.PreferJackson2OrJacksonUnavailableCondition)
      Matched:
         - @ConditionalOnClass found required class 'com.fasterxml.jackson.databind.ObjectMapper' (OnClassCondition)

   Jackson2HttpMessageConvertersConfiguration.MappingJackson2XmlHttpMessageConverterConfiguration:
      Did not match:
         - @ConditionalOnClass did not find required class 'com.fasterxml.jackson.dataformat.xml.XmlMapper' (OnClassCondition)

   JacksonAutoConfiguration.CborConfiguration:
      Did not match:
         - @ConditionalOnClass did not find required class 'tools.jackson.dataformat.cbor.CBORMapper' (OnClassCondition)

   JacksonAutoConfiguration.XmlConfiguration:
      Did not match:
         - @ConditionalOnClass did not find required class 'tools.jackson.dataformat.xml.XmlMapper' (OnClassCondition)

   JacksonHttpMessageConvertersConfiguration.JacksonXmlHttpMessageConverterConfiguration:
      Did not match:
         - @ConditionalOnClass did not find required class 'tools.jackson.dataformat.xml.XmlMapper' (OnClassCondition)

   JmxAutoConfiguration:
      Did not match:
         - @ConditionalOnBooleanProperty (spring.jmx.enabled=true) did not find property 'spring.jmx.enabled' (OnPropertyCondition)
      Matched:
         - @ConditionalOnClass found required class 'org.springframework.jmx.export.MBeanExporter' (OnClassCondition)

   JndiDataSourceAutoConfiguration:
      Did not match:
         - @ConditionalOnProperty (spring.datasource.jndi-name) did not find property 'spring.datasource.jndi-name' (OnPropertyCondition)
      Matched:
         - @ConditionalOnClass found required classes 'javax.sql.DataSource', 'org.springframework.jdbc.datasource.embedded.EmbeddedDatabaseType' (OnClassCondition)

   JndiJtaConfiguration:
      Did not match:
         - @ConditionalOnJndi JNDI environment is not available (OnJndiCondition)
      Matched:
         - @ConditionalOnClass found required class 'org.springframework.transaction.jta.JtaTransactionManager' (OnClassCondition)

   JsonbHttpMessageConvertersConfiguration:
      Did not match:
         - @ConditionalOnClass did not find required class 'jakarta.json.bind.Jsonb' (OnClassCondition)

   KotlinSerializationHttpMessageConvertersConfiguration:
      Did not match:
         - @ConditionalOnClass did not find required classes 'kotlinx.serialization.Serializable', 'kotlinx.serialization.json.Json' (OnClassCondition)

   ManagementWebSecurityAutoConfiguration:
      Did not match:
         - @ConditionalOnClass did not find required class 'org.springframework.boot.actuate.autoconfigure.endpoint.web.WebEndpointAutoConfiguration' (OnClassCondition)

   MessageSourceAutoConfiguration:
      Did not match:
         - ResourceBundle did not find bundle with basename messages (MessageSourceAutoConfiguration.ResourceBundleCondition)

   MultipleOpenApiSupportConfiguration:
      Did not match:
         - AnyNestedCondition 0 matched 2 did not; NestedCondition on MultipleOpenApiSupportCondition.OnActuatorDifferentPort @ConditionalOnProperty (springdoc.show-actuator) did not find property 'springdoc.show-actuator'; NestedCondition on MultipleOpenApiSupportCondition.OnMultipleOpenApiSupportCondition AnyNestedCondition 0 matched 3 did not; NestedCondition on MultipleOpenApiGroupsCondition.OnListGroupedOpenApiBean @ConditionalOnBean (types: org.springdoc.core.models.GroupedOpenApi; SearchStrategy: all) did not find any beans of type org.springdoc.core.models.GroupedOpenApi; NestedCondition on MultipleOpenApiGroupsCondition.OnGroupConfigProperty @ConditionalOnProperty (springdoc.group-configs[0].group) did not find property 'springdoc.group-configs[0].group'; NestedCondition on MultipleOpenApiGroupsCondition.OnGroupedOpenApiBean @ConditionalOnBean (types: org.springdoc.core.models.GroupedOpenApi; SearchStrategy: all) did not find any beans of type org.springdoc.core.models.GroupedOpenApi (MultipleOpenApiSupportCondition)
      Matched:
         - found 'session' scope (OnWebApplicationCondition)
         - @ConditionalOnProperty (springdoc.api-docs.enabled) matched (OnPropertyCondition)

   MultipleOpenApiSupportConfiguration.SpringDocWebMvcActuatorDifferentConfiguration:
      Did not match:
         - Ancestor org.springdoc.webmvc.core.configuration.MultipleOpenApiSupportConfiguration did not match (ConditionEvaluationReport.AncestorsMatchedCondition)
      Matched:
         - @ConditionalOnClass found required class 'org.springframework.boot.webmvc.actuate.endpoint.web.WebMvcEndpointHandlerMapping' (OnClassCondition)

   ProjectInfoAutoConfiguration#buildProperties:
      Did not match:
         - @ConditionalOnResource did not find resource '${spring.info.build.location:classpath:META-INF/build-info.properties}' (OnResourceCondition)

   ProjectInfoAutoConfiguration#gitProperties:
      Did not match:
         - GitResource did not find git info at classpath:git.properties (ProjectInfoAutoConfiguration.GitResourceAvailableCondition)

   RSocketSecurityAutoConfiguration:
      Did not match:
         - @ConditionalOnClass did not find required class 'org.springframework.boot.rsocket.server.RSocketServerCustomizer' (OnClassCondition)

   ReactiveManagementWebSecurityAutoConfiguration:
      Did not match:
         - @ConditionalOnClass did not find required class 'org.springframework.boot.actuate.autoconfigure.endpoint.web.WebEndpointAutoConfiguration' (OnClassCondition)

   ReactiveUserDetailsServiceAutoConfiguration:
      Did not match:
         - AnyNestedCondition 0 matched 2 did not; NestedCondition on ReactiveUserDetailsServiceAutoConfiguration.RSocketEnabledOrReactiveWebApplication.ReactiveWebApplicationCondition did not find reactive web application classes; NestedCondition on ReactiveUserDetailsServiceAutoConfiguration.RSocketEnabledOrReactiveWebApplication.RSocketSecurityEnabledCondition @ConditionalOnBean (types: org.springframework.messaging.rsocket.annotation.support.RSocketMessageHandler; SearchStrategy: all) did not find any beans of type org.springframework.messaging.rsocket.annotation.support.RSocketMessageHandler (ReactiveUserDetailsServiceAutoConfiguration.RSocketEnabledOrReactiveWebApplication)
      Matched:
         - @ConditionalOnClass found required class 'org.springframework.security.authentication.ReactiveAuthenticationManager' (OnClassCondition)
         - AnyNestedCondition 1 matched 2 did not; NestedCondition on MissingAlternativeUserDetailsManagerOrUserPropertiesConfigured.PasswordConfigured @ConditionalOnProperty (spring.security.user.password) did not find property 'spring.security.user.password'; NestedCondition on MissingAlternativeUserDetailsManagerOrUserPropertiesConfigured.NameConfigured @ConditionalOnProperty (spring.security.user.name) did not find property 'spring.security.user.name'; NestedCondition on MissingAlternativeUserDetailsManagerOrUserPropertiesConfigured.MissingAlternative @ConditionalOnMissingClass did not find unwanted classes 'org.springframework.security.oauth2.client.registration.ClientRegistrationRepository', 'org.springframework.security.oauth2.server.resource.introspection.OpaqueTokenIntrospector', 'org.springframework.security.saml2.provider.service.registration.RelyingPartyRegistrationRepository' (MissingAlternativeUserDetailsManagerOrUserPropertiesConfigured)

   ReactiveWebSecurityAutoConfiguration:
      Did not match:
         - @ConditionalOnClass did not find required class 'reactor.core.publisher.Flux' (OnClassCondition)

   SecurityAutoConfiguration.SecurityDataConfiguration:
      Did not match:
         - @ConditionalOnClass did not find required class 'org.springframework.security.data.repository.query.SecurityEvaluationContextExtension' (OnClassCondition)

   ServletHttpExchangesAutoConfiguration:
      Did not match:
         - @ConditionalOnBean did not find required type 'org.springframework.boot.actuate.web.exchanges.HttpExchangeRepository' (OnBeanCondition)

   ServletManagementContextAutoConfiguration:
      Did not match:
         - @ConditionalOnClass did not find required class 'org.springframework.boot.actuate.autoconfigure.endpoint.web.WebEndpointProperties' (OnClassCondition)

   ServletMappingsAutoConfiguration:
      Did not match:
         - @ConditionalOnClass did not find required class 'org.springframework.boot.actuate.autoconfigure.endpoint.condition.ConditionalOnAvailableEndpoint' (OnClassCondition)

   ServletWebSecurityAutoConfiguration.EnableWebSecurityConfiguration:
      Did not match:
         - @ConditionalOnMissingBean (names: springSecurityFilterChain; SearchStrategy: all) found beans named springSecurityFilterChain (OnBeanCondition)
      Matched:
         - @ConditionalOnClass found required class 'org.springframework.security.config.annotation.web.configuration.EnableWebSecurity' (OnClassCondition)

   ServletWebSecurityAutoConfiguration.SecurityFilterChainConfiguration:
      Did not match:
         - AllNestedConditions 1 matched 1 did not; NestedCondition on DefaultWebSecurityCondition.Beans @ConditionalOnMissingBean (types: org.springframework.security.web.SecurityFilterChain; SearchStrategy: all) found beans of type 'org.springframework.security.web.SecurityFilterChain' securityFilterChain; NestedCondition on DefaultWebSecurityCondition.Classes @ConditionalOnClass found required classes 'org.springframework.security.web.SecurityFilterChain', 'org.springframework.security.config.annotation.web.builders.HttpSecurity' (DefaultWebSecurityCondition)

   ServletWebServerConfiguration#forwardedHeaderFilter:
      Did not match:
         - @ConditionalOnProperty (server.forward-headers-strategy=framework) did not find property 'server.forward-headers-strategy' (OnPropertyCondition)

   SpringApplicationAdminJmxAutoConfiguration:
      Did not match:
         - @ConditionalOnBooleanProperty (spring.application.admin.enabled=true) did not find property 'spring.application.admin.enabled' (OnPropertyCondition)

   SpringDocConfiguration#oas31ModelConverter:
      Did not match:
         - @ConditionalOnProperty (springdoc.explicit-object-schema=true) did not find property 'springdoc.explicit-object-schema' (OnPropertyCondition)

   SpringDocConfiguration#propertiesResolverForSchema:
      Did not match:
         - @ConditionalOnProperty (springdoc.api-docs.resolve-schema-properties) did not find property 'springdoc.api-docs.resolve-schema-properties' (OnPropertyCondition)

   SpringDocConfiguration#propertyCustomizingConverter:
      Did not match:
         - @ConditionalOnBean (types: org.springdoc.core.customizers.PropertyCustomizer; SearchStrategy: all) did not find any beans of type org.springdoc.core.customizers.PropertyCustomizer (OnBeanCondition)

   SpringDocConfiguration#springdocBeanFactoryPostProcessor:
      Did not match:
         - AnyNestedCondition 0 matched 2 did not; NestedCondition on CacheOrGroupedOpenApiCondition.OnCacheDisabled found non-matching nested conditions @ConditionalOnProperty (springdoc.cache.disabled) did not find property 'springdoc.cache.disabled'; NestedCondition on CacheOrGroupedOpenApiCondition.OnMultipleOpenApiSupportCondition AnyNestedCondition 0 matched 2 did not; NestedCondition on MultipleOpenApiSupportCondition.OnActuatorDifferentPort @ConditionalOnProperty (springdoc.show-actuator) did not find property 'springdoc.show-actuator'; NestedCondition on MultipleOpenApiSupportCondition.OnMultipleOpenApiSupportCondition AnyNestedCondition 0 matched 3 did not; NestedCondition on MultipleOpenApiGroupsCondition.OnListGroupedOpenApiBean @ConditionalOnBean (types: org.springdoc.core.models.GroupedOpenApi; SearchStrategy: all) did not find any beans of type org.springdoc.core.models.GroupedOpenApi; NestedCondition on MultipleOpenApiGroupsCondition.OnGroupConfigProperty @ConditionalOnProperty (springdoc.group-configs[0].group) did not find property 'springdoc.group-configs[0].group'; NestedCondition on MultipleOpenApiGroupsCondition.OnGroupedOpenApiBean @ConditionalOnBean (types: org.springdoc.core.models.GroupedOpenApi; SearchStrategy: all) did not find any beans of type org.springdoc.core.models.GroupedOpenApi (CacheOrGroupedOpenApiCondition)
      Matched:
         - @ConditionalOnClass found required class 'org.springframework.boot.context.properties.bind.BindResult' (OnClassCondition)

   SpringDocConfiguration#springdocBeanFactoryPostProcessor2:
      Did not match:
         - @ConditionalOnMissingClass found unwanted class 'org.springframework.boot.context.properties.bind.BindResult' (OnClassCondition)

   SpringDocConfiguration.SpringDocActuatorConfiguration:
      Did not match:
         - @ConditionalOnClass did not find required class 'org.springframework.boot.actuate.autoconfigure.endpoint.web.WebEndpointProperties' (OnClassCondition)

   SpringDocConfiguration.SpringDocRepositoryRestConfiguration:
      Did not match:
         - @ConditionalOnClass did not find required class 'org.springframework.data.rest.core.config.RepositoryRestConfiguration' (OnClassCondition)

   SpringDocConfiguration.SpringDocWebFluxSupportConfiguration:
      Did not match:
         - @ConditionalOnClass did not find required class 'reactor.core.publisher.Flux' (OnClassCondition)

   SpringDocDataRestConfiguration:
      Did not match:
         - @ConditionalOnClass did not find required class 'org.springframework.data.rest.core.config.RepositoryRestConfiguration' (OnClassCondition)

   SpringDocFunctionCatalogConfiguration:
      Did not match:
         - @ConditionalOnClass did not find required class 'org.springframework.cloud.function.web.function.FunctionEndpointInitializer' (OnClassCondition)

   SpringDocGroovyConfiguration:
      Did not match:
         - @ConditionalOnClass did not find required class 'groovy.lang.MetaClass' (OnClassCondition)

   SpringDocHateoasConfiguration:
      Did not match:
         - @ConditionalOnClass did not find required class 'org.springframework.hateoas.server.LinkRelationProvider' (OnClassCondition)

   SpringDocJacksonKotlinModuleConfiguration:
      Did not match:
         - @ConditionalOnClass did not find required class 'com.fasterxml.jackson.module.kotlin.KotlinModule' (OnClassCondition)

   SpringDocJavadocConfiguration:
      Did not match:
         - @ConditionalOnClass did not find required class 'com.github.therapi.runtimejavadoc.CommentFormatter' (OnClassCondition)

   SpringDocKotlinConfiguration:
      Did not match:
         - @ConditionalOnClass did not find required class 'kotlin.coroutines.Continuation' (OnClassCondition)

   SpringDocKotlinxConfiguration:
      Did not match:
         - @ConditionalOnClass did not find required class 'kotlinx.coroutines.flow.Flow' (OnClassCondition)

   SpringDocSecurityConfiguration.SpringDocSecurityOAuth2ClientConfiguration:
      Did not match:
         - @ConditionalOnClass did not find required class 'org.springframework.security.oauth2.client.annotation.RegisteredOAuth2AuthorizedClient' (OnClassCondition)

   SpringDocSecurityConfiguration.SpringDocSecurityOAuth2Configuration:
      Did not match:
         - @ConditionalOnClass did not find required class 'org.springframework.security.oauth2.server.authorization.OAuth2AuthorizationService' (OnClassCondition)

   SpringDocSecurityConfiguration.SpringSecurityLoginEndpointConfiguration#springSecurityLoginEndpointCustomizer:
      Did not match:
         - @ConditionalOnProperty (springdoc.show-login-endpoint) did not find property 'springdoc.show-login-endpoint' (OnPropertyCondition)

   SpringDocSortConfiguration#dataRestDelegatingMethodParameterCustomizer:
      Did not match:
         - @ConditionalOnMissingBean (types: org.springdoc.core.customizers.DataRestDelegatingMethodParameterCustomizer; SearchStrategy: all) found beans of type 'org.springdoc.core.customizers.DataRestDelegatingMethodParameterCustomizer' dataRestDelegatingMethodParameterCustomizer (OnBeanCondition)

   SpringDocWebMvcConfiguration.SpringDocWebMvcActuatorConfiguration#actuatorProvider:
      Did not match:
         - @ConditionalOnExpression (#{${springdoc.show-actuator:false} or ${springdoc.use-management-port:false}}) resulted in false (OnExpressionCondition)

   SpringDocWebMvcConfiguration.SpringDocWebMvcActuatorConfiguration#openApiActuatorResource:
      Did not match:
         - @ConditionalOnExpression (#{${springdoc.use-management-port:false} and ${springdoc.enable-default-api-docs:true}}) resulted in false (OnExpressionCondition)

   SpringDocWebServerConfiguration.DeployedWebServerConfiguration:
      Did not match:
         - @ConditionalOnMissingClass found unwanted classes 'org.springframework.boot.web.server.context.WebServerInitializedEvent', 'org.springframework.boot.web.server.autoconfigure.ServerProperties' (OnClassCondition)

   SwaggerConfig#springWebProvider:
      Did not match:
         - @ConditionalOnMissingBean (types: org.springdoc.core.providers.SpringWebProvider; SearchStrategy: all) found beans of type 'org.springdoc.core.providers.SpringWebProvider' springWebProvider (OnBeanCondition)

   SwaggerConfig#swaggerUiHome:
      Did not match:
         - @ConditionalOnProperty (springdoc.swagger-ui.use-root-path=true) did not find property 'springdoc.swagger-ui.use-root-path' (OnPropertyCondition)

   SwaggerConfig.SwaggerActuatorWelcomeConfiguration:
      Did not match:
         - @ConditionalOnProperty (springdoc.use-management-port) did not find property 'springdoc.use-management-port' (OnPropertyCondition)
      Matched:
         - @ConditionalOnClass found required class 'org.springframework.boot.webmvc.actuate.endpoint.web.WebMvcEndpointHandlerMapping' (OnClassCondition)

   TaskExecutorConfigurations.AsyncConfigurerWrapperConfiguration:
      Did not match:
         - @ConditionalOnBean (types: org.springframework.scheduling.annotation.AsyncConfigurer; SearchStrategy: all) did not find any beans of type org.springframework.scheduling.annotation.AsyncConfigurer (OnBeanCondition)

   TaskExecutorConfigurations.SimpleAsyncTaskExecutorBuilderConfiguration#simpleAsyncTaskExecutorBuilderVirtualThreads:
      Did not match:
         - @ConditionalOnMissingBean (types: org.springframework.boot.task.SimpleAsyncTaskExecutorBuilder; SearchStrategy: all) found beans of type 'org.springframework.boot.task.SimpleAsyncTaskExecutorBuilder' simpleAsyncTaskExecutorBuilder (OnBeanCondition)

   TaskExecutorConfigurations.TaskExecutorConfiguration#applicationTaskExecutorVirtualThreads:
      Did not match:
         - @ConditionalOnThreading did not find VIRTUAL (OnThreadingCondition)

   TaskSchedulingAutoConfiguration#scheduledBeanLazyInitializationExcludeFilter:
      Did not match:
         - @ConditionalOnBean (names: org.springframework.scheduling.config.internalScheduledAnnotationProcessor; SearchStrategy: all) did not find any beans named org.springframework.scheduling.config.internalScheduledAnnotationProcessor (OnBeanCondition)

   TaskSchedulingConfigurations.SimpleAsyncTaskSchedulerBuilderConfiguration#simpleAsyncTaskSchedulerBuilderVirtualThreads:
      Did not match:
         - @ConditionalOnMissingBean (types: org.springframework.boot.task.SimpleAsyncTaskSchedulerBuilder; SearchStrategy: all) found beans of type 'org.springframework.boot.task.SimpleAsyncTaskSchedulerBuilder' simpleAsyncTaskSchedulerBuilder (OnBeanCondition)

   TaskSchedulingConfigurations.TaskSchedulerConfiguration:
      Did not match:
         - @ConditionalOnBean (names: org.springframework.scheduling.config.internalScheduledAnnotationProcessor; SearchStrategy: all) did not find any beans named org.springframework.scheduling.config.internalScheduledAnnotationProcessor (OnBeanCondition)

   TomcatMetricsAutoConfiguration:
      Did not match:
         - @ConditionalOnClass did not find required class 'io.micrometer.core.instrument.binder.tomcat.TomcatMetrics' (OnClassCondition)

   TomcatReactiveManagementContextAutoConfiguration:
      Did not match:
         - @ConditionalOnClass did not find required class 'org.springframework.boot.actuate.autoconfigure.web.server.ManagementContextFactory' (OnClassCondition)

   TomcatReactiveWebServerAutoConfiguration:
      Did not match:
         - @ConditionalOnWebApplication did not find reactive web application classes (OnWebApplicationCondition)

   TomcatServletManagementContextAutoConfiguration:
      Did not match:
         - @ConditionalOnClass did not find required class 'org.springframework.boot.actuate.autoconfigure.web.server.ManagementContextFactory' (OnClassCondition)

   TomcatServletWebServerAutoConfiguration#tomcatForwardedHeaderFilterCustomizer:
      Did not match:
         - @ConditionalOnProperty (server.forward-headers-strategy=framework) did not find property 'server.forward-headers-strategy' (OnPropertyCondition)

   TomcatWebServerConfiguration#tomcatVirtualThreadsProtocolHandlerCustomizer:
      Did not match:
         - @ConditionalOnThreading did not find VIRTUAL (OnThreadingCondition)

   TransactionAutoConfiguration#transactionalOperator:
      Did not match:
         - @ConditionalOnSingleCandidate (types: org.springframework.transaction.ReactiveTransactionManager; SearchStrategy: all) did not find any beans (OnBeanCondition)

   TransactionAutoConfiguration.AspectJTransactionManagementConfiguration:
      Did not match:
         - @ConditionalOnBean (types: org.springframework.transaction.aspectj.AbstractTransactionAspect; SearchStrategy: all) did not find any beans of type org.springframework.transaction.aspectj.AbstractTransactionAspect (OnBeanCondition)

   TransactionAutoConfiguration.EnableTransactionManagementConfiguration.JdkDynamicAutoProxyConfiguration:
      Did not match:
         - @ConditionalOnBooleanProperty (spring.aop.proxy-target-class=false) did not find property 'spring.aop.proxy-target-class' (OnPropertyCondition)

   WebMvcAutoConfiguration#hiddenHttpMethodFilter:
      Did not match:
         - @ConditionalOnBooleanProperty (spring.mvc.hiddenmethod.filter.enabled=true) did not find property 'spring.mvc.hiddenmethod.filter.enabled' (OnPropertyCondition)

   WebMvcAutoConfiguration.ProblemDetailsErrorHandlingConfiguration:
      Did not match:
         - @ConditionalOnBooleanProperty (spring.mvc.problemdetails.enabled=true) did not find property 'spring.mvc.problemdetails.enabled' (OnPropertyCondition)

   WebMvcAutoConfiguration.WebMvcAutoConfigurationAdapter#beanNameViewResolver:
      Did not match:
         - @ConditionalOnMissingBean (types: org.springframework.web.servlet.view.BeanNameViewResolver; SearchStrategy: all) found beans of type 'org.springframework.web.servlet.view.BeanNameViewResolver' beanNameViewResolver (OnBeanCondition)

   WebMvcHealthEndpointExtensionAutoConfiguration:
      Did not match:
         - @ConditionalOnClass did not find required class 'org.springframework.boot.health.actuate.endpoint.HealthEndpoint' (OnClassCondition)

   WebMvcMappingsAutoConfiguration:
      Did not match:
         - @ConditionalOnClass did not find required class 'org.springframework.boot.actuate.autoconfigure.endpoint.condition.ConditionalOnAvailableEndpoint' (OnClassCondition)

   WebMvcObservationAutoConfiguration:
      Did not match:
         - @ConditionalOnClass did not find required class 'org.springframework.boot.micrometer.observation.autoconfigure.ObservationProperties' (OnClassCondition)

   XADataSourceAutoConfiguration:
      Did not match:
         - @ConditionalOnBean (types: org.springframework.boot.jdbc.XADataSourceWrapper; SearchStrategy: all) did not find any beans of type org.springframework.boot.jdbc.XADataSourceWrapper (OnBeanCondition)
      Matched:
         - @ConditionalOnClass found required classes 'javax.sql.DataSource', 'jakarta.transaction.TransactionManager', 'org.springframework.jdbc.datasource.embedded.EmbeddedDatabaseType' (OnClassCondition)


Exclusions:
-----------

    None


Unconditional classes:
----------------------

    org.springframework.boot.autoconfigure.context.ConfigurationPropertiesAutoConfiguration

    org.springdoc.core.configuration.SpringDocWebServerConfiguration.EmbeddedWebServerConfiguration

    org.springframework.boot.autoconfigure.ssl.SslAutoConfiguration

    org.springframework.boot.autoconfigure.context.PropertyPlaceholderAutoConfiguration

    org.springframework.boot.autoconfigure.context.LifecycleAutoConfiguration

    org.springdoc.core.configuration.SpringDocSpecPropertiesConfiguration

    org.springframework.boot.autoconfigure.availability.ApplicationAvailabilityAutoConfiguration

    org.springframework.boot.autoconfigure.info.ProjectInfoAutoConfiguration

    org.springdoc.core.configuration.SpringDocWebServerConfiguration.DeployedWebServerConfiguration



2026-06-02T22:10:09.386+02:00  INFO 14904 --- [personal-finance-tracker] [           main] c.d.p.PersonalFinanceTrackerApplication  : Started PersonalFinanceTrackerApplication in 16.895 seconds (process running for 17.775)
2026-06-02T22:10:09.390+02:00 DEBUG 14904 --- [personal-finance-tracker] [           main] o.s.b.a.ApplicationAvailabilityBean      : Application availability state LivenessState changed to CORRECT
2026-06-02T22:10:09.395+02:00  WARN 14904 --- [personal-finance-tracker] [           main] o.s.core.events.SpringDocAppInitializer  : SpringDoc /v3/api-docs endpoint is enabled by default. To disable it in production, set the property 'springdoc.api-docs.enabled=false'
2026-06-02T22:10:09.396+02:00  WARN 14904 --- [personal-finance-tracker] [           main] o.s.core.events.SpringDocAppInitializer  : SpringDoc /swagger-ui.html endpoint is enabled by default. To disable it in production, set the property 'springdoc.swagger-ui.enabled=false'
2026-06-02T22:10:09.397+02:00 DEBUG 14904 --- [personal-finance-tracker] [           main] o.s.b.a.ApplicationAvailabilityBean      : Application availability state ReadinessState changed to ACCEPTING_TRAFFIC
2026-06-02T22:10:28.016+02:00  INFO 14904 --- [personal-finance-tracker] [nio-8080-exec-1] o.a.c.c.C.[Tomcat].[localhost].[/]       : Initializing Spring DispatcherServlet 'dispatcherServlet'
2026-06-02T22:10:28.017+02:00  INFO 14904 --- [personal-finance-tracker] [nio-8080-exec-1] o.s.web.servlet.DispatcherServlet        : Initializing Servlet 'dispatcherServlet'
2026-06-02T22:10:28.017+02:00 DEBUG 14904 --- [personal-finance-tracker] [nio-8080-exec-1] o.s.web.servlet.DispatcherServlet        : Detected StandardServletMultipartResolver
2026-06-02T22:10:28.017+02:00 DEBUG 14904 --- [personal-finance-tracker] [nio-8080-exec-1] o.s.web.servlet.DispatcherServlet        : Detected AcceptHeaderLocaleResolver
2026-06-02T22:10:28.019+02:00 DEBUG 14904 --- [personal-finance-tracker] [nio-8080-exec-1] o.s.web.servlet.DispatcherServlet        : Detected org.springframework.web.servlet.view.DefaultRequestToViewNameTranslator@1b53e1ae
2026-06-02T22:10:28.019+02:00 DEBUG 14904 --- [personal-finance-tracker] [nio-8080-exec-1] o.s.web.servlet.DispatcherServlet        : Detected org.springframework.web.servlet.support.SessionFlashMapManager@10462124
2026-06-02T22:10:28.019+02:00 DEBUG 14904 --- [personal-finance-tracker] [nio-8080-exec-1] o.s.web.servlet.DispatcherServlet        : enableLoggingRequestDetails='false': request parameters and headers will be masked to prevent unsafe logging of potentially sensitive data
2026-06-02T22:10:28.020+02:00  INFO 14904 --- [personal-finance-tracker] [nio-8080-exec-1] o.s.web.servlet.DispatcherServlet        : Completed initialization in 3 ms
2026-06-02T22:10:28.050+02:00 DEBUG 14904 --- [personal-finance-tracker] [nio-8080-exec-1] o.s.web.servlet.DispatcherServlet        : GET "/v3/api-docs", parameters={}
2026-06-02T22:10:28.065+02:00 DEBUG 14904 --- [personal-finance-tracker] [nio-8080-exec-1] s.w.s.m.m.a.RequestMappingHandlerMapping : Mapped to org.springdoc.webmvc.api.OpenApiWebMvcResource#openapiJson(HttpServletRequest, String, Locale)
2026-06-02T22:10:28.135+02:00  WARN 14904 --- [personal-finance-tracker] [nio-8080-exec-1] o.springdoc.core.service.OpenAPIService  : found more than one OpenAPIDefinition class. springdoc-openapi will be using the first one found.
2026-06-02T22:10:29.021+02:00  INFO 14904 --- [personal-finance-tracker] [nio-8080-exec-1] o.springdoc.api.AbstractOpenApiResource  : Init duration for springdoc-openapi is: 892 ms
2026-06-02T22:10:29.080+02:00 DEBUG 14904 --- [personal-finance-tracker] [nio-8080-exec-1] m.m.a.RequestResponseBodyMethodProcessor : Using 'application/json', given [*/*] and supported [application/json]
2026-06-02T22:10:29.086+02:00 DEBUG 14904 --- [personal-finance-tracker] [nio-8080-exec-1] m.m.a.RequestResponseBodyMethodProcessor : Writing [{7b226f70656e617069223a22332e312e30222c22696e666f223a7b227469746c65223a22506572736f6e616c2046696e616 (truncated)...]
2026-06-02T22:10:29.099+02:00 DEBUG 14904 --- [personal-finance-tracker] [nio-8080-exec-1] o.s.web.servlet.DispatcherServlet        : Completed 200 OK
2026-06-02T22:15:09.852+02:00 DEBUG 14904 --- [personal-finance-tracker] [nio-8080-exec-5] o.s.web.servlet.DispatcherServlet        : POST "/v1/auth/login", parameters={}
2026-06-02T22:15:09.854+02:00 DEBUG 14904 --- [personal-finance-tracker] [nio-8080-exec-5] s.w.s.m.m.a.RequestMappingHandlerMapping : Mapped to com.dauphine.pft.controllers.AuthController#login(LoginRequest)
2026-06-02T22:15:09.986+02:00 DEBUG 14904 --- [personal-finance-tracker] [nio-8080-exec-5] m.m.a.RequestResponseBodyMethodProcessor : Read "application/json;charset=UTF-8" to [com.dauphine.pft.dto.requests.LoginRequest@161d1ad7]
2026-06-02T22:15:10.298+02:00 DEBUG 14904 --- [personal-finance-tracker] [nio-8080-exec-5] org.hibernate.SQL                        : 
    select
        au1_0.id,
        au1_0.created_at,
        au1_0.email,
        au1_0.first_name,
        au1_0.last_name,
        au1_0.password_hash,
        au1_0.updated_at 
    from
        app_user au1_0 
    where
        au1_0.email=?
Hibernate: 
    select
        au1_0.id,
        au1_0.created_at,
        au1_0.email,
        au1_0.first_name,
        au1_0.last_name,
        au1_0.password_hash,
        au1_0.updated_at 
    from
        app_user au1_0 
    where
        au1_0.email=?
2026-06-02T22:15:10.603+02:00 DEBUG 14904 --- [personal-finance-tracker] [nio-8080-exec-5] o.s.w.s.m.m.a.HttpEntityMethodProcessor  : Using 'application/json', given [application/json, text/plain, */*] and supported [application/json, application/*+json, application/yaml]
2026-06-02T22:15:10.604+02:00 DEBUG 14904 --- [personal-finance-tracker] [nio-8080-exec-5] o.s.w.s.m.m.a.HttpEntityMethodProcessor  : Writing [com.dauphine.pft.dto.responses.AuthResponse@171335e0]
2026-06-02T22:15:10.635+02:00 DEBUG 14904 --- [personal-finance-tracker] [nio-8080-exec-5] o.s.web.servlet.DispatcherServlet        : Completed 200 OK
2026-06-02T22:15:10.681+02:00 DEBUG 14904 --- [personal-finance-tracker] [io-8080-exec-10] o.s.web.servlet.DispatcherServlet        : GET "/v1/savings-goals", parameters={}
2026-06-02T22:15:10.681+02:00 DEBUG 14904 --- [personal-finance-tracker] [nio-8080-exec-8] o.s.web.servlet.DispatcherServlet        : GET "/v1/categories", parameters={}
2026-06-02T22:15:10.681+02:00 DEBUG 14904 --- [personal-finance-tracker] [nio-8080-exec-6] o.s.web.servlet.DispatcherServlet        : GET "/v1/transactions", parameters={}
2026-06-02T22:15:10.682+02:00 DEBUG 14904 --- [personal-finance-tracker] [io-8080-exec-10] s.w.s.m.m.a.RequestMappingHandlerMapping : Mapped to com.dauphine.pft.controllers.SavingsGoalController#getAll(SavingsGoalStatus, String, BigDecimal, BigDecimal, LocalDate, LocalDate)
2026-06-02T22:15:10.682+02:00 DEBUG 14904 --- [personal-finance-tracker] [nio-8080-exec-8] s.w.s.m.m.a.RequestMappingHandlerMapping : Mapped to com.dauphine.pft.controllers.CategoryController#getAll(String, CategoryType)
2026-06-02T22:15:10.682+02:00 DEBUG 14904 --- [personal-finance-tracker] [nio-8080-exec-6] s.w.s.m.m.a.RequestMappingHandlerMapping : Mapped to com.dauphine.pft.controllers.TransactionController#getAll(TransactionType, UUID, String, LocalDate, LocalDate, BigDecimal, BigDecimal, String)
2026-06-02T22:15:10.688+02:00 DEBUG 14904 --- [personal-finance-tracker] [nio-8080-exec-8] org.hibernate.SQL                        : 
    select
        c1_0.id,
        c1_0.created_at,
        c1_0.description,
        c1_0.name,
        c1_0.type,
        c1_0.updated_at,
        c1_0.user_id 
    from
        category c1_0 
    where
        c1_0.user_id=?
Hibernate: 
    select
        c1_0.id,
        c1_0.created_at,
        c1_0.description,
        c1_0.name,
        c1_0.type,
        c1_0.updated_at,
        c1_0.user_id 
    from
        category c1_0 
    where
        c1_0.user_id=?
2026-06-02T22:15:10.772+02:00 DEBUG 14904 --- [personal-finance-tracker] [nio-8080-exec-8] o.s.w.s.m.m.a.HttpEntityMethodProcessor  : Using 'application/json', given [application/json, text/plain, */*] and supported [application/json, application/*+json, application/yaml]
2026-06-02T22:15:10.772+02:00 DEBUG 14904 --- [personal-finance-tracker] [nio-8080-exec-8] o.s.w.s.m.m.a.HttpEntityMethodProcessor  : Writing [[com.dauphine.pft.dto.responses.CategoryResponse@703d90a5, com.dauphine.pft.dto.responses.CategoryRe (truncated)...]
2026-06-02T22:15:10.789+02:00 DEBUG 14904 --- [personal-finance-tracker] [nio-8080-exec-8] o.s.web.servlet.DispatcherServlet        : Completed 200 OK
2026-06-02T22:15:10.790+02:00 DEBUG 14904 --- [personal-finance-tracker] [nio-8080-exec-6] org.hibernate.SQL                        : 
    select
        t1_0.id,
        t1_0.amount,
        t1_0.category_id,
        t1_0.created_at,
        t1_0.description,
        t1_0.title,
        t1_0.transaction_date,
        t1_0.type,
        t1_0.updated_at,
        t1_0.user_id 
    from
        finance_transaction t1_0 
    where
        t1_0.user_id=? 
    order by
        t1_0.transaction_date desc
Hibernate: 
    select
        t1_0.id,
        t1_0.amount,
        t1_0.category_id,
        t1_0.created_at,
        t1_0.description,
        t1_0.title,
        t1_0.transaction_date,
        t1_0.type,
        t1_0.updated_at,
        t1_0.user_id 
    from
        finance_transaction t1_0 
    where
        t1_0.user_id=? 
    order by
        t1_0.transaction_date desc
2026-06-02T22:15:10.864+02:00 DEBUG 14904 --- [personal-finance-tracker] [nio-8080-exec-6] org.hibernate.SQL                        : 
    select
        c1_0.id,
        c1_0.created_at,
        c1_0.description,
        c1_0.name,
        c1_0.type,
        c1_0.updated_at,
        c1_0.user_id 
    from
        category c1_0 
    where
        c1_0.id=?
Hibernate: 
    select
        c1_0.id,
        c1_0.created_at,
        c1_0.description,
        c1_0.name,
        c1_0.type,
        c1_0.updated_at,
        c1_0.user_id 
    from
        category c1_0 
    where
        c1_0.id=?
2026-06-02T22:15:10.914+02:00 DEBUG 14904 --- [personal-finance-tracker] [nio-8080-exec-6] org.hibernate.SQL                        : 
    select
        c1_0.id,
        c1_0.created_at,
        c1_0.description,
        c1_0.name,
        c1_0.type,
        c1_0.updated_at,
        c1_0.user_id 
    from
        category c1_0 
    where
        c1_0.id=?
Hibernate: 
    select
        c1_0.id,
        c1_0.created_at,
        c1_0.description,
        c1_0.name,
        c1_0.type,
        c1_0.updated_at,
        c1_0.user_id 
    from
        category c1_0 
    where
        c1_0.id=?
2026-06-02T22:15:10.959+02:00 DEBUG 14904 --- [personal-finance-tracker] [nio-8080-exec-6] org.hibernate.SQL                        : 
    select
        c1_0.id,
        c1_0.created_at,
        c1_0.description,
        c1_0.name,
        c1_0.type,
        c1_0.updated_at,
        c1_0.user_id 
    from
        category c1_0 
    where
        c1_0.id=?
Hibernate: 
    select
        c1_0.id,
        c1_0.created_at,
        c1_0.description,
        c1_0.name,
        c1_0.type,
        c1_0.updated_at,
        c1_0.user_id 
    from
        category c1_0 
    where
        c1_0.id=?
2026-06-02T22:15:11.004+02:00 DEBUG 14904 --- [personal-finance-tracker] [nio-8080-exec-6] org.hibernate.SQL                        : 
    select
        c1_0.id,
        c1_0.created_at,
        c1_0.description,
        c1_0.name,
        c1_0.type,
        c1_0.updated_at,
        c1_0.user_id 
    from
        category c1_0 
    where
        c1_0.id=?
Hibernate: 
    select
        c1_0.id,
        c1_0.created_at,
        c1_0.description,
        c1_0.name,
        c1_0.type,
        c1_0.updated_at,
        c1_0.user_id 
    from
        category c1_0 
    where
        c1_0.id=?
2026-06-02T22:15:11.031+02:00 DEBUG 14904 --- [personal-finance-tracker] [io-8080-exec-10] org.hibernate.SQL                        : 
    select
        sg1_0.id,
        sg1_0.created_at,
        sg1_0.current_amount,
        sg1_0.deadline,
        sg1_0.description,
        sg1_0.name,
        sg1_0.status,
        sg1_0.target_amount,
        sg1_0.updated_at,
        sg1_0.user_id 
    from
        savings_goal sg1_0 
    where
        sg1_0.user_id=? 
        and sg1_0.status='IN_PROGRESS' 
        and sg1_0.deadline<?
Hibernate: 
    select
        sg1_0.id,
        sg1_0.created_at,
        sg1_0.current_amount,
        sg1_0.deadline,
        sg1_0.description,
        sg1_0.name,
        sg1_0.status,
        sg1_0.target_amount,
        sg1_0.updated_at,
        sg1_0.user_id 
    from
        savings_goal sg1_0 
    where
        sg1_0.user_id=? 
        and sg1_0.status='IN_PROGRESS' 
        and sg1_0.deadline<?
2026-06-02T22:15:11.054+02:00 DEBUG 14904 --- [personal-finance-tracker] [nio-8080-exec-6] o.s.w.s.m.m.a.HttpEntityMethodProcessor  : Using 'application/json', given [application/json, text/plain, */*] and supported [application/json, application/*+json, application/yaml]
2026-06-02T22:15:11.055+02:00 DEBUG 14904 --- [personal-finance-tracker] [nio-8080-exec-6] o.s.w.s.m.m.a.HttpEntityMethodProcessor  : Writing [[com.dauphine.pft.dto.responses.TransactionResponse@59dc0a16, com.dauphine.pft.dto.responses.Transac (truncated)...]
2026-06-02T22:15:11.063+02:00 DEBUG 14904 --- [personal-finance-tracker] [nio-8080-exec-6] o.s.web.servlet.DispatcherServlet        : Completed 200 OK
2026-06-02T22:15:11.087+02:00 DEBUG 14904 --- [personal-finance-tracker] [io-8080-exec-10] org.hibernate.SQL                        : 
    select
        sg1_0.id,
        sg1_0.created_at,
        sg1_0.current_amount,
        sg1_0.deadline,
        sg1_0.description,
        sg1_0.name,
        sg1_0.status,
        sg1_0.target_amount,
        sg1_0.updated_at,
        sg1_0.user_id 
    from
        savings_goal sg1_0 
    where
        sg1_0.user_id=?
Hibernate: 
    select
        sg1_0.id,
        sg1_0.created_at,
        sg1_0.current_amount,
        sg1_0.deadline,
        sg1_0.description,
        sg1_0.name,
        sg1_0.status,
        sg1_0.target_amount,
        sg1_0.updated_at,
        sg1_0.user_id 
    from
        savings_goal sg1_0 
    where
        sg1_0.user_id=?
2026-06-02T22:15:11.135+02:00 DEBUG 14904 --- [personal-finance-tracker] [io-8080-exec-10] o.s.w.s.m.m.a.HttpEntityMethodProcessor  : Using 'application/json', given [application/json, text/plain, */*] and supported [application/json, application/*+json, application/yaml]
2026-06-02T22:15:11.135+02:00 DEBUG 14904 --- [personal-finance-tracker] [io-8080-exec-10] o.s.w.s.m.m.a.HttpEntityMethodProcessor  : Writing [[com.dauphine.pft.dto.responses.SavingsGoalResponse@40026b55, com.dauphine.pft.dto.responses.Savings (truncated)...]
2026-06-02T22:15:11.138+02:00 DEBUG 14904 --- [personal-finance-tracker] [io-8080-exec-10] o.s.web.servlet.DispatcherServlet        : Completed 200 OK
2026-06-02T22:17:07.277+02:00 DEBUG 14904 --- [personal-finance-tracker] [nio-8080-exec-7] o.s.web.servlet.DispatcherServlet        : GET "/v1/transactions", parameters={}
2026-06-02T22:17:07.277+02:00 DEBUG 14904 --- [personal-finance-tracker] [nio-8080-exec-6] o.s.web.servlet.DispatcherServlet        : GET "/v1/savings-goals", parameters={}
2026-06-02T22:17:07.277+02:00 DEBUG 14904 --- [personal-finance-tracker] [nio-8080-exec-8] o.s.web.servlet.DispatcherServlet        : GET "/v1/categories", parameters={}
2026-06-02T22:17:07.278+02:00 DEBUG 14904 --- [personal-finance-tracker] [nio-8080-exec-6] s.w.s.m.m.a.RequestMappingHandlerMapping : Mapped to com.dauphine.pft.controllers.SavingsGoalController#getAll(SavingsGoalStatus, String, BigDecimal, BigDecimal, LocalDate, LocalDate)
2026-06-02T22:17:07.280+02:00 DEBUG 14904 --- [personal-finance-tracker] [nio-8080-exec-8] s.w.s.m.m.a.RequestMappingHandlerMapping : Mapped to com.dauphine.pft.controllers.CategoryController#getAll(String, CategoryType)
2026-06-02T22:17:07.278+02:00 DEBUG 14904 --- [personal-finance-tracker] [nio-8080-exec-7] s.w.s.m.m.a.RequestMappingHandlerMapping : Mapped to com.dauphine.pft.controllers.TransactionController#getAll(TransactionType, UUID, String, LocalDate, LocalDate, BigDecimal, BigDecimal, String)
2026-06-02T22:17:07.330+02:00 DEBUG 14904 --- [personal-finance-tracker] [nio-8080-exec-7] org.hibernate.SQL                        : 
    select
        t1_0.id,
        t1_0.amount,
        t1_0.category_id,
        t1_0.created_at,
        t1_0.description,
        t1_0.title,
        t1_0.transaction_date,
        t1_0.type,
        t1_0.updated_at,
        t1_0.user_id 
    from
        finance_transaction t1_0 
    where
        t1_0.user_id=? 
    order by
        t1_0.transaction_date desc
Hibernate: 
    select
        t1_0.id,
        t1_0.amount,
        t1_0.category_id,
        t1_0.created_at,
        t1_0.description,
        t1_0.title,
        t1_0.transaction_date,
        t1_0.type,
        t1_0.updated_at,
        t1_0.user_id 
    from
        finance_transaction t1_0 
    where
        t1_0.user_id=? 
    order by
        t1_0.transaction_date desc
2026-06-02T22:17:07.386+02:00 DEBUG 14904 --- [personal-finance-tracker] [nio-8080-exec-7] org.hibernate.SQL                        : 
    select
        c1_0.id,
        c1_0.created_at,
        c1_0.description,
        c1_0.name,
        c1_0.type,
        c1_0.updated_at,
        c1_0.user_id 
    from
        category c1_0 
    where
        c1_0.id=?
Hibernate: 
    select
        c1_0.id,
        c1_0.created_at,
        c1_0.description,
        c1_0.name,
        c1_0.type,
        c1_0.updated_at,
        c1_0.user_id 
    from
        category c1_0 
    where
        c1_0.id=?
2026-06-02T22:17:07.435+02:00 DEBUG 14904 --- [personal-finance-tracker] [nio-8080-exec-7] org.hibernate.SQL                        : 
    select
        c1_0.id,
        c1_0.created_at,
        c1_0.description,
        c1_0.name,
        c1_0.type,
        c1_0.updated_at,
        c1_0.user_id 
    from
        category c1_0 
    where
        c1_0.id=?
Hibernate: 
    select
        c1_0.id,
        c1_0.created_at,
        c1_0.description,
        c1_0.name,
        c1_0.type,
        c1_0.updated_at,
        c1_0.user_id 
    from
        category c1_0 
    where
        c1_0.id=?
2026-06-02T22:17:07.483+02:00 DEBUG 14904 --- [personal-finance-tracker] [nio-8080-exec-7] org.hibernate.SQL                        : 
    select
        c1_0.id,
        c1_0.created_at,
        c1_0.description,
        c1_0.name,
        c1_0.type,
        c1_0.updated_at,
        c1_0.user_id 
    from
        category c1_0 
    where
        c1_0.id=?
Hibernate: 
    select
        c1_0.id,
        c1_0.created_at,
        c1_0.description,
        c1_0.name,
        c1_0.type,
        c1_0.updated_at,
        c1_0.user_id 
    from
        category c1_0 
    where
        c1_0.id=?
2026-06-02T22:17:07.526+02:00 DEBUG 14904 --- [personal-finance-tracker] [nio-8080-exec-7] org.hibernate.SQL                        : 
    select
        c1_0.id,
        c1_0.created_at,
        c1_0.description,
        c1_0.name,
        c1_0.type,
        c1_0.updated_at,
        c1_0.user_id 
    from
        category c1_0 
    where
        c1_0.id=?
Hibernate: 
    select
        c1_0.id,
        c1_0.created_at,
        c1_0.description,
        c1_0.name,
        c1_0.type,
        c1_0.updated_at,
        c1_0.user_id 
    from
        category c1_0 
    where
        c1_0.id=?
2026-06-02T22:17:07.570+02:00 DEBUG 14904 --- [personal-finance-tracker] [nio-8080-exec-7] o.s.w.s.m.m.a.HttpEntityMethodProcessor  : Using 'application/json', given [application/json, text/plain, */*] and supported [application/json, application/*+json, application/yaml]
2026-06-02T22:17:07.570+02:00 DEBUG 14904 --- [personal-finance-tracker] [nio-8080-exec-7] o.s.w.s.m.m.a.HttpEntityMethodProcessor  : Writing [[com.dauphine.pft.dto.responses.TransactionResponse@5696a754, com.dauphine.pft.dto.responses.Transac (truncated)...]
2026-06-02T22:17:07.573+02:00 DEBUG 14904 --- [personal-finance-tracker] [nio-8080-exec-7] o.s.web.servlet.DispatcherServlet        : Completed 200 OK
2026-06-02T22:17:07.573+02:00 DEBUG 14904 --- [personal-finance-tracker] [nio-8080-exec-6] org.hibernate.SQL                        : 
    select
        sg1_0.id,
        sg1_0.created_at,
        sg1_0.current_amount,
        sg1_0.deadline,
        sg1_0.description,
        sg1_0.name,
        sg1_0.status,
        sg1_0.target_amount,
        sg1_0.updated_at,
        sg1_0.user_id 
    from
        savings_goal sg1_0 
    where
        sg1_0.user_id=? 
        and sg1_0.status='IN_PROGRESS' 
        and sg1_0.deadline<?
Hibernate: 
    select
        sg1_0.id,
        sg1_0.created_at,
        sg1_0.current_amount,
        sg1_0.deadline,
        sg1_0.description,
        sg1_0.name,
        sg1_0.status,
        sg1_0.target_amount,
        sg1_0.updated_at,
        sg1_0.user_id 
    from
        savings_goal sg1_0 
    where
        sg1_0.user_id=? 
        and sg1_0.status='IN_PROGRESS' 
        and sg1_0.deadline<?
2026-06-02T22:17:07.604+02:00 DEBUG 14904 --- [personal-finance-tracker] [nio-8080-exec-8] org.hibernate.SQL                        : 
    select
        c1_0.id,
        c1_0.created_at,
        c1_0.description,
        c1_0.name,
        c1_0.type,
        c1_0.updated_at,
        c1_0.user_id 
    from
        category c1_0 
    where
        c1_0.user_id=?
Hibernate: 
    select
        c1_0.id,
        c1_0.created_at,
        c1_0.description,
        c1_0.name,
        c1_0.type,
        c1_0.updated_at,
        c1_0.user_id 
    from
        category c1_0 
    where
        c1_0.user_id=?
2026-06-02T22:17:07.617+02:00 DEBUG 14904 --- [personal-finance-tracker] [nio-8080-exec-6] org.hibernate.SQL                        : 
    select
        sg1_0.id,
        sg1_0.created_at,
        sg1_0.current_amount,
        sg1_0.deadline,
        sg1_0.description,
        sg1_0.name,
        sg1_0.status,
        sg1_0.target_amount,
        sg1_0.updated_at,
        sg1_0.user_id 
    from
        savings_goal sg1_0 
    where
        sg1_0.user_id=?
Hibernate: 
    select
        sg1_0.id,
        sg1_0.created_at,
        sg1_0.current_amount,
        sg1_0.deadline,
        sg1_0.description,
        sg1_0.name,
        sg1_0.status,
        sg1_0.target_amount,
        sg1_0.updated_at,
        sg1_0.user_id 
    from
        savings_goal sg1_0 
    where
        sg1_0.user_id=?
2026-06-02T22:17:07.651+02:00 DEBUG 14904 --- [personal-finance-tracker] [nio-8080-exec-8] o.s.w.s.m.m.a.HttpEntityMethodProcessor  : Using 'application/json', given [application/json, text/plain, */*] and supported [application/json, application/*+json, application/yaml]
2026-06-02T22:17:07.652+02:00 DEBUG 14904 --- [personal-finance-tracker] [nio-8080-exec-8] o.s.w.s.m.m.a.HttpEntityMethodProcessor  : Writing [[com.dauphine.pft.dto.responses.CategoryResponse@2a581647, com.dauphine.pft.dto.responses.CategoryRe (truncated)...]
2026-06-02T22:17:07.653+02:00 DEBUG 14904 --- [personal-finance-tracker] [nio-8080-exec-8] o.s.web.servlet.DispatcherServlet        : Completed 200 OK
2026-06-02T22:17:07.669+02:00 DEBUG 14904 --- [personal-finance-tracker] [nio-8080-exec-6] o.s.w.s.m.m.a.HttpEntityMethodProcessor  : Using 'application/json', given [application/json, text/plain, */*] and supported [application/json, application/*+json, application/yaml]
2026-06-02T22:17:07.670+02:00 DEBUG 14904 --- [personal-finance-tracker] [nio-8080-exec-6] o.s.w.s.m.m.a.HttpEntityMethodProcessor  : Writing [[com.dauphine.pft.dto.responses.SavingsGoalResponse@5121c1c8, com.dauphine.pft.dto.responses.Savings (truncated)...]
2026-06-02T22:17:07.671+02:00 DEBUG 14904 --- [personal-finance-tracker] [nio-8080-exec-6] o.s.web.servlet.DispatcherServlet        : Completed 200 OK
2026-06-02T22:19:08.920+02:00 DEBUG 14904 --- [personal-finance-tracker] [nio-8080-exec-4] o.s.web.servlet.DispatcherServlet        : GET "/v1/transactions", parameters={}
2026-06-02T22:19:08.920+02:00 DEBUG 14904 --- [personal-finance-tracker] [nio-8080-exec-7] o.s.web.servlet.DispatcherServlet        : GET "/v1/savings-goals", parameters={}
2026-06-02T22:19:08.920+02:00 DEBUG 14904 --- [personal-finance-tracker] [nio-8080-exec-8] o.s.web.servlet.DispatcherServlet        : GET "/v1/categories", parameters={}
2026-06-02T22:19:08.921+02:00 DEBUG 14904 --- [personal-finance-tracker] [nio-8080-exec-4] s.w.s.m.m.a.RequestMappingHandlerMapping : Mapped to com.dauphine.pft.controllers.TransactionController#getAll(TransactionType, UUID, String, LocalDate, LocalDate, BigDecimal, BigDecimal, String)
2026-06-02T22:19:08.921+02:00 DEBUG 14904 --- [personal-finance-tracker] [nio-8080-exec-7] s.w.s.m.m.a.RequestMappingHandlerMapping : Mapped to com.dauphine.pft.controllers.SavingsGoalController#getAll(SavingsGoalStatus, String, BigDecimal, BigDecimal, LocalDate, LocalDate)
2026-06-02T22:19:08.921+02:00 DEBUG 14904 --- [personal-finance-tracker] [nio-8080-exec-8] s.w.s.m.m.a.RequestMappingHandlerMapping : Mapped to com.dauphine.pft.controllers.CategoryController#getAll(String, CategoryType)
2026-06-02T22:19:09.015+02:00 DEBUG 14904 --- [personal-finance-tracker] [nio-8080-exec-7] org.hibernate.SQL                        : 
    select
        sg1_0.id,
        sg1_0.created_at,
        sg1_0.current_amount,
        sg1_0.deadline,
        sg1_0.description,
        sg1_0.name,
        sg1_0.status,
        sg1_0.target_amount,
        sg1_0.updated_at,
        sg1_0.user_id 
    from
        savings_goal sg1_0 
    where
        sg1_0.user_id=? 
        and sg1_0.status='IN_PROGRESS' 
        and sg1_0.deadline<?
Hibernate: 
    select
        sg1_0.id,
        sg1_0.created_at,
        sg1_0.current_amount,
        sg1_0.deadline,
        sg1_0.description,
        sg1_0.name,
        sg1_0.status,
        sg1_0.target_amount,
        sg1_0.updated_at,
        sg1_0.user_id 
    from
        savings_goal sg1_0 
    where
        sg1_0.user_id=? 
        and sg1_0.status='IN_PROGRESS' 
        and sg1_0.deadline<?
2026-06-02T22:19:09.068+02:00 DEBUG 14904 --- [personal-finance-tracker] [nio-8080-exec-7] org.hibernate.SQL                        : 
    select
        sg1_0.id,
        sg1_0.created_at,
        sg1_0.current_amount,
        sg1_0.deadline,
        sg1_0.description,
        sg1_0.name,
        sg1_0.status,
        sg1_0.target_amount,
        sg1_0.updated_at,
        sg1_0.user_id 
    from
        savings_goal sg1_0 
    where
        sg1_0.user_id=?
Hibernate: 
    select
        sg1_0.id,
        sg1_0.created_at,
        sg1_0.current_amount,
        sg1_0.deadline,
        sg1_0.description,
        sg1_0.name,
        sg1_0.status,
        sg1_0.target_amount,
        sg1_0.updated_at,
        sg1_0.user_id 
    from
        savings_goal sg1_0 
    where
        sg1_0.user_id=?
2026-06-02T22:19:09.127+02:00 DEBUG 14904 --- [personal-finance-tracker] [nio-8080-exec-7] o.s.w.s.m.m.a.HttpEntityMethodProcessor  : Using 'application/json', given [application/json, text/plain, */*] and supported [application/json, application/*+json, application/yaml]
2026-06-02T22:19:09.128+02:00 DEBUG 14904 --- [personal-finance-tracker] [nio-8080-exec-7] o.s.w.s.m.m.a.HttpEntityMethodProcessor  : Writing [[com.dauphine.pft.dto.responses.SavingsGoalResponse@4234673f, com.dauphine.pft.dto.responses.Savings (truncated)...]
2026-06-02T22:19:09.132+02:00 DEBUG 14904 --- [personal-finance-tracker] [nio-8080-exec-7] o.s.web.servlet.DispatcherServlet        : Completed 200 OK
2026-06-02T22:19:09.132+02:00 DEBUG 14904 --- [personal-finance-tracker] [nio-8080-exec-4] org.hibernate.SQL                        : 
    select
        t1_0.id,
        t1_0.amount,
        t1_0.category_id,
        t1_0.created_at,
        t1_0.description,
        t1_0.title,
        t1_0.transaction_date,
        t1_0.type,
        t1_0.updated_at,
        t1_0.user_id 
    from
        finance_transaction t1_0 
    where
        t1_0.user_id=? 
    order by
        t1_0.transaction_date desc
Hibernate: 
    select
        t1_0.id,
        t1_0.amount,
        t1_0.category_id,
        t1_0.created_at,
        t1_0.description,
        t1_0.title,
        t1_0.transaction_date,
        t1_0.type,
        t1_0.updated_at,
        t1_0.user_id 
    from
        finance_transaction t1_0 
    where
        t1_0.user_id=? 
    order by
        t1_0.transaction_date desc
2026-06-02T22:19:09.190+02:00 DEBUG 14904 --- [personal-finance-tracker] [nio-8080-exec-4] org.hibernate.SQL                        : 
    select
        c1_0.id,
        c1_0.created_at,
        c1_0.description,
        c1_0.name,
        c1_0.type,
        c1_0.updated_at,
        c1_0.user_id 
    from
        category c1_0 
    where
        c1_0.id=?
Hibernate: 
    select
        c1_0.id,
        c1_0.created_at,
        c1_0.description,
        c1_0.name,
        c1_0.type,
        c1_0.updated_at,
        c1_0.user_id 
    from
        category c1_0 
    where
        c1_0.id=?
2026-06-02T22:19:09.234+02:00 DEBUG 14904 --- [personal-finance-tracker] [nio-8080-exec-4] org.hibernate.SQL                        : 
    select
        c1_0.id,
        c1_0.created_at,
        c1_0.description,
        c1_0.name,
        c1_0.type,
        c1_0.updated_at,
        c1_0.user_id 
    from
        category c1_0 
    where
        c1_0.id=?
Hibernate: 
    select
        c1_0.id,
        c1_0.created_at,
        c1_0.description,
        c1_0.name,
        c1_0.type,
        c1_0.updated_at,
        c1_0.user_id 
    from
        category c1_0 
    where
        c1_0.id=?
2026-06-02T22:19:09.279+02:00 DEBUG 14904 --- [personal-finance-tracker] [nio-8080-exec-4] org.hibernate.SQL                        : 
    select
        c1_0.id,
        c1_0.created_at,
        c1_0.description,
        c1_0.name,
        c1_0.type,
        c1_0.updated_at,
        c1_0.user_id 
    from
        category c1_0 
    where
        c1_0.id=?
Hibernate: 
    select
        c1_0.id,
        c1_0.created_at,
        c1_0.description,
        c1_0.name,
        c1_0.type,
        c1_0.updated_at,
        c1_0.user_id 
    from
        category c1_0 
    where
        c1_0.id=?
2026-06-02T22:19:09.290+02:00 DEBUG 14904 --- [personal-finance-tracker] [nio-8080-exec-8] org.hibernate.SQL                        : 
    select
        c1_0.id,
        c1_0.created_at,
        c1_0.description,
        c1_0.name,
        c1_0.type,
        c1_0.updated_at,
        c1_0.user_id 
    from
        category c1_0 
    where
        c1_0.user_id=?
Hibernate: 
    select
        c1_0.id,
        c1_0.created_at,
        c1_0.description,
        c1_0.name,
        c1_0.type,
        c1_0.updated_at,
        c1_0.user_id 
    from
        category c1_0 
    where
        c1_0.user_id=?
2026-06-02T22:19:09.334+02:00 DEBUG 14904 --- [personal-finance-tracker] [nio-8080-exec-4] org.hibernate.SQL                        : 
    select
        c1_0.id,
        c1_0.created_at,
        c1_0.description,
        c1_0.name,
        c1_0.type,
        c1_0.updated_at,
        c1_0.user_id 
    from
        category c1_0 
    where
        c1_0.id=?
Hibernate: 
    select
        c1_0.id,
        c1_0.created_at,
        c1_0.description,
        c1_0.name,
        c1_0.type,
        c1_0.updated_at,
        c1_0.user_id 
    from
        category c1_0 
    where
        c1_0.id=?
2026-06-02T22:19:09.347+02:00 DEBUG 14904 --- [personal-finance-tracker] [nio-8080-exec-8] o.s.w.s.m.m.a.HttpEntityMethodProcessor  : Using 'application/json', given [application/json, text/plain, */*] and supported [application/json, application/*+json, application/yaml]
2026-06-02T22:19:09.348+02:00 DEBUG 14904 --- [personal-finance-tracker] [nio-8080-exec-8] o.s.w.s.m.m.a.HttpEntityMethodProcessor  : Writing [[com.dauphine.pft.dto.responses.CategoryResponse@255cde2b, com.dauphine.pft.dto.responses.CategoryRe (truncated)...]
2026-06-02T22:19:09.353+02:00 DEBUG 14904 --- [personal-finance-tracker] [nio-8080-exec-8] o.s.web.servlet.DispatcherServlet        : Completed 200 OK
2026-06-02T22:19:09.383+02:00 DEBUG 14904 --- [personal-finance-tracker] [nio-8080-exec-4] o.s.w.s.m.m.a.HttpEntityMethodProcessor  : Using 'application/json', given [application/json, text/plain, */*] and supported [application/json, application/*+json, application/yaml]
2026-06-02T22:19:09.385+02:00 DEBUG 14904 --- [personal-finance-tracker] [nio-8080-exec-4] o.s.w.s.m.m.a.HttpEntityMethodProcessor  : Writing [[com.dauphine.pft.dto.responses.TransactionResponse@7eaadafd, com.dauphine.pft.dto.responses.Transac (truncated)...]
2026-06-02T22:19:09.387+02:00 DEBUG 14904 --- [personal-finance-tracker] [nio-8080-exec-4] o.s.web.servlet.DispatcherServlet        : Completed 200 OK
2026-06-02T22:19:11.768+02:00 DEBUG 14904 --- [personal-finance-tracker] [nio-8080-exec-6] o.s.web.servlet.DispatcherServlet        : GET "/v1/transactions", parameters={}
2026-06-02T22:19:11.768+02:00 DEBUG 14904 --- [personal-finance-tracker] [nio-8080-exec-9] o.s.web.servlet.DispatcherServlet        : GET "/v1/categories", parameters={}
2026-06-02T22:19:11.769+02:00 DEBUG 14904 --- [personal-finance-tracker] [nio-8080-exec-6] s.w.s.m.m.a.RequestMappingHandlerMapping : Mapped to com.dauphine.pft.controllers.TransactionController#getAll(TransactionType, UUID, String, LocalDate, LocalDate, BigDecimal, BigDecimal, String)
2026-06-02T22:19:11.770+02:00 DEBUG 14904 --- [personal-finance-tracker] [nio-8080-exec-9] s.w.s.m.m.a.RequestMappingHandlerMapping : Mapped to com.dauphine.pft.controllers.CategoryController#getAll(String, CategoryType)
2026-06-02T22:19:11.845+02:00 DEBUG 14904 --- [personal-finance-tracker] [nio-8080-exec-9] org.hibernate.SQL                        : 
    select
        c1_0.id,
        c1_0.created_at,
        c1_0.description,
        c1_0.name,
        c1_0.type,
        c1_0.updated_at,
        c1_0.user_id 
    from
        category c1_0 
    where
        c1_0.user_id=?
Hibernate: 
    select
        c1_0.id,
        c1_0.created_at,
        c1_0.description,
        c1_0.name,
        c1_0.type,
        c1_0.updated_at,
        c1_0.user_id 
    from
        category c1_0 
    where
        c1_0.user_id=?
2026-06-02T22:19:11.855+02:00 DEBUG 14904 --- [personal-finance-tracker] [nio-8080-exec-6] org.hibernate.SQL                        : 
    select
        t1_0.id,
        t1_0.amount,
        t1_0.category_id,
        t1_0.created_at,
        t1_0.description,
        t1_0.title,
        t1_0.transaction_date,
        t1_0.type,
        t1_0.updated_at,
        t1_0.user_id 
    from
        finance_transaction t1_0 
    where
        t1_0.user_id=? 
    order by
        t1_0.transaction_date desc
Hibernate: 
    select
        t1_0.id,
        t1_0.amount,
        t1_0.category_id,
        t1_0.created_at,
        t1_0.description,
        t1_0.title,
        t1_0.transaction_date,
        t1_0.type,
        t1_0.updated_at,
        t1_0.user_id 
    from
        finance_transaction t1_0 
    where
        t1_0.user_id=? 
    order by
        t1_0.transaction_date desc
2026-06-02T22:19:11.898+02:00 DEBUG 14904 --- [personal-finance-tracker] [nio-8080-exec-9] o.s.w.s.m.m.a.HttpEntityMethodProcessor  : Using 'application/json', given [application/json, text/plain, */*] and supported [application/json, application/*+json, application/yaml]
2026-06-02T22:19:11.900+02:00 DEBUG 14904 --- [personal-finance-tracker] [nio-8080-exec-9] o.s.w.s.m.m.a.HttpEntityMethodProcessor  : Writing [[com.dauphine.pft.dto.responses.CategoryResponse@12591490, com.dauphine.pft.dto.responses.CategoryRe (truncated)...]
2026-06-02T22:19:11.903+02:00 DEBUG 14904 --- [personal-finance-tracker] [nio-8080-exec-9] o.s.web.servlet.DispatcherServlet        : Completed 200 OK
2026-06-02T22:19:11.909+02:00 DEBUG 14904 --- [personal-finance-tracker] [nio-8080-exec-6] org.hibernate.SQL                        : 
    select
        c1_0.id,
        c1_0.created_at,
        c1_0.description,
        c1_0.name,
        c1_0.type,
        c1_0.updated_at,
        c1_0.user_id 
    from
        category c1_0 
    where
        c1_0.id=?
Hibernate: 
    select
        c1_0.id,
        c1_0.created_at,
        c1_0.description,
        c1_0.name,
        c1_0.type,
        c1_0.updated_at,
        c1_0.user_id 
    from
        category c1_0 
    where
        c1_0.id=?
2026-06-02T22:19:11.962+02:00 DEBUG 14904 --- [personal-finance-tracker] [nio-8080-exec-6] org.hibernate.SQL                        : 
    select
        c1_0.id,
        c1_0.created_at,
        c1_0.description,
        c1_0.name,
        c1_0.type,
        c1_0.updated_at,
        c1_0.user_id 
    from
        category c1_0 
    where
        c1_0.id=?
Hibernate: 
    select
        c1_0.id,
        c1_0.created_at,
        c1_0.description,
        c1_0.name,
        c1_0.type,
        c1_0.updated_at,
        c1_0.user_id 
    from
        category c1_0 
    where
        c1_0.id=?
2026-06-02T22:19:12.008+02:00 DEBUG 14904 --- [personal-finance-tracker] [nio-8080-exec-6] org.hibernate.SQL                        : 
    select
        c1_0.id,
        c1_0.created_at,
        c1_0.description,
        c1_0.name,
        c1_0.type,
        c1_0.updated_at,
        c1_0.user_id 
    from
        category c1_0 
    where
        c1_0.id=?
Hibernate: 
    select
        c1_0.id,
        c1_0.created_at,
        c1_0.description,
        c1_0.name,
        c1_0.type,
        c1_0.updated_at,
        c1_0.user_id 
    from
        category c1_0 
    where
        c1_0.id=?
2026-06-02T22:19:12.053+02:00 DEBUG 14904 --- [personal-finance-tracker] [nio-8080-exec-6] org.hibernate.SQL                        : 
    select
        c1_0.id,
        c1_0.created_at,
        c1_0.description,
        c1_0.name,
        c1_0.type,
        c1_0.updated_at,
        c1_0.user_id 
    from
        category c1_0 
    where
        c1_0.id=?
Hibernate: 
    select
        c1_0.id,
        c1_0.created_at,
        c1_0.description,
        c1_0.name,
        c1_0.type,
        c1_0.updated_at,
        c1_0.user_id 
    from
        category c1_0 
    where
        c1_0.id=?
2026-06-02T22:19:12.099+02:00 DEBUG 14904 --- [personal-finance-tracker] [nio-8080-exec-6] o.s.w.s.m.m.a.HttpEntityMethodProcessor  : Using 'application/json', given [application/json, text/plain, */*] and supported [application/json, application/*+json, application/yaml]
2026-06-02T22:19:12.100+02:00 DEBUG 14904 --- [personal-finance-tracker] [nio-8080-exec-6] o.s.w.s.m.m.a.HttpEntityMethodProcessor  : Writing [[com.dauphine.pft.dto.responses.TransactionResponse@746b3a66, com.dauphine.pft.dto.responses.Transac (truncated)...]
2026-06-02T22:19:12.102+02:00 DEBUG 14904 --- [personal-finance-tracker] [nio-8080-exec-6] o.s.web.servlet.DispatcherServlet        : Completed 200 OK
2026-06-02T22:19:13.151+02:00 DEBUG 14904 --- [personal-finance-tracker] [io-8080-exec-10] o.s.web.servlet.DispatcherServlet        : GET "/v1/categories", parameters={}
2026-06-02T22:19:13.152+02:00 DEBUG 14904 --- [personal-finance-tracker] [io-8080-exec-10] s.w.s.m.m.a.RequestMappingHandlerMapping : Mapped to com.dauphine.pft.controllers.CategoryController#getAll(String, CategoryType)
2026-06-02T22:19:13.229+02:00 DEBUG 14904 --- [personal-finance-tracker] [io-8080-exec-10] org.hibernate.SQL                        : 
    select
        c1_0.id,
        c1_0.created_at,
        c1_0.description,
        c1_0.name,
        c1_0.type,
        c1_0.updated_at,
        c1_0.user_id 
    from
        category c1_0 
    where
        c1_0.user_id=?
Hibernate: 
    select
        c1_0.id,
        c1_0.created_at,
        c1_0.description,
        c1_0.name,
        c1_0.type,
        c1_0.updated_at,
        c1_0.user_id 
    from
        category c1_0 
    where
        c1_0.user_id=?
2026-06-02T22:19:13.292+02:00 DEBUG 14904 --- [personal-finance-tracker] [io-8080-exec-10] o.s.w.s.m.m.a.HttpEntityMethodProcessor  : Using 'application/json', given [application/json, text/plain, */*] and supported [application/json, application/*+json, application/yaml]
2026-06-02T22:19:13.292+02:00 DEBUG 14904 --- [personal-finance-tracker] [io-8080-exec-10] o.s.w.s.m.m.a.HttpEntityMethodProcessor  : Writing [[com.dauphine.pft.dto.responses.CategoryResponse@3f27c7c3, com.dauphine.pft.dto.responses.CategoryRe (truncated)...]
2026-06-02T22:19:13.296+02:00 DEBUG 14904 --- [personal-finance-tracker] [io-8080-exec-10] o.s.web.servlet.DispatcherServlet        : Completed 200 OK
2026-06-02T22:19:14.617+02:00 DEBUG 14904 --- [personal-finance-tracker] [nio-8080-exec-5] o.s.web.servlet.DispatcherServlet        : GET "/v1/savings-goals", parameters={}
2026-06-02T22:19:14.618+02:00 DEBUG 14904 --- [personal-finance-tracker] [nio-8080-exec-5] s.w.s.m.m.a.RequestMappingHandlerMapping : Mapped to com.dauphine.pft.controllers.SavingsGoalController#getAll(SavingsGoalStatus, String, BigDecimal, BigDecimal, LocalDate, LocalDate)
2026-06-02T22:19:14.691+02:00 DEBUG 14904 --- [personal-finance-tracker] [nio-8080-exec-5] org.hibernate.SQL                        : 
    select
        sg1_0.id,
        sg1_0.created_at,
        sg1_0.current_amount,
        sg1_0.deadline,
        sg1_0.description,
        sg1_0.name,
        sg1_0.status,
        sg1_0.target_amount,
        sg1_0.updated_at,
        sg1_0.user_id 
    from
        savings_goal sg1_0 
    where
        sg1_0.user_id=? 
        and sg1_0.status='IN_PROGRESS' 
        and sg1_0.deadline<?
Hibernate: 
    select
        sg1_0.id,
        sg1_0.created_at,
        sg1_0.current_amount,
        sg1_0.deadline,
        sg1_0.description,
        sg1_0.name,
        sg1_0.status,
        sg1_0.target_amount,
        sg1_0.updated_at,
        sg1_0.user_id 
    from
        savings_goal sg1_0 
    where
        sg1_0.user_id=? 
        and sg1_0.status='IN_PROGRESS' 
        and sg1_0.deadline<?
2026-06-02T22:19:14.744+02:00 DEBUG 14904 --- [personal-finance-tracker] [nio-8080-exec-5] org.hibernate.SQL                        : 
    select
        sg1_0.id,
        sg1_0.created_at,
        sg1_0.current_amount,
        sg1_0.deadline,
        sg1_0.description,
        sg1_0.name,
        sg1_0.status,
        sg1_0.target_amount,
        sg1_0.updated_at,
        sg1_0.user_id 
    from
        savings_goal sg1_0 
    where
        sg1_0.user_id=?
Hibernate: 
    select
        sg1_0.id,
        sg1_0.created_at,
        sg1_0.current_amount,
        sg1_0.deadline,
        sg1_0.description,
        sg1_0.name,
        sg1_0.status,
        sg1_0.target_amount,
        sg1_0.updated_at,
        sg1_0.user_id 
    from
        savings_goal sg1_0 
    where
        sg1_0.user_id=?
2026-06-02T22:19:14.790+02:00 DEBUG 14904 --- [personal-finance-tracker] [nio-8080-exec-5] o.s.w.s.m.m.a.HttpEntityMethodProcessor  : Using 'application/json', given [application/json, text/plain, */*] and supported [application/json, application/*+json, application/yaml]
2026-06-02T22:19:14.791+02:00 DEBUG 14904 --- [personal-finance-tracker] [nio-8080-exec-5] o.s.w.s.m.m.a.HttpEntityMethodProcessor  : Writing [[com.dauphine.pft.dto.responses.SavingsGoalResponse@7d0f2449, com.dauphine.pft.dto.responses.Savings (truncated)...]
2026-06-02T22:19:14.794+02:00 DEBUG 14904 --- [personal-finance-tracker] [nio-8080-exec-5] o.s.web.servlet.DispatcherServlet        : Completed 200 OK
2026-06-02T22:19:16.925+02:00 DEBUG 14904 --- [personal-finance-tracker] [nio-8080-exec-8] o.s.web.servlet.DispatcherServlet        : GET "/v1/categories", parameters={}
2026-06-02T22:19:16.926+02:00 DEBUG 14904 --- [personal-finance-tracker] [nio-8080-exec-8] s.w.s.m.m.a.RequestMappingHandlerMapping : Mapped to com.dauphine.pft.controllers.CategoryController#getAll(String, CategoryType)
2026-06-02T22:19:16.926+02:00 DEBUG 14904 --- [personal-finance-tracker] [nio-8080-exec-4] o.s.web.servlet.DispatcherServlet        : GET "/v1/budgets", parameters={}
2026-06-02T22:19:16.930+02:00 DEBUG 14904 --- [personal-finance-tracker] [nio-8080-exec-4] s.w.s.m.m.a.RequestMappingHandlerMapping : Mapped to com.dauphine.pft.controllers.BudgetController#getAll()
2026-06-02T22:19:16.930+02:00 DEBUG 14904 --- [personal-finance-tracker] [nio-8080-exec-9] o.s.web.servlet.DispatcherServlet        : GET "/v1/categories", parameters={}
2026-06-02T22:19:16.931+02:00 DEBUG 14904 --- [personal-finance-tracker] [nio-8080-exec-9] s.w.s.m.m.a.RequestMappingHandlerMapping : Mapped to com.dauphine.pft.controllers.CategoryController#getAll(String, CategoryType)
2026-06-02T22:19:17.014+02:00 DEBUG 14904 --- [personal-finance-tracker] [nio-8080-exec-4] org.hibernate.SQL                        : 
    select
        b1_0.id,
        b1_0.category_id,
        b1_0.created_at,
        b1_0.monthly_cap,
        b1_0.period,
        b1_0.updated_at,
        b1_0.user_id 
    from
        budget b1_0 
    where
        b1_0.user_id=?
Hibernate: 
    select
        b1_0.id,
        b1_0.category_id,
        b1_0.created_at,
        b1_0.monthly_cap,
        b1_0.period,
        b1_0.updated_at,
        b1_0.user_id 
    from
        budget b1_0 
    where
        b1_0.user_id=?
2026-06-02T22:19:17.018+02:00 DEBUG 14904 --- [personal-finance-tracker] [nio-8080-exec-8] org.hibernate.SQL                        : 
    select
        c1_0.id,
        c1_0.created_at,
        c1_0.description,
        c1_0.name,
        c1_0.type,
        c1_0.updated_at,
        c1_0.user_id 
    from
        category c1_0 
    where
        c1_0.user_id=?
Hibernate: 
    select
        c1_0.id,
        c1_0.created_at,
        c1_0.description,
        c1_0.name,
        c1_0.type,
        c1_0.updated_at,
        c1_0.user_id 
    from
        category c1_0 
    where
        c1_0.user_id=?
2026-06-02T22:19:17.018+02:00 DEBUG 14904 --- [personal-finance-tracker] [nio-8080-exec-9] org.hibernate.SQL                        : 
    select
        c1_0.id,
        c1_0.created_at,
        c1_0.description,
        c1_0.name,
        c1_0.type,
        c1_0.updated_at,
        c1_0.user_id 
    from
        category c1_0 
    where
        c1_0.user_id=?
Hibernate: 
    select
        c1_0.id,
        c1_0.created_at,
        c1_0.description,
        c1_0.name,
        c1_0.type,
        c1_0.updated_at,
        c1_0.user_id 
    from
        category c1_0 
    where
        c1_0.user_id=?
2026-06-02T22:19:17.082+02:00 DEBUG 14904 --- [personal-finance-tracker] [nio-8080-exec-9] o.s.w.s.m.m.a.HttpEntityMethodProcessor  : Using 'application/json', given [application/json, text/plain, */*] and supported [application/json, application/*+json, application/yaml]
2026-06-02T22:19:17.082+02:00 DEBUG 14904 --- [personal-finance-tracker] [nio-8080-exec-8] o.s.w.s.m.m.a.HttpEntityMethodProcessor  : Using 'application/json', given [application/json, text/plain, */*] and supported [application/json, application/*+json, application/yaml]
2026-06-02T22:19:17.085+02:00 DEBUG 14904 --- [personal-finance-tracker] [nio-8080-exec-9] o.s.w.s.m.m.a.HttpEntityMethodProcessor  : Writing [[com.dauphine.pft.dto.responses.CategoryResponse@70dd8bf1, com.dauphine.pft.dto.responses.CategoryRe (truncated)...]
2026-06-02T22:19:17.085+02:00 DEBUG 14904 --- [personal-finance-tracker] [nio-8080-exec-8] o.s.w.s.m.m.a.HttpEntityMethodProcessor  : Writing [[com.dauphine.pft.dto.responses.CategoryResponse@7f473c6, com.dauphine.pft.dto.responses.CategoryRes (truncated)...]
2026-06-02T22:19:17.087+02:00 DEBUG 14904 --- [personal-finance-tracker] [nio-8080-exec-8] o.s.web.servlet.DispatcherServlet        : Completed 200 OK
2026-06-02T22:19:17.087+02:00 DEBUG 14904 --- [personal-finance-tracker] [nio-8080-exec-9] o.s.web.servlet.DispatcherServlet        : Completed 200 OK
2026-06-02T22:19:17.118+02:00 DEBUG 14904 --- [personal-finance-tracker] [nio-8080-exec-4] org.hibernate.SQL                        : 
    select
        coalesce(sum(t1_0.amount), 0) 
    from
        finance_transaction t1_0 
    where
        t1_0.user_id=? 
        and t1_0.category_id=? 
        and t1_0.type='EXPENSE' 
        and t1_0.transaction_date>=? 
        and t1_0.transaction_date<=?
Hibernate: 
    select
        coalesce(sum(t1_0.amount), 0) 
    from
        finance_transaction t1_0 
    where
        t1_0.user_id=? 
        and t1_0.category_id=? 
        and t1_0.type='EXPENSE' 
        and t1_0.transaction_date>=? 
        and t1_0.transaction_date<=?
2026-06-02T22:19:17.171+02:00 DEBUG 14904 --- [personal-finance-tracker] [nio-8080-exec-4] org.hibernate.SQL                        : 
    select
        c1_0.id,
        c1_0.created_at,
        c1_0.description,
        c1_0.name,
        c1_0.type,
        c1_0.updated_at,
        c1_0.user_id 
    from
        category c1_0 
    where
        c1_0.id=?
Hibernate: 
    select
        c1_0.id,
        c1_0.created_at,
        c1_0.description,
        c1_0.name,
        c1_0.type,
        c1_0.updated_at,
        c1_0.user_id 
    from
        category c1_0 
    where
        c1_0.id=?
2026-06-02T22:19:17.218+02:00 DEBUG 14904 --- [personal-finance-tracker] [nio-8080-exec-4] org.hibernate.SQL                        : 
    select
        coalesce(sum(t1_0.amount), 0) 
    from
        finance_transaction t1_0 
    where
        t1_0.user_id=? 
        and t1_0.category_id=? 
        and t1_0.type='EXPENSE' 
        and t1_0.transaction_date>=? 
        and t1_0.transaction_date<=?
Hibernate: 
    select
        coalesce(sum(t1_0.amount), 0) 
    from
        finance_transaction t1_0 
    where
        t1_0.user_id=? 
        and t1_0.category_id=? 
        and t1_0.type='EXPENSE' 
        and t1_0.transaction_date>=? 
        and t1_0.transaction_date<=?
2026-06-02T22:19:17.270+02:00 DEBUG 14904 --- [personal-finance-tracker] [nio-8080-exec-4] org.hibernate.SQL                        : 
    select
        c1_0.id,
        c1_0.created_at,
        c1_0.description,
        c1_0.name,
        c1_0.type,
        c1_0.updated_at,
        c1_0.user_id 
    from
        category c1_0 
    where
        c1_0.id=?
Hibernate: 
    select
        c1_0.id,
        c1_0.created_at,
        c1_0.description,
        c1_0.name,
        c1_0.type,
        c1_0.updated_at,
        c1_0.user_id 
    from
        category c1_0 
    where
        c1_0.id=?
2026-06-02T22:19:17.318+02:00 DEBUG 14904 --- [personal-finance-tracker] [nio-8080-exec-4] o.s.w.s.m.m.a.HttpEntityMethodProcessor  : Using 'application/json', given [application/json, text/plain, */*] and supported [application/json, application/*+json, application/yaml]
2026-06-02T22:19:17.318+02:00 DEBUG 14904 --- [personal-finance-tracker] [nio-8080-exec-4] o.s.w.s.m.m.a.HttpEntityMethodProcessor  : Writing [[com.dauphine.pft.dto.responses.BudgetUsageResponse@cf4e9cd, com.dauphine.pft.dto.responses.BudgetUs (truncated)...]
2026-06-02T22:19:17.322+02:00 DEBUG 14904 --- [personal-finance-tracker] [nio-8080-exec-4] o.s.web.servlet.DispatcherServlet        : Completed 200 OK
2026-06-02T22:19:20.122+02:00 DEBUG 14904 --- [personal-finance-tracker] [nio-8080-exec-6] o.s.web.servlet.DispatcherServlet        : GET "/v1/categories", parameters={}
2026-06-02T22:19:20.122+02:00 DEBUG 14904 --- [personal-finance-tracker] [io-8080-exec-10] o.s.web.servlet.DispatcherServlet        : GET "/v1/budgets", parameters={}
2026-06-02T22:19:20.122+02:00 DEBUG 14904 --- [personal-finance-tracker] [nio-8080-exec-2] o.s.web.servlet.DispatcherServlet        : GET "/v1/categories", parameters={}
2026-06-02T22:19:20.122+02:00 DEBUG 14904 --- [personal-finance-tracker] [nio-8080-exec-6] s.w.s.m.m.a.RequestMappingHandlerMapping : Mapped to com.dauphine.pft.controllers.CategoryController#getAll(String, CategoryType)
2026-06-02T22:19:20.123+02:00 DEBUG 14904 --- [personal-finance-tracker] [io-8080-exec-10] s.w.s.m.m.a.RequestMappingHandlerMapping : Mapped to com.dauphine.pft.controllers.BudgetController#getAll()
2026-06-02T22:19:20.123+02:00 DEBUG 14904 --- [personal-finance-tracker] [nio-8080-exec-2] s.w.s.m.m.a.RequestMappingHandlerMapping : Mapped to com.dauphine.pft.controllers.CategoryController#getAll(String, CategoryType)
2026-06-02T22:19:20.196+02:00 DEBUG 14904 --- [personal-finance-tracker] [nio-8080-exec-6] org.hibernate.SQL                        : 
    select
        c1_0.id,
        c1_0.created_at,
        c1_0.description,
        c1_0.name,
        c1_0.type,
        c1_0.updated_at,
        c1_0.user_id 
    from
        category c1_0 
    where
        c1_0.user_id=?
Hibernate: 
    select
        c1_0.id,
        c1_0.created_at,
        c1_0.description,
        c1_0.name,
        c1_0.type,
        c1_0.updated_at,
        c1_0.user_id 
    from
        category c1_0 
    where
        c1_0.user_id=?
2026-06-02T22:19:20.203+02:00 DEBUG 14904 --- [personal-finance-tracker] [io-8080-exec-10] org.hibernate.SQL                        : 
    select
        b1_0.id,
        b1_0.category_id,
        b1_0.created_at,
        b1_0.monthly_cap,
        b1_0.period,
        b1_0.updated_at,
        b1_0.user_id 
    from
        budget b1_0 
    where
        b1_0.user_id=?
2026-06-02T22:19:20.203+02:00 DEBUG 14904 --- [personal-finance-tracker] [nio-8080-exec-2] org.hibernate.SQL                        : 
    select
        c1_0.id,
        c1_0.created_at,
        c1_0.description,
        c1_0.name,
        c1_0.type,
        c1_0.updated_at,
        c1_0.user_id 
    from
        category c1_0 
    where
        c1_0.user_id=?
Hibernate: 
    select
        c1_0.id,
        c1_0.created_at,
        c1_0.description,
        c1_0.name,
        c1_0.type,
        c1_0.updated_at,
        c1_0.user_id 
    from
        category c1_0 
    where
        c1_0.user_id=?
Hibernate: 
    select
        b1_0.id,
        b1_0.category_id,
        b1_0.created_at,
        b1_0.monthly_cap,
        b1_0.period,
        b1_0.updated_at,
        b1_0.user_id 
    from
        budget b1_0 
    where
        b1_0.user_id=?
2026-06-02T22:19:20.247+02:00 DEBUG 14904 --- [personal-finance-tracker] [nio-8080-exec-6] o.s.w.s.m.m.a.HttpEntityMethodProcessor  : Using 'application/json', given [application/json, text/plain, */*] and supported [application/json, application/*+json, application/yaml]
2026-06-02T22:19:20.248+02:00 DEBUG 14904 --- [personal-finance-tracker] [nio-8080-exec-6] o.s.w.s.m.m.a.HttpEntityMethodProcessor  : Writing [[com.dauphine.pft.dto.responses.CategoryResponse@23144276, com.dauphine.pft.dto.responses.CategoryRe (truncated)...]
2026-06-02T22:19:20.250+02:00 DEBUG 14904 --- [personal-finance-tracker] [nio-8080-exec-6] o.s.web.servlet.DispatcherServlet        : Completed 200 OK
2026-06-02T22:19:20.254+02:00 DEBUG 14904 --- [personal-finance-tracker] [nio-8080-exec-2] o.s.w.s.m.m.a.HttpEntityMethodProcessor  : Using 'application/json', given [application/json, text/plain, */*] and supported [application/json, application/*+json, application/yaml]
2026-06-02T22:19:20.254+02:00 DEBUG 14904 --- [personal-finance-tracker] [io-8080-exec-10] org.hibernate.SQL                        : 
    select
        coalesce(sum(t1_0.amount), 0) 
    from
        finance_transaction t1_0 
    where
        t1_0.user_id=? 
        and t1_0.category_id=? 
        and t1_0.type='EXPENSE' 
        and t1_0.transaction_date>=? 
        and t1_0.transaction_date<=?
Hibernate: 
    select
        coalesce(sum(t1_0.amount), 0) 
    from
        finance_transaction t1_0 
    where
        t1_0.user_id=? 
        and t1_0.category_id=? 
        and t1_0.type='EXPENSE' 
        and t1_0.transaction_date>=? 
        and t1_0.transaction_date<=?
2026-06-02T22:19:20.255+02:00 DEBUG 14904 --- [personal-finance-tracker] [nio-8080-exec-2] o.s.w.s.m.m.a.HttpEntityMethodProcessor  : Writing [[com.dauphine.pft.dto.responses.CategoryResponse@10ae34bd, com.dauphine.pft.dto.responses.CategoryRe (truncated)...]
2026-06-02T22:19:20.257+02:00 DEBUG 14904 --- [personal-finance-tracker] [nio-8080-exec-2] o.s.web.servlet.DispatcherServlet        : Completed 200 OK
2026-06-02T22:19:20.301+02:00 DEBUG 14904 --- [personal-finance-tracker] [io-8080-exec-10] org.hibernate.SQL                        : 
    select
        c1_0.id,
        c1_0.created_at,
        c1_0.description,
        c1_0.name,
        c1_0.type,
        c1_0.updated_at,
        c1_0.user_id 
    from
        category c1_0 
    where
        c1_0.id=?
Hibernate: 
    select
        c1_0.id,
        c1_0.created_at,
        c1_0.description,
        c1_0.name,
        c1_0.type,
        c1_0.updated_at,
        c1_0.user_id 
    from
        category c1_0 
    where
        c1_0.id=?
2026-06-02T22:19:20.351+02:00 DEBUG 14904 --- [personal-finance-tracker] [io-8080-exec-10] org.hibernate.SQL                        : 
    select
        coalesce(sum(t1_0.amount), 0) 
    from
        finance_transaction t1_0 
    where
        t1_0.user_id=? 
        and t1_0.category_id=? 
        and t1_0.type='EXPENSE' 
        and t1_0.transaction_date>=? 
        and t1_0.transaction_date<=?
Hibernate: 
    select
        coalesce(sum(t1_0.amount), 0) 
    from
        finance_transaction t1_0 
    where
        t1_0.user_id=? 
        and t1_0.category_id=? 
        and t1_0.type='EXPENSE' 
        and t1_0.transaction_date>=? 
        and t1_0.transaction_date<=?
2026-06-02T22:19:20.400+02:00 DEBUG 14904 --- [personal-finance-tracker] [io-8080-exec-10] org.hibernate.SQL                        : 
    select
        c1_0.id,
        c1_0.created_at,
        c1_0.description,
        c1_0.name,
        c1_0.type,
        c1_0.updated_at,
        c1_0.user_id 
    from
        category c1_0 
    where
        c1_0.id=?
Hibernate: 
    select
        c1_0.id,
        c1_0.created_at,
        c1_0.description,
        c1_0.name,
        c1_0.type,
        c1_0.updated_at,
        c1_0.user_id 
    from
        category c1_0 
    where
        c1_0.id=?
2026-06-02T22:19:20.452+02:00 DEBUG 14904 --- [personal-finance-tracker] [io-8080-exec-10] o.s.w.s.m.m.a.HttpEntityMethodProcessor  : Using 'application/json', given [application/json, text/plain, */*] and supported [application/json, application/*+json, application/yaml]
2026-06-02T22:19:20.452+02:00 DEBUG 14904 --- [personal-finance-tracker] [io-8080-exec-10] o.s.w.s.m.m.a.HttpEntityMethodProcessor  : Writing [[com.dauphine.pft.dto.responses.BudgetUsageResponse@2ed67725, com.dauphine.pft.dto.responses.BudgetU (truncated)...]
2026-06-02T22:19:20.454+02:00 DEBUG 14904 --- [personal-finance-tracker] [io-8080-exec-10] o.s.web.servlet.DispatcherServlet        : Completed 200 OK
2026-06-02T22:19:23.706+02:00 DEBUG 14904 --- [personal-finance-tracker] [nio-8080-exec-8] o.s.web.servlet.DispatcherServlet        : GET "/v1/transactions", parameters={}
2026-06-02T22:19:23.706+02:00 DEBUG 14904 --- [personal-finance-tracker] [nio-8080-exec-9] o.s.web.servlet.DispatcherServlet        : GET "/v1/savings-goals", parameters={}
2026-06-02T22:19:23.707+02:00 DEBUG 14904 --- [personal-finance-tracker] [nio-8080-exec-8] s.w.s.m.m.a.RequestMappingHandlerMapping : Mapped to com.dauphine.pft.controllers.TransactionController#getAll(TransactionType, UUID, String, LocalDate, LocalDate, BigDecimal, BigDecimal, String)
2026-06-02T22:19:23.706+02:00 DEBUG 14904 --- [personal-finance-tracker] [nio-8080-exec-7] o.s.web.servlet.DispatcherServlet        : GET "/v1/categories", parameters={}
2026-06-02T22:19:23.707+02:00 DEBUG 14904 --- [personal-finance-tracker] [nio-8080-exec-9] s.w.s.m.m.a.RequestMappingHandlerMapping : Mapped to com.dauphine.pft.controllers.SavingsGoalController#getAll(SavingsGoalStatus, String, BigDecimal, BigDecimal, LocalDate, LocalDate)
2026-06-02T22:19:23.708+02:00 DEBUG 14904 --- [personal-finance-tracker] [nio-8080-exec-7] s.w.s.m.m.a.RequestMappingHandlerMapping : Mapped to com.dauphine.pft.controllers.CategoryController#getAll(String, CategoryType)
2026-06-02T22:19:23.751+02:00 DEBUG 14904 --- [personal-finance-tracker] [nio-8080-exec-9] org.hibernate.SQL                        : 
    select
        sg1_0.id,
        sg1_0.created_at,
        sg1_0.current_amount,
        sg1_0.deadline,
        sg1_0.description,
        sg1_0.name,
        sg1_0.status,
        sg1_0.target_amount,
        sg1_0.updated_at,
        sg1_0.user_id 
    from
        savings_goal sg1_0 
    where
        sg1_0.user_id=? 
        and sg1_0.status='IN_PROGRESS' 
        and sg1_0.deadline<?
Hibernate: 
    select
        sg1_0.id,
        sg1_0.created_at,
        sg1_0.current_amount,
        sg1_0.deadline,
        sg1_0.description,
        sg1_0.name,
        sg1_0.status,
        sg1_0.target_amount,
        sg1_0.updated_at,
        sg1_0.user_id 
    from
        savings_goal sg1_0 
    where
        sg1_0.user_id=? 
        and sg1_0.status='IN_PROGRESS' 
        and sg1_0.deadline<?
2026-06-02T22:19:23.756+02:00 DEBUG 14904 --- [personal-finance-tracker] [nio-8080-exec-7] org.hibernate.SQL                        : 
    select
        c1_0.id,
        c1_0.created_at,
        c1_0.description,
        c1_0.name,
        c1_0.type,
        c1_0.updated_at,
        c1_0.user_id 
    from
        category c1_0 
    where
        c1_0.user_id=?
2026-06-02T22:19:23.756+02:00 DEBUG 14904 --- [personal-finance-tracker] [nio-8080-exec-8] org.hibernate.SQL                        : 
    select
        t1_0.id,
        t1_0.amount,
        t1_0.category_id,
        t1_0.created_at,
        t1_0.description,
        t1_0.title,
        t1_0.transaction_date,
        t1_0.type,
        t1_0.updated_at,
        t1_0.user_id 
    from
        finance_transaction t1_0 
    where
        t1_0.user_id=? 
    order by
        t1_0.transaction_date desc
Hibernate: 
    select
        c1_0.id,
        c1_0.created_at,
        c1_0.description,
        c1_0.name,
        c1_0.type,
        c1_0.updated_at,
        c1_0.user_id 
    from
        category c1_0 
    where
        c1_0.user_id=?
Hibernate: 
    select
        t1_0.id,
        t1_0.amount,
        t1_0.category_id,
        t1_0.created_at,
        t1_0.description,
        t1_0.title,
        t1_0.transaction_date,
        t1_0.type,
        t1_0.updated_at,
        t1_0.user_id 
    from
        finance_transaction t1_0 
    where
        t1_0.user_id=? 
    order by
        t1_0.transaction_date desc
2026-06-02T22:19:23.809+02:00 DEBUG 14904 --- [personal-finance-tracker] [nio-8080-exec-9] org.hibernate.SQL                        : 
    select
        sg1_0.id,
        sg1_0.created_at,
        sg1_0.current_amount,
        sg1_0.deadline,
        sg1_0.description,
        sg1_0.name,
        sg1_0.status,
        sg1_0.target_amount,
        sg1_0.updated_at,
        sg1_0.user_id 
    from
        savings_goal sg1_0 
    where
        sg1_0.user_id=?
Hibernate: 
    select
        sg1_0.id,
        sg1_0.created_at,
        sg1_0.current_amount,
        sg1_0.deadline,
        sg1_0.description,
        sg1_0.name,
        sg1_0.status,
        sg1_0.target_amount,
        sg1_0.updated_at,
        sg1_0.user_id 
    from
        savings_goal sg1_0 
    where
        sg1_0.user_id=?
2026-06-02T22:19:23.810+02:00 DEBUG 14904 --- [personal-finance-tracker] [nio-8080-exec-7] o.s.w.s.m.m.a.HttpEntityMethodProcessor  : Using 'application/json', given [application/json, text/plain, */*] and supported [application/json, application/*+json, application/yaml]
2026-06-02T22:19:23.814+02:00 DEBUG 14904 --- [personal-finance-tracker] [nio-8080-exec-7] o.s.w.s.m.m.a.HttpEntityMethodProcessor  : Writing [[com.dauphine.pft.dto.responses.CategoryResponse@77872a0a, com.dauphine.pft.dto.responses.CategoryRe (truncated)...]
2026-06-02T22:19:23.817+02:00 DEBUG 14904 --- [personal-finance-tracker] [nio-8080-exec-7] o.s.web.servlet.DispatcherServlet        : Completed 200 OK
2026-06-02T22:19:23.818+02:00 DEBUG 14904 --- [personal-finance-tracker] [nio-8080-exec-8] org.hibernate.SQL                        : 
    select
        c1_0.id,
        c1_0.created_at,
        c1_0.description,
        c1_0.name,
        c1_0.type,
        c1_0.updated_at,
        c1_0.user_id 
    from
        category c1_0 
    where
        c1_0.id=?
Hibernate: 
    select
        c1_0.id,
        c1_0.created_at,
        c1_0.description,
        c1_0.name,
        c1_0.type,
        c1_0.updated_at,
        c1_0.user_id 
    from
        category c1_0 
    where
        c1_0.id=?
2026-06-02T22:19:23.877+02:00 DEBUG 14904 --- [personal-finance-tracker] [nio-8080-exec-8] org.hibernate.SQL                        : 
    select
        c1_0.id,
        c1_0.created_at,
        c1_0.description,
        c1_0.name,
        c1_0.type,
        c1_0.updated_at,
        c1_0.user_id 
    from
        category c1_0 
    where
        c1_0.id=?
Hibernate: 
    select
        c1_0.id,
        c1_0.created_at,
        c1_0.description,
        c1_0.name,
        c1_0.type,
        c1_0.updated_at,
        c1_0.user_id 
    from
        category c1_0 
    where
        c1_0.id=?
2026-06-02T22:19:23.880+02:00 DEBUG 14904 --- [personal-finance-tracker] [nio-8080-exec-9] o.s.w.s.m.m.a.HttpEntityMethodProcessor  : Using 'application/json', given [application/json, text/plain, */*] and supported [application/json, application/*+json, application/yaml]
2026-06-02T22:19:23.880+02:00 DEBUG 14904 --- [personal-finance-tracker] [nio-8080-exec-9] o.s.w.s.m.m.a.HttpEntityMethodProcessor  : Writing [[com.dauphine.pft.dto.responses.SavingsGoalResponse@66dd116e, com.dauphine.pft.dto.responses.Savings (truncated)...]
2026-06-02T22:19:23.884+02:00 DEBUG 14904 --- [personal-finance-tracker] [nio-8080-exec-9] o.s.web.servlet.DispatcherServlet        : Completed 200 OK
2026-06-02T22:19:23.917+02:00 DEBUG 14904 --- [personal-finance-tracker] [nio-8080-exec-8] org.hibernate.SQL                        : 
    select
        c1_0.id,
        c1_0.created_at,
        c1_0.description,
        c1_0.name,
        c1_0.type,
        c1_0.updated_at,
        c1_0.user_id 
    from
        category c1_0 
    where
        c1_0.id=?
Hibernate: 
    select
        c1_0.id,
        c1_0.created_at,
        c1_0.description,
        c1_0.name,
        c1_0.type,
        c1_0.updated_at,
        c1_0.user_id 
    from
        category c1_0 
    where
        c1_0.id=?
2026-06-02T22:19:23.969+02:00 DEBUG 14904 --- [personal-finance-tracker] [nio-8080-exec-8] org.hibernate.SQL                        : 
    select
        c1_0.id,
        c1_0.created_at,
        c1_0.description,
        c1_0.name,
        c1_0.type,
        c1_0.updated_at,
        c1_0.user_id 
    from
        category c1_0 
    where
        c1_0.id=?
Hibernate: 
    select
        c1_0.id,
        c1_0.created_at,
        c1_0.description,
        c1_0.name,
        c1_0.type,
        c1_0.updated_at,
        c1_0.user_id 
    from
        category c1_0 
    where
        c1_0.id=?
2026-06-02T22:19:24.017+02:00 DEBUG 14904 --- [personal-finance-tracker] [nio-8080-exec-8] o.s.w.s.m.m.a.HttpEntityMethodProcessor  : Using 'application/json', given [application/json, text/plain, */*] and supported [application/json, application/*+json, application/yaml]
2026-06-02T22:19:24.018+02:00 DEBUG 14904 --- [personal-finance-tracker] [nio-8080-exec-8] o.s.w.s.m.m.a.HttpEntityMethodProcessor  : Writing [[com.dauphine.pft.dto.responses.TransactionResponse@18c79bc3, com.dauphine.pft.dto.responses.Transac (truncated)...]
2026-06-02T22:19:24.020+02:00 DEBUG 14904 --- [personal-finance-tracker] [nio-8080-exec-8] o.s.web.servlet.DispatcherServlet        : Completed 200 OK
2026-06-02T22:19:24.565+02:00 DEBUG 14904 --- [personal-finance-tracker] [nio-8080-exec-4] o.s.web.servlet.DispatcherServlet        : GET "/v1/transactions", parameters={}
2026-06-02T22:19:24.565+02:00 DEBUG 14904 --- [personal-finance-tracker] [nio-8080-exec-6] o.s.web.servlet.DispatcherServlet        : GET "/v1/categories", parameters={}
2026-06-02T22:19:24.565+02:00 DEBUG 14904 --- [personal-finance-tracker] [nio-8080-exec-4] s.w.s.m.m.a.RequestMappingHandlerMapping : Mapped to com.dauphine.pft.controllers.TransactionController#getAll(TransactionType, UUID, String, LocalDate, LocalDate, BigDecimal, BigDecimal, String)
2026-06-02T22:19:24.566+02:00 DEBUG 14904 --- [personal-finance-tracker] [nio-8080-exec-6] s.w.s.m.m.a.RequestMappingHandlerMapping : Mapped to com.dauphine.pft.controllers.CategoryController#getAll(String, CategoryType)
2026-06-02T22:19:24.615+02:00 DEBUG 14904 --- [personal-finance-tracker] [nio-8080-exec-6] org.hibernate.SQL                        : 
    select
        c1_0.id,
        c1_0.created_at,
        c1_0.description,
        c1_0.name,
        c1_0.type,
        c1_0.updated_at,
        c1_0.user_id 
    from
        category c1_0 
    where
        c1_0.user_id=?
Hibernate: 
    select
        c1_0.id,
        c1_0.created_at,
        c1_0.description,
        c1_0.name,
        c1_0.type,
        c1_0.updated_at,
        c1_0.user_id 
    from
        category c1_0 
    where
        c1_0.user_id=?
2026-06-02T22:19:24.619+02:00 DEBUG 14904 --- [personal-finance-tracker] [nio-8080-exec-4] org.hibernate.SQL                        : 
    select
        t1_0.id,
        t1_0.amount,
        t1_0.category_id,
        t1_0.created_at,
        t1_0.description,
        t1_0.title,
        t1_0.transaction_date,
        t1_0.type,
        t1_0.updated_at,
        t1_0.user_id 
    from
        finance_transaction t1_0 
    where
        t1_0.user_id=? 
    order by
        t1_0.transaction_date desc
Hibernate: 
    select
        t1_0.id,
        t1_0.amount,
        t1_0.category_id,
        t1_0.created_at,
        t1_0.description,
        t1_0.title,
        t1_0.transaction_date,
        t1_0.type,
        t1_0.updated_at,
        t1_0.user_id 
    from
        finance_transaction t1_0 
    where
        t1_0.user_id=? 
    order by
        t1_0.transaction_date desc
2026-06-02T22:19:24.666+02:00 DEBUG 14904 --- [personal-finance-tracker] [nio-8080-exec-6] o.s.w.s.m.m.a.HttpEntityMethodProcessor  : Using 'application/json', given [application/json, text/plain, */*] and supported [application/json, application/*+json, application/yaml]
2026-06-02T22:19:24.666+02:00 DEBUG 14904 --- [personal-finance-tracker] [nio-8080-exec-6] o.s.w.s.m.m.a.HttpEntityMethodProcessor  : Writing [[com.dauphine.pft.dto.responses.CategoryResponse@1c0da0ae, com.dauphine.pft.dto.responses.CategoryRe (truncated)...]
2026-06-02T22:19:24.669+02:00 DEBUG 14904 --- [personal-finance-tracker] [nio-8080-exec-6] o.s.web.servlet.DispatcherServlet        : Completed 200 OK
2026-06-02T22:19:24.682+02:00 DEBUG 14904 --- [personal-finance-tracker] [nio-8080-exec-4] org.hibernate.SQL                        : 
    select
        c1_0.id,
        c1_0.created_at,
        c1_0.description,
        c1_0.name,
        c1_0.type,
        c1_0.updated_at,
        c1_0.user_id 
    from
        category c1_0 
    where
        c1_0.id=?
Hibernate: 
    select
        c1_0.id,
        c1_0.created_at,
        c1_0.description,
        c1_0.name,
        c1_0.type,
        c1_0.updated_at,
        c1_0.user_id 
    from
        category c1_0 
    where
        c1_0.id=?
2026-06-02T22:19:24.734+02:00 DEBUG 14904 --- [personal-finance-tracker] [nio-8080-exec-4] org.hibernate.SQL                        : 
    select
        c1_0.id,
        c1_0.created_at,
        c1_0.description,
        c1_0.name,
        c1_0.type,
        c1_0.updated_at,
        c1_0.user_id 
    from
        category c1_0 
    where
        c1_0.id=?
Hibernate: 
    select
        c1_0.id,
        c1_0.created_at,
        c1_0.description,
        c1_0.name,
        c1_0.type,
        c1_0.updated_at,
        c1_0.user_id 
    from
        category c1_0 
    where
        c1_0.id=?
2026-06-02T22:19:24.787+02:00 DEBUG 14904 --- [personal-finance-tracker] [nio-8080-exec-4] org.hibernate.SQL                        : 
    select
        c1_0.id,
        c1_0.created_at,
        c1_0.description,
        c1_0.name,
        c1_0.type,
        c1_0.updated_at,
        c1_0.user_id 
    from
        category c1_0 
    where
        c1_0.id=?
Hibernate: 
    select
        c1_0.id,
        c1_0.created_at,
        c1_0.description,
        c1_0.name,
        c1_0.type,
        c1_0.updated_at,
        c1_0.user_id 
    from
        category c1_0 
    where
        c1_0.id=?
2026-06-02T22:19:24.840+02:00 DEBUG 14904 --- [personal-finance-tracker] [nio-8080-exec-4] org.hibernate.SQL                        : 
    select
        c1_0.id,
        c1_0.created_at,
        c1_0.description,
        c1_0.name,
        c1_0.type,
        c1_0.updated_at,
        c1_0.user_id 
    from
        category c1_0 
    where
        c1_0.id=?
Hibernate: 
    select
        c1_0.id,
        c1_0.created_at,
        c1_0.description,
        c1_0.name,
        c1_0.type,
        c1_0.updated_at,
        c1_0.user_id 
    from
        category c1_0 
    where
        c1_0.id=?
2026-06-02T22:19:24.888+02:00 DEBUG 14904 --- [personal-finance-tracker] [nio-8080-exec-4] o.s.w.s.m.m.a.HttpEntityMethodProcessor  : Using 'application/json', given [application/json, text/plain, */*] and supported [application/json, application/*+json, application/yaml]
2026-06-02T22:19:24.890+02:00 DEBUG 14904 --- [personal-finance-tracker] [nio-8080-exec-4] o.s.w.s.m.m.a.HttpEntityMethodProcessor  : Writing [[com.dauphine.pft.dto.responses.TransactionResponse@585ae9fa, com.dauphine.pft.dto.responses.Transac (truncated)...]
2026-06-02T22:19:24.891+02:00 DEBUG 14904 --- [personal-finance-tracker] [nio-8080-exec-4] o.s.web.servlet.DispatcherServlet        : Completed 200 OK
2026-06-02T22:19:26.567+02:00 DEBUG 14904 --- [personal-finance-tracker] [nio-8080-exec-2] o.s.web.servlet.DispatcherServlet        : GET "/v1/categories", parameters={}
2026-06-02T22:19:26.569+02:00 DEBUG 14904 --- [personal-finance-tracker] [nio-8080-exec-2] s.w.s.m.m.a.RequestMappingHandlerMapping : Mapped to com.dauphine.pft.controllers.CategoryController#getAll(String, CategoryType)
2026-06-02T22:19:26.653+02:00 DEBUG 14904 --- [personal-finance-tracker] [nio-8080-exec-2] org.hibernate.SQL                        : 
    select
        c1_0.id,
        c1_0.created_at,
        c1_0.description,
        c1_0.name,
        c1_0.type,
        c1_0.updated_at,
        c1_0.user_id 
    from
        category c1_0 
    where
        c1_0.user_id=?
Hibernate: 
    select
        c1_0.id,
        c1_0.created_at,
        c1_0.description,
        c1_0.name,
        c1_0.type,
        c1_0.updated_at,
        c1_0.user_id 
    from
        category c1_0 
    where
        c1_0.user_id=?
2026-06-02T22:19:26.699+02:00 DEBUG 14904 --- [personal-finance-tracker] [nio-8080-exec-2] o.s.w.s.m.m.a.HttpEntityMethodProcessor  : Using 'application/json', given [application/json, text/plain, */*] and supported [application/json, application/*+json, application/yaml]
2026-06-02T22:19:26.700+02:00 DEBUG 14904 --- [personal-finance-tracker] [nio-8080-exec-2] o.s.w.s.m.m.a.HttpEntityMethodProcessor  : Writing [[com.dauphine.pft.dto.responses.CategoryResponse@56a8c87f, com.dauphine.pft.dto.responses.CategoryRe (truncated)...]
2026-06-02T22:19:26.701+02:00 DEBUG 14904 --- [personal-finance-tracker] [nio-8080-exec-2] o.s.web.servlet.DispatcherServlet        : Completed 200 OK
2026-06-02T22:19:39.272+02:00 DEBUG 14904 --- [personal-finance-tracker] [nio-8080-exec-3] o.s.web.servlet.DispatcherServlet        : POST "/v1/transactions", parameters={}
2026-06-02T22:19:39.272+02:00 DEBUG 14904 --- [personal-finance-tracker] [nio-8080-exec-3] s.w.s.m.m.a.RequestMappingHandlerMapping : Mapped to com.dauphine.pft.controllers.TransactionController#create(TransactionRequest)
2026-06-02T22:19:39.324+02:00 DEBUG 14904 --- [personal-finance-tracker] [nio-8080-exec-3] m.m.a.RequestResponseBodyMethodProcessor : Read "application/json;charset=UTF-8" to [com.dauphine.pft.dto.requests.TransactionRequest@5e5b48c4]
2026-06-02T22:19:39.480+02:00 DEBUG 14904 --- [personal-finance-tracker] [nio-8080-exec-3] org.hibernate.SQL                        : 
    select
        au1_0.id,
        au1_0.created_at,
        au1_0.email,
        au1_0.first_name,
        au1_0.last_name,
        au1_0.password_hash,
        au1_0.updated_at 
    from
        app_user au1_0 
    where
        au1_0.id=?
Hibernate: 
    select
        au1_0.id,
        au1_0.created_at,
        au1_0.email,
        au1_0.first_name,
        au1_0.last_name,
        au1_0.password_hash,
        au1_0.updated_at 
    from
        app_user au1_0 
    where
        au1_0.id=?
2026-06-02T22:19:39.597+02:00 DEBUG 14904 --- [personal-finance-tracker] [nio-8080-exec-3] org.hibernate.SQL                        : 
    select
        c1_0.id,
        c1_0.created_at,
        c1_0.description,
        c1_0.name,
        c1_0.type,
        c1_0.updated_at,
        c1_0.user_id 
    from
        category c1_0 
    where
        c1_0.id=? 
        and c1_0.user_id=?
Hibernate: 
    select
        c1_0.id,
        c1_0.created_at,
        c1_0.description,
        c1_0.name,
        c1_0.type,
        c1_0.updated_at,
        c1_0.user_id 
    from
        category c1_0 
    where
        c1_0.id=? 
        and c1_0.user_id=?
2026-06-02T22:19:39.744+02:00 DEBUG 14904 --- [personal-finance-tracker] [nio-8080-exec-3] org.hibernate.SQL                        : 
    insert 
    into
        finance_transaction
        (amount, category_id, created_at, description, title, transaction_date, type, updated_at, user_id, id) 
    values
        (?, ?, ?, ?, ?, ?, ?, ?, ?, ?)
Hibernate: 
    insert 
    into
        finance_transaction
        (amount, category_id, created_at, description, title, transaction_date, type, updated_at, user_id, id) 
    values
        (?, ?, ?, ?, ?, ?, ?, ?, ?, ?)
2026-06-02T22:19:39.870+02:00 DEBUG 14904 --- [personal-finance-tracker] [nio-8080-exec-3] o.s.w.s.m.m.a.HttpEntityMethodProcessor  : Using 'application/json', given [application/json, text/plain, */*] and supported [application/json, application/*+json, application/yaml]
2026-06-02T22:19:39.871+02:00 DEBUG 14904 --- [personal-finance-tracker] [nio-8080-exec-3] o.s.w.s.m.m.a.HttpEntityMethodProcessor  : Writing [com.dauphine.pft.dto.responses.TransactionResponse@2c8463ea]
2026-06-02T22:19:39.872+02:00 DEBUG 14904 --- [personal-finance-tracker] [nio-8080-exec-3] o.s.web.servlet.DispatcherServlet        : Completed 201 CREATED
2026-06-02T22:19:39.891+02:00 DEBUG 14904 --- [personal-finance-tracker] [nio-8080-exec-5] o.s.web.servlet.DispatcherServlet        : GET "/v1/transactions", parameters={}
2026-06-02T22:19:39.892+02:00 DEBUG 14904 --- [personal-finance-tracker] [nio-8080-exec-5] s.w.s.m.m.a.RequestMappingHandlerMapping : Mapped to com.dauphine.pft.controllers.TransactionController#getAll(TransactionType, UUID, String, LocalDate, LocalDate, BigDecimal, BigDecimal, String)
2026-06-02T22:19:39.894+02:00 DEBUG 14904 --- [personal-finance-tracker] [nio-8080-exec-5] org.hibernate.SQL                        : 
    select
        t1_0.id,
        t1_0.amount,
        t1_0.category_id,
        t1_0.created_at,
        t1_0.description,
        t1_0.title,
        t1_0.transaction_date,
        t1_0.type,
        t1_0.updated_at,
        t1_0.user_id 
    from
        finance_transaction t1_0 
    where
        t1_0.user_id=? 
    order by
        t1_0.transaction_date desc
Hibernate: 
    select
        t1_0.id,
        t1_0.amount,
        t1_0.category_id,
        t1_0.created_at,
        t1_0.description,
        t1_0.title,
        t1_0.transaction_date,
        t1_0.type,
        t1_0.updated_at,
        t1_0.user_id 
    from
        finance_transaction t1_0 
    where
        t1_0.user_id=? 
    order by
        t1_0.transaction_date desc
2026-06-02T22:19:39.894+02:00 DEBUG 14904 --- [personal-finance-tracker] [nio-8080-exec-7] o.s.web.servlet.DispatcherServlet        : GET "/v1/categories", parameters={}
2026-06-02T22:19:39.895+02:00 DEBUG 14904 --- [personal-finance-tracker] [nio-8080-exec-7] s.w.s.m.m.a.RequestMappingHandlerMapping : Mapped to com.dauphine.pft.controllers.CategoryController#getAll(String, CategoryType)
2026-06-02T22:19:39.964+02:00 DEBUG 14904 --- [personal-finance-tracker] [nio-8080-exec-7] org.hibernate.SQL                        : 
    select
        c1_0.id,
        c1_0.created_at,
        c1_0.description,
        c1_0.name,
        c1_0.type,
        c1_0.updated_at,
        c1_0.user_id 
    from
        category c1_0 
    where
        c1_0.user_id=?
Hibernate: 
    select
        c1_0.id,
        c1_0.created_at,
        c1_0.description,
        c1_0.name,
        c1_0.type,
        c1_0.updated_at,
        c1_0.user_id 
    from
        category c1_0 
    where
        c1_0.user_id=?
2026-06-02T22:19:39.966+02:00 DEBUG 14904 --- [personal-finance-tracker] [nio-8080-exec-5] org.hibernate.SQL                        : 
    select
        c1_0.id,
        c1_0.created_at,
        c1_0.description,
        c1_0.name,
        c1_0.type,
        c1_0.updated_at,
        c1_0.user_id 
    from
        category c1_0 
    where
        c1_0.id=?
Hibernate: 
    select
        c1_0.id,
        c1_0.created_at,
        c1_0.description,
        c1_0.name,
        c1_0.type,
        c1_0.updated_at,
        c1_0.user_id 
    from
        category c1_0 
    where
        c1_0.id=?
2026-06-02T22:19:40.016+02:00 DEBUG 14904 --- [personal-finance-tracker] [nio-8080-exec-5] org.hibernate.SQL                        : 
    select
        c1_0.id,
        c1_0.created_at,
        c1_0.description,
        c1_0.name,
        c1_0.type,
        c1_0.updated_at,
        c1_0.user_id 
    from
        category c1_0 
    where
        c1_0.id=?
Hibernate: 
    select
        c1_0.id,
        c1_0.created_at,
        c1_0.description,
        c1_0.name,
        c1_0.type,
        c1_0.updated_at,
        c1_0.user_id 
    from
        category c1_0 
    where
        c1_0.id=?
2026-06-02T22:19:40.021+02:00 DEBUG 14904 --- [personal-finance-tracker] [nio-8080-exec-7] o.s.w.s.m.m.a.HttpEntityMethodProcessor  : Using 'application/json', given [application/json, text/plain, */*] and supported [application/json, application/*+json, application/yaml]
2026-06-02T22:19:40.022+02:00 DEBUG 14904 --- [personal-finance-tracker] [nio-8080-exec-7] o.s.w.s.m.m.a.HttpEntityMethodProcessor  : Writing [[com.dauphine.pft.dto.responses.CategoryResponse@10776d30, com.dauphine.pft.dto.responses.CategoryRe (truncated)...]
2026-06-02T22:19:40.024+02:00 DEBUG 14904 --- [personal-finance-tracker] [nio-8080-exec-7] o.s.web.servlet.DispatcherServlet        : Completed 200 OK
2026-06-02T22:19:40.053+02:00 DEBUG 14904 --- [personal-finance-tracker] [nio-8080-exec-5] org.hibernate.SQL                        : 
    select
        c1_0.id,
        c1_0.created_at,
        c1_0.description,
        c1_0.name,
        c1_0.type,
        c1_0.updated_at,
        c1_0.user_id 
    from
        category c1_0 
    where
        c1_0.id=?
Hibernate: 
    select
        c1_0.id,
        c1_0.created_at,
        c1_0.description,
        c1_0.name,
        c1_0.type,
        c1_0.updated_at,
        c1_0.user_id 
    from
        category c1_0 
    where
        c1_0.id=?
2026-06-02T22:19:40.097+02:00 DEBUG 14904 --- [personal-finance-tracker] [nio-8080-exec-5] org.hibernate.SQL                        : 
    select
        c1_0.id,
        c1_0.created_at,
        c1_0.description,
        c1_0.name,
        c1_0.type,
        c1_0.updated_at,
        c1_0.user_id 
    from
        category c1_0 
    where
        c1_0.id=?
Hibernate: 
    select
        c1_0.id,
        c1_0.created_at,
        c1_0.description,
        c1_0.name,
        c1_0.type,
        c1_0.updated_at,
        c1_0.user_id 
    from
        category c1_0 
    where
        c1_0.id=?
2026-06-02T22:19:40.151+02:00 DEBUG 14904 --- [personal-finance-tracker] [nio-8080-exec-5] o.s.w.s.m.m.a.HttpEntityMethodProcessor  : Using 'application/json', given [application/json, text/plain, */*] and supported [application/json, application/*+json, application/yaml]
2026-06-02T22:19:40.151+02:00 DEBUG 14904 --- [personal-finance-tracker] [nio-8080-exec-5] o.s.w.s.m.m.a.HttpEntityMethodProcessor  : Writing [[com.dauphine.pft.dto.responses.TransactionResponse@4d493da5, com.dauphine.pft.dto.responses.Transac (truncated)...]
2026-06-02T22:19:40.153+02:00 DEBUG 14904 --- [personal-finance-tracker] [nio-8080-exec-5] o.s.web.servlet.DispatcherServlet        : Completed 200 OK
2026-06-02T22:19:42.334+02:00 DEBUG 14904 --- [personal-finance-tracker] [nio-8080-exec-9] o.s.web.servlet.DispatcherServlet        : GET "/v1/categories", parameters={}
2026-06-02T22:19:42.335+02:00 DEBUG 14904 --- [personal-finance-tracker] [nio-8080-exec-6] o.s.web.servlet.DispatcherServlet        : GET "/v1/categories", parameters={}
2026-06-02T22:19:42.338+02:00 DEBUG 14904 --- [personal-finance-tracker] [nio-8080-exec-9] s.w.s.m.m.a.RequestMappingHandlerMapping : Mapped to com.dauphine.pft.controllers.CategoryController#getAll(String, CategoryType)
2026-06-02T22:19:42.338+02:00 DEBUG 14904 --- [personal-finance-tracker] [nio-8080-exec-6] s.w.s.m.m.a.RequestMappingHandlerMapping : Mapped to com.dauphine.pft.controllers.CategoryController#getAll(String, CategoryType)
2026-06-02T22:19:42.341+02:00 DEBUG 14904 --- [personal-finance-tracker] [nio-8080-exec-4] o.s.web.servlet.DispatcherServlet        : GET "/v1/budgets", parameters={}
2026-06-02T22:19:42.342+02:00 DEBUG 14904 --- [personal-finance-tracker] [nio-8080-exec-4] s.w.s.m.m.a.RequestMappingHandlerMapping : Mapped to com.dauphine.pft.controllers.BudgetController#getAll()
2026-06-02T22:19:42.400+02:00 DEBUG 14904 --- [personal-finance-tracker] [nio-8080-exec-6] org.hibernate.SQL                        : 
    select
        c1_0.id,
        c1_0.created_at,
        c1_0.description,
        c1_0.name,
        c1_0.type,
        c1_0.updated_at,
        c1_0.user_id 
    from
        category c1_0 
    where
        c1_0.user_id=?
Hibernate: 
    select
        c1_0.id,
        c1_0.created_at,
        c1_0.description,
        c1_0.name,
        c1_0.type,
        c1_0.updated_at,
        c1_0.user_id 
    from
        category c1_0 
    where
        c1_0.user_id=?
2026-06-02T22:19:42.413+02:00 DEBUG 14904 --- [personal-finance-tracker] [nio-8080-exec-4] org.hibernate.SQL                        : 
    select
        b1_0.id,
        b1_0.category_id,
        b1_0.created_at,
        b1_0.monthly_cap,
        b1_0.period,
        b1_0.updated_at,
        b1_0.user_id 
    from
        budget b1_0 
    where
        b1_0.user_id=?
Hibernate: 
    select
        b1_0.id,
        b1_0.category_id,
        b1_0.created_at,
        b1_0.monthly_cap,
        b1_0.period,
        b1_0.updated_at,
        b1_0.user_id 
    from
        budget b1_0 
    where
        b1_0.user_id=?
2026-06-02T22:19:42.417+02:00 DEBUG 14904 --- [personal-finance-tracker] [nio-8080-exec-9] org.hibernate.SQL                        : 
    select
        c1_0.id,
        c1_0.created_at,
        c1_0.description,
        c1_0.name,
        c1_0.type,
        c1_0.updated_at,
        c1_0.user_id 
    from
        category c1_0 
    where
        c1_0.user_id=?
Hibernate: 
    select
        c1_0.id,
        c1_0.created_at,
        c1_0.description,
        c1_0.name,
        c1_0.type,
        c1_0.updated_at,
        c1_0.user_id 
    from
        category c1_0 
    where
        c1_0.user_id=?
2026-06-02T22:19:42.471+02:00 DEBUG 14904 --- [personal-finance-tracker] [nio-8080-exec-6] o.s.w.s.m.m.a.HttpEntityMethodProcessor  : Using 'application/json', given [application/json, text/plain, */*] and supported [application/json, application/*+json, application/yaml]
2026-06-02T22:19:42.472+02:00 DEBUG 14904 --- [personal-finance-tracker] [nio-8080-exec-6] o.s.w.s.m.m.a.HttpEntityMethodProcessor  : Writing [[com.dauphine.pft.dto.responses.CategoryResponse@f93ce12, com.dauphine.pft.dto.responses.CategoryRes (truncated)...]
2026-06-02T22:19:42.473+02:00 DEBUG 14904 --- [personal-finance-tracker] [nio-8080-exec-6] o.s.web.servlet.DispatcherServlet        : Completed 200 OK
2026-06-02T22:19:42.476+02:00 DEBUG 14904 --- [personal-finance-tracker] [nio-8080-exec-9] o.s.w.s.m.m.a.HttpEntityMethodProcessor  : Using 'application/json', given [application/json, text/plain, */*] and supported [application/json, application/*+json, application/yaml]
2026-06-02T22:19:42.476+02:00 DEBUG 14904 --- [personal-finance-tracker] [nio-8080-exec-4] org.hibernate.SQL                        : 
    select
        coalesce(sum(t1_0.amount), 0) 
    from
        finance_transaction t1_0 
    where
        t1_0.user_id=? 
        and t1_0.category_id=? 
        and t1_0.type='EXPENSE' 
        and t1_0.transaction_date>=? 
        and t1_0.transaction_date<=?
Hibernate: 
    select
        coalesce(sum(t1_0.amount), 0) 
    from
        finance_transaction t1_0 
    where
        t1_0.user_id=? 
        and t1_0.category_id=? 
        and t1_0.type='EXPENSE' 
        and t1_0.transaction_date>=? 
        and t1_0.transaction_date<=?
2026-06-02T22:19:42.477+02:00 DEBUG 14904 --- [personal-finance-tracker] [nio-8080-exec-9] o.s.w.s.m.m.a.HttpEntityMethodProcessor  : Writing [[com.dauphine.pft.dto.responses.CategoryResponse@7153f655, com.dauphine.pft.dto.responses.CategoryRe (truncated)...]
2026-06-02T22:19:42.480+02:00 DEBUG 14904 --- [personal-finance-tracker] [nio-8080-exec-9] o.s.web.servlet.DispatcherServlet        : Completed 200 OK
2026-06-02T22:19:42.535+02:00 DEBUG 14904 --- [personal-finance-tracker] [nio-8080-exec-4] org.hibernate.SQL                        : 
    select
        c1_0.id,
        c1_0.created_at,
        c1_0.description,
        c1_0.name,
        c1_0.type,
        c1_0.updated_at,
        c1_0.user_id 
    from
        category c1_0 
    where
        c1_0.id=?
Hibernate: 
    select
        c1_0.id,
        c1_0.created_at,
        c1_0.description,
        c1_0.name,
        c1_0.type,
        c1_0.updated_at,
        c1_0.user_id 
    from
        category c1_0 
    where
        c1_0.id=?
2026-06-02T22:19:42.573+02:00 DEBUG 14904 --- [personal-finance-tracker] [nio-8080-exec-4] org.hibernate.SQL                        : 
    select
        coalesce(sum(t1_0.amount), 0) 
    from
        finance_transaction t1_0 
    where
        t1_0.user_id=? 
        and t1_0.category_id=? 
        and t1_0.type='EXPENSE' 
        and t1_0.transaction_date>=? 
        and t1_0.transaction_date<=?
Hibernate: 
    select
        coalesce(sum(t1_0.amount), 0) 
    from
        finance_transaction t1_0 
    where
        t1_0.user_id=? 
        and t1_0.category_id=? 
        and t1_0.type='EXPENSE' 
        and t1_0.transaction_date>=? 
        and t1_0.transaction_date<=?
2026-06-02T22:19:42.621+02:00 DEBUG 14904 --- [personal-finance-tracker] [nio-8080-exec-4] org.hibernate.SQL                        : 
    select
        c1_0.id,
        c1_0.created_at,
        c1_0.description,
        c1_0.name,
        c1_0.type,
        c1_0.updated_at,
        c1_0.user_id 
    from
        category c1_0 
    where
        c1_0.id=?
Hibernate: 
    select
        c1_0.id,
        c1_0.created_at,
        c1_0.description,
        c1_0.name,
        c1_0.type,
        c1_0.updated_at,
        c1_0.user_id 
    from
        category c1_0 
    where
        c1_0.id=?
2026-06-02T22:19:42.667+02:00 DEBUG 14904 --- [personal-finance-tracker] [nio-8080-exec-4] o.s.w.s.m.m.a.HttpEntityMethodProcessor  : Using 'application/json', given [application/json, text/plain, */*] and supported [application/json, application/*+json, application/yaml]
2026-06-02T22:19:42.675+02:00 DEBUG 14904 --- [personal-finance-tracker] [nio-8080-exec-4] o.s.w.s.m.m.a.HttpEntityMethodProcessor  : Writing [[com.dauphine.pft.dto.responses.BudgetUsageResponse@3e5ebf71, com.dauphine.pft.dto.responses.BudgetU (truncated)...]
2026-06-02T22:19:42.678+02:00 DEBUG 14904 --- [personal-finance-tracker] [nio-8080-exec-4] o.s.web.servlet.DispatcherServlet        : Completed 200 OK
2026-06-02T22:19:46.407+02:00 DEBUG 14904 --- [personal-finance-tracker] [nio-8080-exec-1] o.s.web.servlet.DispatcherServlet        : GET "/v1/transactions", parameters={}
2026-06-02T22:19:46.408+02:00 DEBUG 14904 --- [personal-finance-tracker] [nio-8080-exec-1] s.w.s.m.m.a.RequestMappingHandlerMapping : Mapped to com.dauphine.pft.controllers.TransactionController#getAll(TransactionType, UUID, String, LocalDate, LocalDate, BigDecimal, BigDecimal, String)
2026-06-02T22:19:46.412+02:00 DEBUG 14904 --- [personal-finance-tracker] [nio-8080-exec-5] o.s.web.servlet.DispatcherServlet        : GET "/v1/savings-goals", parameters={}
2026-06-02T22:19:46.410+02:00 DEBUG 14904 --- [personal-finance-tracker] [nio-8080-exec-7] o.s.web.servlet.DispatcherServlet        : GET "/v1/categories", parameters={}
2026-06-02T22:19:46.413+02:00 DEBUG 14904 --- [personal-finance-tracker] [nio-8080-exec-7] s.w.s.m.m.a.RequestMappingHandlerMapping : Mapped to com.dauphine.pft.controllers.CategoryController#getAll(String, CategoryType)
2026-06-02T22:19:46.413+02:00 DEBUG 14904 --- [personal-finance-tracker] [nio-8080-exec-5] s.w.s.m.m.a.RequestMappingHandlerMapping : Mapped to com.dauphine.pft.controllers.SavingsGoalController#getAll(SavingsGoalStatus, String, BigDecimal, BigDecimal, LocalDate, LocalDate)
2026-06-02T22:19:46.486+02:00 DEBUG 14904 --- [personal-finance-tracker] [nio-8080-exec-7] org.hibernate.SQL                        : 
    select
        c1_0.id,
        c1_0.created_at,
        c1_0.description,
        c1_0.name,
        c1_0.type,
        c1_0.updated_at,
        c1_0.user_id 
    from
        category c1_0 
    where
        c1_0.user_id=?
Hibernate: 
    select
        c1_0.id,
        c1_0.created_at,
        c1_0.description,
        c1_0.name,
        c1_0.type,
        c1_0.updated_at,
        c1_0.user_id 
    from
        category c1_0 
    where
        c1_0.user_id=?
2026-06-02T22:19:46.496+02:00 DEBUG 14904 --- [personal-finance-tracker] [nio-8080-exec-5] org.hibernate.SQL                        : 
    select
        sg1_0.id,
        sg1_0.created_at,
        sg1_0.current_amount,
        sg1_0.deadline,
        sg1_0.description,
        sg1_0.name,
        sg1_0.status,
        sg1_0.target_amount,
        sg1_0.updated_at,
        sg1_0.user_id 
    from
        savings_goal sg1_0 
    where
        sg1_0.user_id=? 
        and sg1_0.status='IN_PROGRESS' 
        and sg1_0.deadline<?
2026-06-02T22:19:46.496+02:00 DEBUG 14904 --- [personal-finance-tracker] [nio-8080-exec-1] org.hibernate.SQL                        : 
    select
        t1_0.id,
        t1_0.amount,
        t1_0.category_id,
        t1_0.created_at,
        t1_0.description,
        t1_0.title,
        t1_0.transaction_date,
        t1_0.type,
        t1_0.updated_at,
        t1_0.user_id 
    from
        finance_transaction t1_0 
    where
        t1_0.user_id=? 
    order by
        t1_0.transaction_date desc
Hibernate: 
    select
        sg1_0.id,
        sg1_0.created_at,
        sg1_0.current_amount,
        sg1_0.deadline,
        sg1_0.description,
        sg1_0.name,
        sg1_0.status,
        sg1_0.target_amount,
        sg1_0.updated_at,
        sg1_0.user_id 
    from
        savings_goal sg1_0 
    where
        sg1_0.user_id=? 
        and sg1_0.status='IN_PROGRESS' 
        and sg1_0.deadline<?
Hibernate: 
    select
        t1_0.id,
        t1_0.amount,
        t1_0.category_id,
        t1_0.created_at,
        t1_0.description,
        t1_0.title,
        t1_0.transaction_date,
        t1_0.type,
        t1_0.updated_at,
        t1_0.user_id 
    from
        finance_transaction t1_0 
    where
        t1_0.user_id=? 
    order by
        t1_0.transaction_date desc
2026-06-02T22:19:46.537+02:00 DEBUG 14904 --- [personal-finance-tracker] [nio-8080-exec-7] o.s.w.s.m.m.a.HttpEntityMethodProcessor  : Using 'application/json', given [application/json, text/plain, */*] and supported [application/json, application/*+json, application/yaml]
2026-06-02T22:19:46.538+02:00 DEBUG 14904 --- [personal-finance-tracker] [nio-8080-exec-7] o.s.w.s.m.m.a.HttpEntityMethodProcessor  : Writing [[com.dauphine.pft.dto.responses.CategoryResponse@6d6a2ce6, com.dauphine.pft.dto.responses.CategoryRe (truncated)...]
2026-06-02T22:19:46.540+02:00 DEBUG 14904 --- [personal-finance-tracker] [nio-8080-exec-7] o.s.web.servlet.DispatcherServlet        : Completed 200 OK
2026-06-02T22:19:46.549+02:00 DEBUG 14904 --- [personal-finance-tracker] [nio-8080-exec-5] org.hibernate.SQL                        : 
    select
        sg1_0.id,
        sg1_0.created_at,
        sg1_0.current_amount,
        sg1_0.deadline,
        sg1_0.description,
        sg1_0.name,
        sg1_0.status,
        sg1_0.target_amount,
        sg1_0.updated_at,
        sg1_0.user_id 
    from
        savings_goal sg1_0 
    where
        sg1_0.user_id=?
Hibernate: 
    select
        sg1_0.id,
        sg1_0.created_at,
        sg1_0.current_amount,
        sg1_0.deadline,
        sg1_0.description,
        sg1_0.name,
        sg1_0.status,
        sg1_0.target_amount,
        sg1_0.updated_at,
        sg1_0.user_id 
    from
        savings_goal sg1_0 
    where
        sg1_0.user_id=?
2026-06-02T22:19:46.552+02:00 DEBUG 14904 --- [personal-finance-tracker] [nio-8080-exec-1] org.hibernate.SQL                        : 
    select
        c1_0.id,
        c1_0.created_at,
        c1_0.description,
        c1_0.name,
        c1_0.type,
        c1_0.updated_at,
        c1_0.user_id 
    from
        category c1_0 
    where
        c1_0.id=?
Hibernate: 
    select
        c1_0.id,
        c1_0.created_at,
        c1_0.description,
        c1_0.name,
        c1_0.type,
        c1_0.updated_at,
        c1_0.user_id 
    from
        category c1_0 
    where
        c1_0.id=?
2026-06-02T22:19:46.597+02:00 DEBUG 14904 --- [personal-finance-tracker] [nio-8080-exec-5] o.s.w.s.m.m.a.HttpEntityMethodProcessor  : Using 'application/json', given [application/json, text/plain, */*] and supported [application/json, application/*+json, application/yaml]
2026-06-02T22:19:46.599+02:00 DEBUG 14904 --- [personal-finance-tracker] [nio-8080-exec-5] o.s.w.s.m.m.a.HttpEntityMethodProcessor  : Writing [[com.dauphine.pft.dto.responses.SavingsGoalResponse@106e8e13, com.dauphine.pft.dto.responses.Savings (truncated)...]
2026-06-02T22:19:46.600+02:00 DEBUG 14904 --- [personal-finance-tracker] [nio-8080-exec-5] o.s.web.servlet.DispatcherServlet        : Completed 200 OK
2026-06-02T22:19:46.604+02:00 DEBUG 14904 --- [personal-finance-tracker] [nio-8080-exec-1] org.hibernate.SQL                        : 
    select
        c1_0.id,
        c1_0.created_at,
        c1_0.description,
        c1_0.name,
        c1_0.type,
        c1_0.updated_at,
        c1_0.user_id 
    from
        category c1_0 
    where
        c1_0.id=?
Hibernate: 
    select
        c1_0.id,
        c1_0.created_at,
        c1_0.description,
        c1_0.name,
        c1_0.type,
        c1_0.updated_at,
        c1_0.user_id 
    from
        category c1_0 
    where
        c1_0.id=?
2026-06-02T22:19:46.649+02:00 DEBUG 14904 --- [personal-finance-tracker] [nio-8080-exec-1] org.hibernate.SQL                        : 
    select
        c1_0.id,
        c1_0.created_at,
        c1_0.description,
        c1_0.name,
        c1_0.type,
        c1_0.updated_at,
        c1_0.user_id 
    from
        category c1_0 
    where
        c1_0.id=?
Hibernate: 
    select
        c1_0.id,
        c1_0.created_at,
        c1_0.description,
        c1_0.name,
        c1_0.type,
        c1_0.updated_at,
        c1_0.user_id 
    from
        category c1_0 
    where
        c1_0.id=?
2026-06-02T22:19:46.693+02:00 DEBUG 14904 --- [personal-finance-tracker] [nio-8080-exec-1] org.hibernate.SQL                        : 
    select
        c1_0.id,
        c1_0.created_at,
        c1_0.description,
        c1_0.name,
        c1_0.type,
        c1_0.updated_at,
        c1_0.user_id 
    from
        category c1_0 
    where
        c1_0.id=?
Hibernate: 
    select
        c1_0.id,
        c1_0.created_at,
        c1_0.description,
        c1_0.name,
        c1_0.type,
        c1_0.updated_at,
        c1_0.user_id 
    from
        category c1_0 
    where
        c1_0.id=?
2026-06-02T22:19:46.733+02:00 DEBUG 14904 --- [personal-finance-tracker] [nio-8080-exec-1] o.s.w.s.m.m.a.HttpEntityMethodProcessor  : Using 'application/json', given [application/json, text/plain, */*] and supported [application/json, application/*+json, application/yaml]
2026-06-02T22:19:46.733+02:00 DEBUG 14904 --- [personal-finance-tracker] [nio-8080-exec-1] o.s.w.s.m.m.a.HttpEntityMethodProcessor  : Writing [[com.dauphine.pft.dto.responses.TransactionResponse@492260ee, com.dauphine.pft.dto.responses.Transac (truncated)...]
2026-06-02T22:19:46.736+02:00 DEBUG 14904 --- [personal-finance-tracker] [nio-8080-exec-1] o.s.web.servlet.DispatcherServlet        : Completed 200 OK
2026-06-02T22:19:47.739+02:00 DEBUG 14904 --- [personal-finance-tracker] [nio-8080-exec-8] o.s.web.servlet.DispatcherServlet        : GET "/v1/savings-goals", parameters={}
2026-06-02T22:19:47.740+02:00 DEBUG 14904 --- [personal-finance-tracker] [nio-8080-exec-8] s.w.s.m.m.a.RequestMappingHandlerMapping : Mapped to com.dauphine.pft.controllers.SavingsGoalController#getAll(SavingsGoalStatus, String, BigDecimal, BigDecimal, LocalDate, LocalDate)
2026-06-02T22:19:47.805+02:00 DEBUG 14904 --- [personal-finance-tracker] [nio-8080-exec-8] org.hibernate.SQL                        : 
    select
        sg1_0.id,
        sg1_0.created_at,
        sg1_0.current_amount,
        sg1_0.deadline,
        sg1_0.description,
        sg1_0.name,
        sg1_0.status,
        sg1_0.target_amount,
        sg1_0.updated_at,
        sg1_0.user_id 
    from
        savings_goal sg1_0 
    where
        sg1_0.user_id=? 
        and sg1_0.status='IN_PROGRESS' 
        and sg1_0.deadline<?
Hibernate: 
    select
        sg1_0.id,
        sg1_0.created_at,
        sg1_0.current_amount,
        sg1_0.deadline,
        sg1_0.description,
        sg1_0.name,
        sg1_0.status,
        sg1_0.target_amount,
        sg1_0.updated_at,
        sg1_0.user_id 
    from
        savings_goal sg1_0 
    where
        sg1_0.user_id=? 
        and sg1_0.status='IN_PROGRESS' 
        and sg1_0.deadline<?
2026-06-02T22:19:47.867+02:00 DEBUG 14904 --- [personal-finance-tracker] [nio-8080-exec-8] org.hibernate.SQL                        : 
    select
        sg1_0.id,
        sg1_0.created_at,
        sg1_0.current_amount,
        sg1_0.deadline,
        sg1_0.description,
        sg1_0.name,
        sg1_0.status,
        sg1_0.target_amount,
        sg1_0.updated_at,
        sg1_0.user_id 
    from
        savings_goal sg1_0 
    where
        sg1_0.user_id=?
Hibernate: 
    select
        sg1_0.id,
        sg1_0.created_at,
        sg1_0.current_amount,
        sg1_0.deadline,
        sg1_0.description,
        sg1_0.name,
        sg1_0.status,
        sg1_0.target_amount,
        sg1_0.updated_at,
        sg1_0.user_id 
    from
        savings_goal sg1_0 
    where
        sg1_0.user_id=?
2026-06-02T22:19:47.921+02:00 DEBUG 14904 --- [personal-finance-tracker] [nio-8080-exec-8] o.s.w.s.m.m.a.HttpEntityMethodProcessor  : Using 'application/json', given [application/json, text/plain, */*] and supported [application/json, application/*+json, application/yaml]
2026-06-02T22:19:47.922+02:00 DEBUG 14904 --- [personal-finance-tracker] [nio-8080-exec-8] o.s.w.s.m.m.a.HttpEntityMethodProcessor  : Writing [[com.dauphine.pft.dto.responses.SavingsGoalResponse@4ca83536, com.dauphine.pft.dto.responses.Savings (truncated)...]
2026-06-02T22:19:47.924+02:00 DEBUG 14904 --- [personal-finance-tracker] [nio-8080-exec-8] o.s.web.servlet.DispatcherServlet        : Completed 200 OK
2026-06-02T22:19:52.012+02:00 DEBUG 14904 --- [personal-finance-tracker] [nio-8080-exec-4] o.s.web.servlet.DispatcherServlet        : GET "/v1/savings-goals/eb876150-6002-4dd5-ba0b-f657f9b9bf5e/contributions", parameters={}
2026-06-02T22:19:52.012+02:00 DEBUG 14904 --- [personal-finance-tracker] [nio-8080-exec-2] o.s.web.servlet.DispatcherServlet        : GET "/v1/savings-goals/eb876150-6002-4dd5-ba0b-f657f9b9bf5e", parameters={}
2026-06-02T22:19:52.014+02:00 DEBUG 14904 --- [personal-finance-tracker] [nio-8080-exec-2] s.w.s.m.m.a.RequestMappingHandlerMapping : Mapped to com.dauphine.pft.controllers.SavingsGoalController#getById(UUID)
2026-06-02T22:19:52.014+02:00 DEBUG 14904 --- [personal-finance-tracker] [nio-8080-exec-4] s.w.s.m.m.a.RequestMappingHandlerMapping : Mapped to com.dauphine.pft.controllers.SavingsGoalController#getContributions(UUID)
2026-06-02T22:19:52.106+02:00 DEBUG 14904 --- [personal-finance-tracker] [nio-8080-exec-4] org.hibernate.SQL                        : 
    select
        sg1_0.id,
        sg1_0.created_at,
        sg1_0.current_amount,
        sg1_0.deadline,
        sg1_0.description,
        sg1_0.name,
        sg1_0.status,
        sg1_0.target_amount,
        sg1_0.updated_at,
        sg1_0.user_id 
    from
        savings_goal sg1_0 
    where
        sg1_0.id=? 
        and sg1_0.user_id=?
2026-06-02T22:19:52.106+02:00 DEBUG 14904 --- [personal-finance-tracker] [nio-8080-exec-2] org.hibernate.SQL                        : 
    select
        sg1_0.id,
        sg1_0.created_at,
        sg1_0.current_amount,
        sg1_0.deadline,
        sg1_0.description,
        sg1_0.name,
        sg1_0.status,
        sg1_0.target_amount,
        sg1_0.updated_at,
        sg1_0.user_id 
    from
        savings_goal sg1_0 
    where
        sg1_0.user_id=? 
        and sg1_0.status='IN_PROGRESS' 
        and sg1_0.deadline<?
Hibernate: 
    select
        sg1_0.id,
        sg1_0.created_at,
        sg1_0.current_amount,
        sg1_0.deadline,
        sg1_0.description,
        sg1_0.name,
        sg1_0.status,
        sg1_0.target_amount,
        sg1_0.updated_at,
        sg1_0.user_id 
    from
        savings_goal sg1_0 
    where
        sg1_0.id=? 
        and sg1_0.user_id=?
Hibernate: 
    select
        sg1_0.id,
        sg1_0.created_at,
        sg1_0.current_amount,
        sg1_0.deadline,
        sg1_0.description,
        sg1_0.name,
        sg1_0.status,
        sg1_0.target_amount,
        sg1_0.updated_at,
        sg1_0.user_id 
    from
        savings_goal sg1_0 
    where
        sg1_0.user_id=? 
        and sg1_0.status='IN_PROGRESS' 
        and sg1_0.deadline<?
2026-06-02T22:19:52.166+02:00 DEBUG 14904 --- [personal-finance-tracker] [nio-8080-exec-2] org.hibernate.SQL                        : 
    select
        sg1_0.id,
        sg1_0.created_at,
        sg1_0.current_amount,
        sg1_0.deadline,
        sg1_0.description,
        sg1_0.name,
        sg1_0.status,
        sg1_0.target_amount,
        sg1_0.updated_at,
        sg1_0.user_id 
    from
        savings_goal sg1_0 
    where
        sg1_0.id=? 
        and sg1_0.user_id=?
Hibernate: 
    select
        sg1_0.id,
        sg1_0.created_at,
        sg1_0.current_amount,
        sg1_0.deadline,
        sg1_0.description,
        sg1_0.name,
        sg1_0.status,
        sg1_0.target_amount,
        sg1_0.updated_at,
        sg1_0.user_id 
    from
        savings_goal sg1_0 
    where
        sg1_0.id=? 
        and sg1_0.user_id=?
2026-06-02T22:19:52.206+02:00 DEBUG 14904 --- [personal-finance-tracker] [nio-8080-exec-4] org.hibernate.SQL                        : 
    select
        sgc1_0.id,
        sgc1_0.amount,
        sgc1_0.created_at,
        sgc1_0.contribution_date,
        sgc1_0.goal_id,
        sgc1_0.note 
    from
        savings_goal_contribution sgc1_0 
    left join
        savings_goal g1_0 
            on g1_0.id=sgc1_0.goal_id 
    left join
        app_user u1_0 
            on u1_0.id=g1_0.user_id 
    where
        g1_0.id=? 
        and u1_0.id=? 
    order by
        sgc1_0.contribution_date desc,
        sgc1_0.created_at desc
Hibernate: 
    select
        sgc1_0.id,
        sgc1_0.amount,
        sgc1_0.created_at,
        sgc1_0.contribution_date,
        sgc1_0.goal_id,
        sgc1_0.note 
    from
        savings_goal_contribution sgc1_0 
    left join
        savings_goal g1_0 
            on g1_0.id=sgc1_0.goal_id 
    left join
        app_user u1_0 
            on u1_0.id=g1_0.user_id 
    where
        g1_0.id=? 
        and u1_0.id=? 
    order by
        sgc1_0.contribution_date desc,
        sgc1_0.created_at desc
2026-06-02T22:19:52.215+02:00 DEBUG 14904 --- [personal-finance-tracker] [nio-8080-exec-2] o.s.w.s.m.m.a.HttpEntityMethodProcessor  : Using 'application/json', given [application/json, text/plain, */*] and supported [application/json, application/*+json, application/yaml]
2026-06-02T22:19:52.216+02:00 DEBUG 14904 --- [personal-finance-tracker] [nio-8080-exec-2] o.s.w.s.m.m.a.HttpEntityMethodProcessor  : Writing [com.dauphine.pft.dto.responses.SavingsGoalResponse@6062e4ef]
2026-06-02T22:19:52.218+02:00 DEBUG 14904 --- [personal-finance-tracker] [nio-8080-exec-2] o.s.web.servlet.DispatcherServlet        : Completed 200 OK
2026-06-02T22:19:52.257+02:00 DEBUG 14904 --- [personal-finance-tracker] [nio-8080-exec-4] o.s.w.s.m.m.a.HttpEntityMethodProcessor  : Using 'application/json', given [application/json, text/plain, */*] and supported [application/json, application/*+json, application/yaml]
2026-06-02T22:19:52.258+02:00 DEBUG 14904 --- [personal-finance-tracker] [nio-8080-exec-4] o.s.w.s.m.m.a.HttpEntityMethodProcessor  : Writing [[com.dauphine.pft.dto.responses.SavingsGoalContributionResponse@4de75ef7]]
2026-06-02T22:19:52.262+02:00 DEBUG 14904 --- [personal-finance-tracker] [nio-8080-exec-4] o.s.web.servlet.DispatcherServlet        : Completed 200 OK
2026-06-02T22:19:56.613+02:00 DEBUG 14904 --- [personal-finance-tracker] [nio-8080-exec-5] o.s.web.servlet.DispatcherServlet        : GET "/v1/savings-goals", parameters={}
2026-06-02T22:19:56.613+02:00 DEBUG 14904 --- [personal-finance-tracker] [nio-8080-exec-1] o.s.web.servlet.DispatcherServlet        : GET "/v1/categories", parameters={}
2026-06-02T22:19:56.613+02:00 DEBUG 14904 --- [personal-finance-tracker] [nio-8080-exec-8] o.s.web.servlet.DispatcherServlet        : GET "/v1/transactions", parameters={}
2026-06-02T22:19:56.615+02:00 DEBUG 14904 --- [personal-finance-tracker] [nio-8080-exec-5] s.w.s.m.m.a.RequestMappingHandlerMapping : Mapped to com.dauphine.pft.controllers.SavingsGoalController#getAll(SavingsGoalStatus, String, BigDecimal, BigDecimal, LocalDate, LocalDate)
2026-06-02T22:19:56.615+02:00 DEBUG 14904 --- [personal-finance-tracker] [nio-8080-exec-1] s.w.s.m.m.a.RequestMappingHandlerMapping : Mapped to com.dauphine.pft.controllers.CategoryController#getAll(String, CategoryType)
2026-06-02T22:19:56.615+02:00 DEBUG 14904 --- [personal-finance-tracker] [nio-8080-exec-8] s.w.s.m.m.a.RequestMappingHandlerMapping : Mapped to com.dauphine.pft.controllers.TransactionController#getAll(TransactionType, UUID, String, LocalDate, LocalDate, BigDecimal, BigDecimal, String)
2026-06-02T22:19:56.703+02:00 DEBUG 14904 --- [personal-finance-tracker] [nio-8080-exec-1] org.hibernate.SQL                        : 
    select
        c1_0.id,
        c1_0.created_at,
        c1_0.description,
        c1_0.name,
        c1_0.type,
        c1_0.updated_at,
        c1_0.user_id 
    from
        category c1_0 
    where
        c1_0.user_id=?
Hibernate: 
    select
        c1_0.id,
        c1_0.created_at,
        c1_0.description,
        c1_0.name,
        c1_0.type,
        c1_0.updated_at,
        c1_0.user_id 
    from
        category c1_0 
    where
        c1_0.user_id=?
2026-06-02T22:19:56.715+02:00 DEBUG 14904 --- [personal-finance-tracker] [nio-8080-exec-5] org.hibernate.SQL                        : 
    select
        sg1_0.id,
        sg1_0.created_at,
        sg1_0.current_amount,
        sg1_0.deadline,
        sg1_0.description,
        sg1_0.name,
        sg1_0.status,
        sg1_0.target_amount,
        sg1_0.updated_at,
        sg1_0.user_id 
    from
        savings_goal sg1_0 
    where
        sg1_0.user_id=? 
        and sg1_0.status='IN_PROGRESS' 
        and sg1_0.deadline<?
2026-06-02T22:19:56.715+02:00 DEBUG 14904 --- [personal-finance-tracker] [nio-8080-exec-8] org.hibernate.SQL                        : 
    select
        t1_0.id,
        t1_0.amount,
        t1_0.category_id,
        t1_0.created_at,
        t1_0.description,
        t1_0.title,
        t1_0.transaction_date,
        t1_0.type,
        t1_0.updated_at,
        t1_0.user_id 
    from
        finance_transaction t1_0 
    where
        t1_0.user_id=? 
    order by
        t1_0.transaction_date desc
Hibernate: 
    select
        sg1_0.id,
        sg1_0.created_at,
        sg1_0.current_amount,
        sg1_0.deadline,
        sg1_0.description,
        sg1_0.name,
        sg1_0.status,
        sg1_0.target_amount,
        sg1_0.updated_at,
        sg1_0.user_id 
    from
        savings_goal sg1_0 
    where
        sg1_0.user_id=? 
        and sg1_0.status='IN_PROGRESS' 
        and sg1_0.deadline<?
Hibernate: 
    select
        t1_0.id,
        t1_0.amount,
        t1_0.category_id,
        t1_0.created_at,
        t1_0.description,
        t1_0.title,
        t1_0.transaction_date,
        t1_0.type,
        t1_0.updated_at,
        t1_0.user_id 
    from
        finance_transaction t1_0 
    where
        t1_0.user_id=? 
    order by
        t1_0.transaction_date desc
2026-06-02T22:19:56.760+02:00 DEBUG 14904 --- [personal-finance-tracker] [nio-8080-exec-1] o.s.w.s.m.m.a.HttpEntityMethodProcessor  : Using 'application/json', given [application/json, text/plain, */*] and supported [application/json, application/*+json, application/yaml]
2026-06-02T22:19:56.760+02:00 DEBUG 14904 --- [personal-finance-tracker] [nio-8080-exec-1] o.s.w.s.m.m.a.HttpEntityMethodProcessor  : Writing [[com.dauphine.pft.dto.responses.CategoryResponse@4ea32623, com.dauphine.pft.dto.responses.CategoryRe (truncated)...]
2026-06-02T22:19:56.763+02:00 DEBUG 14904 --- [personal-finance-tracker] [nio-8080-exec-1] o.s.web.servlet.DispatcherServlet        : Completed 200 OK
2026-06-02T22:19:56.769+02:00 DEBUG 14904 --- [personal-finance-tracker] [nio-8080-exec-5] org.hibernate.SQL                        : 
    select
        sg1_0.id,
        sg1_0.created_at,
        sg1_0.current_amount,
        sg1_0.deadline,
        sg1_0.description,
        sg1_0.name,
        sg1_0.status,
        sg1_0.target_amount,
        sg1_0.updated_at,
        sg1_0.user_id 
    from
        savings_goal sg1_0 
    where
        sg1_0.user_id=?
Hibernate: 
    select
        sg1_0.id,
        sg1_0.created_at,
        sg1_0.current_amount,
        sg1_0.deadline,
        sg1_0.description,
        sg1_0.name,
        sg1_0.status,
        sg1_0.target_amount,
        sg1_0.updated_at,
        sg1_0.user_id 
    from
        savings_goal sg1_0 
    where
        sg1_0.user_id=?
2026-06-02T22:19:56.770+02:00 DEBUG 14904 --- [personal-finance-tracker] [nio-8080-exec-8] org.hibernate.SQL                        : 
    select
        c1_0.id,
        c1_0.created_at,
        c1_0.description,
        c1_0.name,
        c1_0.type,
        c1_0.updated_at,
        c1_0.user_id 
    from
        category c1_0 
    where
        c1_0.id=?
Hibernate: 
    select
        c1_0.id,
        c1_0.created_at,
        c1_0.description,
        c1_0.name,
        c1_0.type,
        c1_0.updated_at,
        c1_0.user_id 
    from
        category c1_0 
    where
        c1_0.id=?
2026-06-02T22:19:56.816+02:00 DEBUG 14904 --- [personal-finance-tracker] [nio-8080-exec-5] o.s.w.s.m.m.a.HttpEntityMethodProcessor  : Using 'application/json', given [application/json, text/plain, */*] and supported [application/json, application/*+json, application/yaml]
2026-06-02T22:19:56.817+02:00 DEBUG 14904 --- [personal-finance-tracker] [nio-8080-exec-5] o.s.w.s.m.m.a.HttpEntityMethodProcessor  : Writing [[com.dauphine.pft.dto.responses.SavingsGoalResponse@d92766b, com.dauphine.pft.dto.responses.SavingsG (truncated)...]
2026-06-02T22:19:56.819+02:00 DEBUG 14904 --- [personal-finance-tracker] [nio-8080-exec-5] o.s.web.servlet.DispatcherServlet        : Completed 200 OK
2026-06-02T22:19:56.821+02:00 DEBUG 14904 --- [personal-finance-tracker] [nio-8080-exec-8] org.hibernate.SQL                        : 
    select
        c1_0.id,
        c1_0.created_at,
        c1_0.description,
        c1_0.name,
        c1_0.type,
        c1_0.updated_at,
        c1_0.user_id 
    from
        category c1_0 
    where
        c1_0.id=?
Hibernate: 
    select
        c1_0.id,
        c1_0.created_at,
        c1_0.description,
        c1_0.name,
        c1_0.type,
        c1_0.updated_at,
        c1_0.user_id 
    from
        category c1_0 
    where
        c1_0.id=?
2026-06-02T22:19:56.866+02:00 DEBUG 14904 --- [personal-finance-tracker] [nio-8080-exec-8] org.hibernate.SQL                        : 
    select
        c1_0.id,
        c1_0.created_at,
        c1_0.description,
        c1_0.name,
        c1_0.type,
        c1_0.updated_at,
        c1_0.user_id 
    from
        category c1_0 
    where
        c1_0.id=?
Hibernate: 
    select
        c1_0.id,
        c1_0.created_at,
        c1_0.description,
        c1_0.name,
        c1_0.type,
        c1_0.updated_at,
        c1_0.user_id 
    from
        category c1_0 
    where
        c1_0.id=?
2026-06-02T22:19:56.919+02:00 DEBUG 14904 --- [personal-finance-tracker] [nio-8080-exec-8] org.hibernate.SQL                        : 
    select
        c1_0.id,
        c1_0.created_at,
        c1_0.description,
        c1_0.name,
        c1_0.type,
        c1_0.updated_at,
        c1_0.user_id 
    from
        category c1_0 
    where
        c1_0.id=?
Hibernate: 
    select
        c1_0.id,
        c1_0.created_at,
        c1_0.description,
        c1_0.name,
        c1_0.type,
        c1_0.updated_at,
        c1_0.user_id 
    from
        category c1_0 
    where
        c1_0.id=?
2026-06-02T22:19:56.966+02:00 DEBUG 14904 --- [personal-finance-tracker] [nio-8080-exec-8] o.s.w.s.m.m.a.HttpEntityMethodProcessor  : Using 'application/json', given [application/json, text/plain, */*] and supported [application/json, application/*+json, application/yaml]
2026-06-02T22:19:56.966+02:00 DEBUG 14904 --- [personal-finance-tracker] [nio-8080-exec-8] o.s.w.s.m.m.a.HttpEntityMethodProcessor  : Writing [[com.dauphine.pft.dto.responses.TransactionResponse@7fd26c7a, com.dauphine.pft.dto.responses.Transac (truncated)...]
2026-06-02T22:19:56.968+02:00 DEBUG 14904 --- [personal-finance-tracker] [nio-8080-exec-8] o.s.web.servlet.DispatcherServlet        : Completed 200 OK
2026-06-02T22:29:13.195+02:00 DEBUG 14904 --- [personal-finance-tracker] [nio-8080-exec-1] o.s.web.servlet.DispatcherServlet        : GET "/v1/transactions", parameters={}
2026-06-02T22:29:13.196+02:00 DEBUG 14904 --- [personal-finance-tracker] [io-8080-exec-10] o.s.web.servlet.DispatcherServlet        : GET "/v1/savings-goals", parameters={}
2026-06-02T22:29:13.198+02:00 DEBUG 14904 --- [personal-finance-tracker] [nio-8080-exec-1] s.w.s.m.m.a.RequestMappingHandlerMapping : Mapped to com.dauphine.pft.controllers.TransactionController#getAll(TransactionType, UUID, String, LocalDate, LocalDate, BigDecimal, BigDecimal, String)
2026-06-02T22:29:13.195+02:00 DEBUG 14904 --- [personal-finance-tracker] [nio-8080-exec-5] o.s.web.servlet.DispatcherServlet        : GET "/v1/categories", parameters={}
2026-06-02T22:29:13.199+02:00 DEBUG 14904 --- [personal-finance-tracker] [nio-8080-exec-5] s.w.s.m.m.a.RequestMappingHandlerMapping : Mapped to com.dauphine.pft.controllers.CategoryController#getAll(String, CategoryType)
2026-06-02T22:29:13.198+02:00 DEBUG 14904 --- [personal-finance-tracker] [io-8080-exec-10] s.w.s.m.m.a.RequestMappingHandlerMapping : Mapped to com.dauphine.pft.controllers.SavingsGoalController#getAll(SavingsGoalStatus, String, BigDecimal, BigDecimal, LocalDate, LocalDate)
2026-06-02T22:29:13.329+02:00 DEBUG 14904 --- [personal-finance-tracker] [nio-8080-exec-5] org.hibernate.SQL                        : 
    select
        c1_0.id,
        c1_0.created_at,
        c1_0.description,
        c1_0.name,
        c1_0.type,
        c1_0.updated_at,
        c1_0.user_id 
    from
        category c1_0 
    where
        c1_0.user_id=?
Hibernate: 
    select
        c1_0.id,
        c1_0.created_at,
        c1_0.description,
        c1_0.name,
        c1_0.type,
        c1_0.updated_at,
        c1_0.user_id 
    from
        category c1_0 
    where
        c1_0.user_id=?
2026-06-02T22:29:13.476+02:00 DEBUG 14904 --- [personal-finance-tracker] [nio-8080-exec-5] o.s.w.s.m.m.a.HttpEntityMethodProcessor  : Using 'application/json', given [application/json, text/plain, */*] and supported [application/json, application/*+json, application/yaml]
2026-06-02T22:29:13.482+02:00 DEBUG 14904 --- [personal-finance-tracker] [nio-8080-exec-5] o.s.w.s.m.m.a.HttpEntityMethodProcessor  : Writing [[com.dauphine.pft.dto.responses.CategoryResponse@6763a529, com.dauphine.pft.dto.responses.CategoryRe (truncated)...]
2026-06-02T22:29:13.486+02:00 DEBUG 14904 --- [personal-finance-tracker] [nio-8080-exec-5] o.s.web.servlet.DispatcherServlet        : Completed 200 OK
2026-06-02T22:29:13.486+02:00 DEBUG 14904 --- [personal-finance-tracker] [nio-8080-exec-1] org.hibernate.SQL                        : 
    select
        t1_0.id,
        t1_0.amount,
        t1_0.category_id,
        t1_0.created_at,
        t1_0.description,
        t1_0.title,
        t1_0.transaction_date,
        t1_0.type,
        t1_0.updated_at,
        t1_0.user_id 
    from
        finance_transaction t1_0 
    where
        t1_0.user_id=? 
    order by
        t1_0.transaction_date desc
Hibernate: 
    select
        t1_0.id,
        t1_0.amount,
        t1_0.category_id,
        t1_0.created_at,
        t1_0.description,
        t1_0.title,
        t1_0.transaction_date,
        t1_0.type,
        t1_0.updated_at,
        t1_0.user_id 
    from
        finance_transaction t1_0 
    where
        t1_0.user_id=? 
    order by
        t1_0.transaction_date desc
2026-06-02T22:29:13.570+02:00 DEBUG 14904 --- [personal-finance-tracker] [nio-8080-exec-1] org.hibernate.SQL                        : 
    select
        c1_0.id,
        c1_0.created_at,
        c1_0.description,
        c1_0.name,
        c1_0.type,
        c1_0.updated_at,
        c1_0.user_id 
    from
        category c1_0 
    where
        c1_0.id=?
Hibernate: 
    select
        c1_0.id,
        c1_0.created_at,
        c1_0.description,
        c1_0.name,
        c1_0.type,
        c1_0.updated_at,
        c1_0.user_id 
    from
        category c1_0 
    where
        c1_0.id=?
2026-06-02T22:29:13.653+02:00 DEBUG 14904 --- [personal-finance-tracker] [nio-8080-exec-1] org.hibernate.SQL                        : 
    select
        c1_0.id,
        c1_0.created_at,
        c1_0.description,
        c1_0.name,
        c1_0.type,
        c1_0.updated_at,
        c1_0.user_id 
    from
        category c1_0 
    where
        c1_0.id=?
Hibernate: 
    select
        c1_0.id,
        c1_0.created_at,
        c1_0.description,
        c1_0.name,
        c1_0.type,
        c1_0.updated_at,
        c1_0.user_id 
    from
        category c1_0 
    where
        c1_0.id=?
2026-06-02T22:29:13.724+02:00 DEBUG 14904 --- [personal-finance-tracker] [nio-8080-exec-1] org.hibernate.SQL                        : 
    select
        c1_0.id,
        c1_0.created_at,
        c1_0.description,
        c1_0.name,
        c1_0.type,
        c1_0.updated_at,
        c1_0.user_id 
    from
        category c1_0 
    where
        c1_0.id=?
Hibernate: 
    select
        c1_0.id,
        c1_0.created_at,
        c1_0.description,
        c1_0.name,
        c1_0.type,
        c1_0.updated_at,
        c1_0.user_id 
    from
        category c1_0 
    where
        c1_0.id=?
2026-06-02T22:29:13.774+02:00 DEBUG 14904 --- [personal-finance-tracker] [io-8080-exec-10] org.hibernate.SQL                        : 
    select
        sg1_0.id,
        sg1_0.created_at,
        sg1_0.current_amount,
        sg1_0.deadline,
        sg1_0.description,
        sg1_0.name,
        sg1_0.status,
        sg1_0.target_amount,
        sg1_0.updated_at,
        sg1_0.user_id 
    from
        savings_goal sg1_0 
    where
        sg1_0.user_id=? 
        and sg1_0.status='IN_PROGRESS' 
        and sg1_0.deadline<?
Hibernate: 
    select
        sg1_0.id,
        sg1_0.created_at,
        sg1_0.current_amount,
        sg1_0.deadline,
        sg1_0.description,
        sg1_0.name,
        sg1_0.status,
        sg1_0.target_amount,
        sg1_0.updated_at,
        sg1_0.user_id 
    from
        savings_goal sg1_0 
    where
        sg1_0.user_id=? 
        and sg1_0.status='IN_PROGRESS' 
        and sg1_0.deadline<?
2026-06-02T22:29:13.828+02:00 DEBUG 14904 --- [personal-finance-tracker] [nio-8080-exec-1] org.hibernate.SQL                        : 
    select
        c1_0.id,
        c1_0.created_at,
        c1_0.description,
        c1_0.name,
        c1_0.type,
        c1_0.updated_at,
        c1_0.user_id 
    from
        category c1_0 
    where
        c1_0.id=?
Hibernate: 
    select
        c1_0.id,
        c1_0.created_at,
        c1_0.description,
        c1_0.name,
        c1_0.type,
        c1_0.updated_at,
        c1_0.user_id 
    from
        category c1_0 
    where
        c1_0.id=?
2026-06-02T22:29:13.832+02:00 DEBUG 14904 --- [personal-finance-tracker] [io-8080-exec-10] org.hibernate.SQL                        : 
    select
        sg1_0.id,
        sg1_0.created_at,
        sg1_0.current_amount,
        sg1_0.deadline,
        sg1_0.description,
        sg1_0.name,
        sg1_0.status,
        sg1_0.target_amount,
        sg1_0.updated_at,
        sg1_0.user_id 
    from
        savings_goal sg1_0 
    where
        sg1_0.user_id=?
Hibernate: 
    select
        sg1_0.id,
        sg1_0.created_at,
        sg1_0.current_amount,
        sg1_0.deadline,
        sg1_0.description,
        sg1_0.name,
        sg1_0.status,
        sg1_0.target_amount,
        sg1_0.updated_at,
        sg1_0.user_id 
    from
        savings_goal sg1_0 
    where
        sg1_0.user_id=?
2026-06-02T22:29:13.876+02:00 DEBUG 14904 --- [personal-finance-tracker] [nio-8080-exec-1] o.s.w.s.m.m.a.HttpEntityMethodProcessor  : Using 'application/json', given [application/json, text/plain, */*] and supported [application/json, application/*+json, application/yaml]
2026-06-02T22:29:13.877+02:00 DEBUG 14904 --- [personal-finance-tracker] [nio-8080-exec-1] o.s.w.s.m.m.a.HttpEntityMethodProcessor  : Writing [[com.dauphine.pft.dto.responses.TransactionResponse@6cbf7d1a, com.dauphine.pft.dto.responses.Transac (truncated)...]
2026-06-02T22:29:13.879+02:00 DEBUG 14904 --- [personal-finance-tracker] [nio-8080-exec-1] o.s.web.servlet.DispatcherServlet        : Completed 200 OK
2026-06-02T22:29:13.885+02:00 DEBUG 14904 --- [personal-finance-tracker] [io-8080-exec-10] o.s.w.s.m.m.a.HttpEntityMethodProcessor  : Using 'application/json', given [application/json, text/plain, */*] and supported [application/json, application/*+json, application/yaml]
2026-06-02T22:29:13.886+02:00 DEBUG 14904 --- [personal-finance-tracker] [io-8080-exec-10] o.s.w.s.m.m.a.HttpEntityMethodProcessor  : Writing [[com.dauphine.pft.dto.responses.SavingsGoalResponse@5073bf2b, com.dauphine.pft.dto.responses.Savings (truncated)...]
2026-06-02T22:29:13.887+02:00 DEBUG 14904 --- [personal-finance-tracker] [io-8080-exec-10] o.s.web.servlet.DispatcherServlet        : Completed 200 OK
2026-06-02T22:29:15.656+02:00 DEBUG 14904 --- [personal-finance-tracker] [nio-8080-exec-8] o.s.web.servlet.DispatcherServlet        : GET "/v1/transactions", parameters={}
2026-06-02T22:29:15.656+02:00 DEBUG 14904 --- [personal-finance-tracker] [nio-8080-exec-6] o.s.web.servlet.DispatcherServlet        : GET "/v1/categories", parameters={}
2026-06-02T22:29:15.658+02:00 DEBUG 14904 --- [personal-finance-tracker] [nio-8080-exec-8] s.w.s.m.m.a.RequestMappingHandlerMapping : Mapped to com.dauphine.pft.controllers.TransactionController#getAll(TransactionType, UUID, String, LocalDate, LocalDate, BigDecimal, BigDecimal, String)
2026-06-02T22:29:15.658+02:00 DEBUG 14904 --- [personal-finance-tracker] [nio-8080-exec-6] s.w.s.m.m.a.RequestMappingHandlerMapping : Mapped to com.dauphine.pft.controllers.CategoryController#getAll(String, CategoryType)
2026-06-02T22:29:16.057+02:00 DEBUG 14904 --- [personal-finance-tracker] [nio-8080-exec-6] org.hibernate.SQL                        : 
    select
        c1_0.id,
        c1_0.created_at,
        c1_0.description,
        c1_0.name,
        c1_0.type,
        c1_0.updated_at,
        c1_0.user_id 
    from
        category c1_0 
    where
        c1_0.user_id=?
2026-06-02T22:29:16.057+02:00 DEBUG 14904 --- [personal-finance-tracker] [nio-8080-exec-8] org.hibernate.SQL                        : 
    select
        t1_0.id,
        t1_0.amount,
        t1_0.category_id,
        t1_0.created_at,
        t1_0.description,
        t1_0.title,
        t1_0.transaction_date,
        t1_0.type,
        t1_0.updated_at,
        t1_0.user_id 
    from
        finance_transaction t1_0 
    where
        t1_0.user_id=? 
    order by
        t1_0.transaction_date desc
Hibernate: 
    select
        c1_0.id,
        c1_0.created_at,
        c1_0.description,
        c1_0.name,
        c1_0.type,
        c1_0.updated_at,
        c1_0.user_id 
    from
        category c1_0 
    where
        c1_0.user_id=?
Hibernate: 
    select
        t1_0.id,
        t1_0.amount,
        t1_0.category_id,
        t1_0.created_at,
        t1_0.description,
        t1_0.title,
        t1_0.transaction_date,
        t1_0.type,
        t1_0.updated_at,
        t1_0.user_id 
    from
        finance_transaction t1_0 
    where
        t1_0.user_id=? 
    order by
        t1_0.transaction_date desc
2026-06-02T22:29:16.129+02:00 DEBUG 14904 --- [personal-finance-tracker] [nio-8080-exec-6] o.s.w.s.m.m.a.HttpEntityMethodProcessor  : Using 'application/json', given [application/json, text/plain, */*] and supported [application/json, application/*+json, application/yaml]
2026-06-02T22:29:16.130+02:00 DEBUG 14904 --- [personal-finance-tracker] [nio-8080-exec-6] o.s.w.s.m.m.a.HttpEntityMethodProcessor  : Writing [[com.dauphine.pft.dto.responses.CategoryResponse@4171ab87, com.dauphine.pft.dto.responses.CategoryRe (truncated)...]
2026-06-02T22:29:16.135+02:00 DEBUG 14904 --- [personal-finance-tracker] [nio-8080-exec-6] o.s.web.servlet.DispatcherServlet        : Completed 200 OK
2026-06-02T22:29:16.136+02:00 DEBUG 14904 --- [personal-finance-tracker] [nio-8080-exec-8] org.hibernate.SQL                        : 
    select
        c1_0.id,
        c1_0.created_at,
        c1_0.description,
        c1_0.name,
        c1_0.type,
        c1_0.updated_at,
        c1_0.user_id 
    from
        category c1_0 
    where
        c1_0.id=?
Hibernate: 
    select
        c1_0.id,
        c1_0.created_at,
        c1_0.description,
        c1_0.name,
        c1_0.type,
        c1_0.updated_at,
        c1_0.user_id 
    from
        category c1_0 
    where
        c1_0.id=?
2026-06-02T22:29:16.219+02:00 DEBUG 14904 --- [personal-finance-tracker] [nio-8080-exec-8] org.hibernate.SQL                        : 
    select
        c1_0.id,
        c1_0.created_at,
        c1_0.description,
        c1_0.name,
        c1_0.type,
        c1_0.updated_at,
        c1_0.user_id 
    from
        category c1_0 
    where
        c1_0.id=?
Hibernate: 
    select
        c1_0.id,
        c1_0.created_at,
        c1_0.description,
        c1_0.name,
        c1_0.type,
        c1_0.updated_at,
        c1_0.user_id 
    from
        category c1_0 
    where
        c1_0.id=?
2026-06-02T22:29:16.304+02:00 DEBUG 14904 --- [personal-finance-tracker] [nio-8080-exec-8] org.hibernate.SQL                        : 
    select
        c1_0.id,
        c1_0.created_at,
        c1_0.description,
        c1_0.name,
        c1_0.type,
        c1_0.updated_at,
        c1_0.user_id 
    from
        category c1_0 
    where
        c1_0.id=?
Hibernate: 
    select
        c1_0.id,
        c1_0.created_at,
        c1_0.description,
        c1_0.name,
        c1_0.type,
        c1_0.updated_at,
        c1_0.user_id 
    from
        category c1_0 
    where
        c1_0.id=?
2026-06-02T22:29:16.460+02:00 DEBUG 14904 --- [personal-finance-tracker] [nio-8080-exec-8] org.hibernate.SQL                        : 
    select
        c1_0.id,
        c1_0.created_at,
        c1_0.description,
        c1_0.name,
        c1_0.type,
        c1_0.updated_at,
        c1_0.user_id 
    from
        category c1_0 
    where
        c1_0.id=?
Hibernate: 
    select
        c1_0.id,
        c1_0.created_at,
        c1_0.description,
        c1_0.name,
        c1_0.type,
        c1_0.updated_at,
        c1_0.user_id 
    from
        category c1_0 
    where
        c1_0.id=?
2026-06-02T22:29:16.555+02:00 DEBUG 14904 --- [personal-finance-tracker] [nio-8080-exec-8] o.s.w.s.m.m.a.HttpEntityMethodProcessor  : Using 'application/json', given [application/json, text/plain, */*] and supported [application/json, application/*+json, application/yaml]
2026-06-02T22:29:16.556+02:00 DEBUG 14904 --- [personal-finance-tracker] [nio-8080-exec-8] o.s.w.s.m.m.a.HttpEntityMethodProcessor  : Writing [[com.dauphine.pft.dto.responses.TransactionResponse@769b0a01, com.dauphine.pft.dto.responses.Transac (truncated)...]
2026-06-02T22:29:16.559+02:00 DEBUG 14904 --- [personal-finance-tracker] [nio-8080-exec-8] o.s.web.servlet.DispatcherServlet        : Completed 200 OK
2026-06-02T22:29:26.410+02:00 DEBUG 14904 --- [personal-finance-tracker] [nio-8080-exec-2] o.s.web.servlet.DispatcherServlet        : GET "/v1/categories", parameters={}
2026-06-02T22:29:26.410+02:00 DEBUG 14904 --- [personal-finance-tracker] [nio-8080-exec-2] s.w.s.m.m.a.RequestMappingHandlerMapping : Mapped to com.dauphine.pft.controllers.CategoryController#getAll(String, CategoryType)
2026-06-02T22:29:26.466+02:00 DEBUG 14904 --- [personal-finance-tracker] [nio-8080-exec-2] org.hibernate.SQL                        : 
    select
        c1_0.id,
        c1_0.created_at,
        c1_0.description,
        c1_0.name,
        c1_0.type,
        c1_0.updated_at,
        c1_0.user_id 
    from
        category c1_0 
    where
        c1_0.user_id=?
Hibernate: 
    select
        c1_0.id,
        c1_0.created_at,
        c1_0.description,
        c1_0.name,
        c1_0.type,
        c1_0.updated_at,
        c1_0.user_id 
    from
        category c1_0 
    where
        c1_0.user_id=?
2026-06-02T22:29:26.509+02:00 DEBUG 14904 --- [personal-finance-tracker] [nio-8080-exec-2] o.s.w.s.m.m.a.HttpEntityMethodProcessor  : Using 'application/json', given [application/json, text/plain, */*] and supported [application/json, application/*+json, application/yaml]
2026-06-02T22:29:26.510+02:00 DEBUG 14904 --- [personal-finance-tracker] [nio-8080-exec-2] o.s.w.s.m.m.a.HttpEntityMethodProcessor  : Writing [[com.dauphine.pft.dto.responses.CategoryResponse@4b21e5e4, com.dauphine.pft.dto.responses.CategoryRe (truncated)...]
2026-06-02T22:29:26.511+02:00 DEBUG 14904 --- [personal-finance-tracker] [nio-8080-exec-2] o.s.web.servlet.DispatcherServlet        : Completed 200 OK
2026-06-02T22:29:31.797+02:00 DEBUG 14904 --- [personal-finance-tracker] [nio-8080-exec-3] o.s.web.servlet.DispatcherServlet        : GET "/v1/savings-goals", parameters={}
2026-06-02T22:29:31.798+02:00 DEBUG 14904 --- [personal-finance-tracker] [nio-8080-exec-3] s.w.s.m.m.a.RequestMappingHandlerMapping : Mapped to com.dauphine.pft.controllers.SavingsGoalController#getAll(SavingsGoalStatus, String, BigDecimal, BigDecimal, LocalDate, LocalDate)
2026-06-02T22:29:31.841+02:00 DEBUG 14904 --- [personal-finance-tracker] [nio-8080-exec-3] org.hibernate.SQL                        : 
    select
        sg1_0.id,
        sg1_0.created_at,
        sg1_0.current_amount,
        sg1_0.deadline,
        sg1_0.description,
        sg1_0.name,
        sg1_0.status,
        sg1_0.target_amount,
        sg1_0.updated_at,
        sg1_0.user_id 
    from
        savings_goal sg1_0 
    where
        sg1_0.user_id=? 
        and sg1_0.status='IN_PROGRESS' 
        and sg1_0.deadline<?
Hibernate: 
    select
        sg1_0.id,
        sg1_0.created_at,
        sg1_0.current_amount,
        sg1_0.deadline,
        sg1_0.description,
        sg1_0.name,
        sg1_0.status,
        sg1_0.target_amount,
        sg1_0.updated_at,
        sg1_0.user_id 
    from
        savings_goal sg1_0 
    where
        sg1_0.user_id=? 
        and sg1_0.status='IN_PROGRESS' 
        and sg1_0.deadline<?
2026-06-02T22:29:31.883+02:00 DEBUG 14904 --- [personal-finance-tracker] [nio-8080-exec-3] org.hibernate.SQL                        : 
    select
        sg1_0.id,
        sg1_0.created_at,
        sg1_0.current_amount,
        sg1_0.deadline,
        sg1_0.description,
        sg1_0.name,
        sg1_0.status,
        sg1_0.target_amount,
        sg1_0.updated_at,
        sg1_0.user_id 
    from
        savings_goal sg1_0 
    where
        sg1_0.user_id=?
Hibernate: 
    select
        sg1_0.id,
        sg1_0.created_at,
        sg1_0.current_amount,
        sg1_0.deadline,
        sg1_0.description,
        sg1_0.name,
        sg1_0.status,
        sg1_0.target_amount,
        sg1_0.updated_at,
        sg1_0.user_id 
    from
        savings_goal sg1_0 
    where
        sg1_0.user_id=?
2026-06-02T22:29:31.950+02:00 DEBUG 14904 --- [personal-finance-tracker] [nio-8080-exec-3] o.s.w.s.m.m.a.HttpEntityMethodProcessor  : Using 'application/json', given [application/json, text/plain, */*] and supported [application/json, application/*+json, application/yaml]
2026-06-02T22:29:31.951+02:00 DEBUG 14904 --- [personal-finance-tracker] [nio-8080-exec-3] o.s.w.s.m.m.a.HttpEntityMethodProcessor  : Writing [[com.dauphine.pft.dto.responses.SavingsGoalResponse@6224e739, com.dauphine.pft.dto.responses.Savings (truncated)...]
2026-06-02T22:29:31.955+02:00 DEBUG 14904 --- [personal-finance-tracker] [nio-8080-exec-3] o.s.web.servlet.DispatcherServlet        : Completed 200 OK
2026-06-02T22:29:33.653+02:00 DEBUG 14904 --- [personal-finance-tracker] [nio-8080-exec-5] o.s.web.servlet.DispatcherServlet        : GET "/v1/savings-goals/c4832074-fce8-450b-8206-422d6966409b", parameters={}
2026-06-02T22:29:33.654+02:00 DEBUG 14904 --- [personal-finance-tracker] [nio-8080-exec-5] s.w.s.m.m.a.RequestMappingHandlerMapping : Mapped to com.dauphine.pft.controllers.SavingsGoalController#getById(UUID)
2026-06-02T22:29:33.701+02:00 DEBUG 14904 --- [personal-finance-tracker] [nio-8080-exec-5] org.hibernate.SQL                        : 
    select
        sg1_0.id,
        sg1_0.created_at,
        sg1_0.current_amount,
        sg1_0.deadline,
        sg1_0.description,
        sg1_0.name,
        sg1_0.status,
        sg1_0.target_amount,
        sg1_0.updated_at,
        sg1_0.user_id 
    from
        savings_goal sg1_0 
    where
        sg1_0.user_id=? 
        and sg1_0.status='IN_PROGRESS' 
        and sg1_0.deadline<?
Hibernate: 
    select
        sg1_0.id,
        sg1_0.created_at,
        sg1_0.current_amount,
        sg1_0.deadline,
        sg1_0.description,
        sg1_0.name,
        sg1_0.status,
        sg1_0.target_amount,
        sg1_0.updated_at,
        sg1_0.user_id 
    from
        savings_goal sg1_0 
    where
        sg1_0.user_id=? 
        and sg1_0.status='IN_PROGRESS' 
        and sg1_0.deadline<?
2026-06-02T22:29:33.747+02:00 DEBUG 14904 --- [personal-finance-tracker] [nio-8080-exec-5] org.hibernate.SQL                        : 
    select
        sg1_0.id,
        sg1_0.created_at,
        sg1_0.current_amount,
        sg1_0.deadline,
        sg1_0.description,
        sg1_0.name,
        sg1_0.status,
        sg1_0.target_amount,
        sg1_0.updated_at,
        sg1_0.user_id 
    from
        savings_goal sg1_0 
    where
        sg1_0.id=? 
        and sg1_0.user_id=?
Hibernate: 
    select
        sg1_0.id,
        sg1_0.created_at,
        sg1_0.current_amount,
        sg1_0.deadline,
        sg1_0.description,
        sg1_0.name,
        sg1_0.status,
        sg1_0.target_amount,
        sg1_0.updated_at,
        sg1_0.user_id 
    from
        savings_goal sg1_0 
    where
        sg1_0.id=? 
        and sg1_0.user_id=?
2026-06-02T22:29:33.792+02:00 DEBUG 14904 --- [personal-finance-tracker] [nio-8080-exec-5] o.s.w.s.m.m.a.HttpEntityMethodProcessor  : Using 'application/json', given [application/json, text/plain, */*] and supported [application/json, application/*+json, application/yaml]
2026-06-02T22:29:33.792+02:00 DEBUG 14904 --- [personal-finance-tracker] [nio-8080-exec-5] o.s.w.s.m.m.a.HttpEntityMethodProcessor  : Writing [com.dauphine.pft.dto.responses.SavingsGoalResponse@52be13e0]
2026-06-02T22:29:33.793+02:00 DEBUG 14904 --- [personal-finance-tracker] [nio-8080-exec-5] o.s.web.servlet.DispatcherServlet        : Completed 200 OK
2026-06-02T22:29:37.075+02:00 DEBUG 14904 --- [personal-finance-tracker] [io-8080-exec-10] o.s.web.servlet.DispatcherServlet        : GET "/v1/savings-goals", parameters={}
2026-06-02T22:29:37.077+02:00 DEBUG 14904 --- [personal-finance-tracker] [io-8080-exec-10] s.w.s.m.m.a.RequestMappingHandlerMapping : Mapped to com.dauphine.pft.controllers.SavingsGoalController#getAll(SavingsGoalStatus, String, BigDecimal, BigDecimal, LocalDate, LocalDate)
2026-06-02T22:29:37.213+02:00 DEBUG 14904 --- [personal-finance-tracker] [io-8080-exec-10] org.hibernate.SQL                        : 
    select
        sg1_0.id,
        sg1_0.created_at,
        sg1_0.current_amount,
        sg1_0.deadline,
        sg1_0.description,
        sg1_0.name,
        sg1_0.status,
        sg1_0.target_amount,
        sg1_0.updated_at,
        sg1_0.user_id 
    from
        savings_goal sg1_0 
    where
        sg1_0.user_id=? 
        and sg1_0.status='IN_PROGRESS' 
        and sg1_0.deadline<?
Hibernate: 
    select
        sg1_0.id,
        sg1_0.created_at,
        sg1_0.current_amount,
        sg1_0.deadline,
        sg1_0.description,
        sg1_0.name,
        sg1_0.status,
        sg1_0.target_amount,
        sg1_0.updated_at,
        sg1_0.user_id 
    from
        savings_goal sg1_0 
    where
        sg1_0.user_id=? 
        and sg1_0.status='IN_PROGRESS' 
        and sg1_0.deadline<?
2026-06-02T22:29:37.263+02:00 DEBUG 14904 --- [personal-finance-tracker] [io-8080-exec-10] org.hibernate.SQL                        : 
    select
        sg1_0.id,
        sg1_0.created_at,
        sg1_0.current_amount,
        sg1_0.deadline,
        sg1_0.description,
        sg1_0.name,
        sg1_0.status,
        sg1_0.target_amount,
        sg1_0.updated_at,
        sg1_0.user_id 
    from
        savings_goal sg1_0 
    where
        sg1_0.user_id=?
Hibernate: 
    select
        sg1_0.id,
        sg1_0.created_at,
        sg1_0.current_amount,
        sg1_0.deadline,
        sg1_0.description,
        sg1_0.name,
        sg1_0.status,
        sg1_0.target_amount,
        sg1_0.updated_at,
        sg1_0.user_id 
    from
        savings_goal sg1_0 
    where
        sg1_0.user_id=?
2026-06-02T22:29:37.325+02:00 DEBUG 14904 --- [personal-finance-tracker] [io-8080-exec-10] o.s.w.s.m.m.a.HttpEntityMethodProcessor  : Using 'application/json', given [application/json, text/plain, */*] and supported [application/json, application/*+json, application/yaml]
2026-06-02T22:29:37.326+02:00 DEBUG 14904 --- [personal-finance-tracker] [io-8080-exec-10] o.s.w.s.m.m.a.HttpEntityMethodProcessor  : Writing [[com.dauphine.pft.dto.responses.SavingsGoalResponse@151f2a02, com.dauphine.pft.dto.responses.Savings (truncated)...]
2026-06-02T22:29:37.328+02:00 DEBUG 14904 --- [personal-finance-tracker] [io-8080-exec-10] o.s.web.servlet.DispatcherServlet        : Completed 200 OK
2026-06-02T22:29:38.522+02:00 DEBUG 14904 --- [personal-finance-tracker] [nio-8080-exec-3] o.s.web.servlet.DispatcherServlet        : GET "/v1/categories", parameters={}
2026-06-02T22:29:38.522+02:00 DEBUG 14904 --- [personal-finance-tracker] [nio-8080-exec-2] o.s.web.servlet.DispatcherServlet        : GET "/v1/budgets", parameters={}
2026-06-02T22:29:38.522+02:00 DEBUG 14904 --- [personal-finance-tracker] [nio-8080-exec-7] o.s.web.servlet.DispatcherServlet        : GET "/v1/categories", parameters={}
2026-06-02T22:29:38.522+02:00 DEBUG 14904 --- [personal-finance-tracker] [nio-8080-exec-3] s.w.s.m.m.a.RequestMappingHandlerMapping : Mapped to com.dauphine.pft.controllers.CategoryController#getAll(String, CategoryType)
2026-06-02T22:29:38.522+02:00 DEBUG 14904 --- [personal-finance-tracker] [nio-8080-exec-2] s.w.s.m.m.a.RequestMappingHandlerMapping : Mapped to com.dauphine.pft.controllers.BudgetController#getAll()
2026-06-02T22:29:38.522+02:00 DEBUG 14904 --- [personal-finance-tracker] [nio-8080-exec-7] s.w.s.m.m.a.RequestMappingHandlerMapping : Mapped to com.dauphine.pft.controllers.CategoryController#getAll(String, CategoryType)
2026-06-02T22:29:38.568+02:00 DEBUG 14904 --- [personal-finance-tracker] [nio-8080-exec-2] org.hibernate.SQL                        : 
    select
        b1_0.id,
        b1_0.category_id,
        b1_0.created_at,
        b1_0.monthly_cap,
        b1_0.period,
        b1_0.updated_at,
        b1_0.user_id 
    from
        budget b1_0 
    where
        b1_0.user_id=?
Hibernate: 
    select
        b1_0.id,
        b1_0.category_id,
        b1_0.created_at,
        b1_0.monthly_cap,
        b1_0.period,
        b1_0.updated_at,
        b1_0.user_id 
    from
        budget b1_0 
    where
        b1_0.user_id=?
2026-06-02T22:29:38.568+02:00 DEBUG 14904 --- [personal-finance-tracker] [nio-8080-exec-7] org.hibernate.SQL                        : 
    select
        c1_0.id,
        c1_0.created_at,
        c1_0.description,
        c1_0.name,
        c1_0.type,
        c1_0.updated_at,
        c1_0.user_id 
    from
        category c1_0 
    where
        c1_0.user_id=?
Hibernate: 
    select
        c1_0.id,
        c1_0.created_at,
        c1_0.description,
        c1_0.name,
        c1_0.type,
        c1_0.updated_at,
        c1_0.user_id 
    from
        category c1_0 
    where
        c1_0.user_id=?
2026-06-02T22:29:38.569+02:00 DEBUG 14904 --- [personal-finance-tracker] [nio-8080-exec-3] org.hibernate.SQL                        : 
    select
        c1_0.id,
        c1_0.created_at,
        c1_0.description,
        c1_0.name,
        c1_0.type,
        c1_0.updated_at,
        c1_0.user_id 
    from
        category c1_0 
    where
        c1_0.user_id=?
Hibernate: 
    select
        c1_0.id,
        c1_0.created_at,
        c1_0.description,
        c1_0.name,
        c1_0.type,
        c1_0.updated_at,
        c1_0.user_id 
    from
        category c1_0 
    where
        c1_0.user_id=?
2026-06-02T22:29:38.618+02:00 DEBUG 14904 --- [personal-finance-tracker] [nio-8080-exec-7] o.s.w.s.m.m.a.HttpEntityMethodProcessor  : Using 'application/json', given [application/json, text/plain, */*] and supported [application/json, application/*+json, application/yaml]
2026-06-02T22:29:38.618+02:00 DEBUG 14904 --- [personal-finance-tracker] [nio-8080-exec-3] o.s.w.s.m.m.a.HttpEntityMethodProcessor  : Using 'application/json', given [application/json, text/plain, */*] and supported [application/json, application/*+json, application/yaml]
2026-06-02T22:29:38.619+02:00 DEBUG 14904 --- [personal-finance-tracker] [nio-8080-exec-7] o.s.w.s.m.m.a.HttpEntityMethodProcessor  : Writing [[com.dauphine.pft.dto.responses.CategoryResponse@6840c24d, com.dauphine.pft.dto.responses.CategoryRe (truncated)...]
2026-06-02T22:29:38.619+02:00 DEBUG 14904 --- [personal-finance-tracker] [nio-8080-exec-2] org.hibernate.SQL                        : 
    select
        coalesce(sum(t1_0.amount), 0) 
    from
        finance_transaction t1_0 
    where
        t1_0.user_id=? 
        and t1_0.category_id=? 
        and t1_0.type='EXPENSE' 
        and t1_0.transaction_date>=? 
        and t1_0.transaction_date<=?
Hibernate: 
    select
        coalesce(sum(t1_0.amount), 0) 
    from
        finance_transaction t1_0 
    where
        t1_0.user_id=? 
        and t1_0.category_id=? 
        and t1_0.type='EXPENSE' 
        and t1_0.transaction_date>=? 
        and t1_0.transaction_date<=?
2026-06-02T22:29:38.619+02:00 DEBUG 14904 --- [personal-finance-tracker] [nio-8080-exec-3] o.s.w.s.m.m.a.HttpEntityMethodProcessor  : Writing [[com.dauphine.pft.dto.responses.CategoryResponse@7243f010, com.dauphine.pft.dto.responses.CategoryRe (truncated)...]
2026-06-02T22:29:38.621+02:00 DEBUG 14904 --- [personal-finance-tracker] [nio-8080-exec-7] o.s.web.servlet.DispatcherServlet        : Completed 200 OK
2026-06-02T22:29:38.621+02:00 DEBUG 14904 --- [personal-finance-tracker] [nio-8080-exec-3] o.s.web.servlet.DispatcherServlet        : Completed 200 OK
2026-06-02T22:29:38.653+02:00 DEBUG 14904 --- [personal-finance-tracker] [nio-8080-exec-2] org.hibernate.SQL                        : 
    select
        c1_0.id,
        c1_0.created_at,
        c1_0.description,
        c1_0.name,
        c1_0.type,
        c1_0.updated_at,
        c1_0.user_id 
    from
        category c1_0 
    where
        c1_0.id=?
Hibernate: 
    select
        c1_0.id,
        c1_0.created_at,
        c1_0.description,
        c1_0.name,
        c1_0.type,
        c1_0.updated_at,
        c1_0.user_id 
    from
        category c1_0 
    where
        c1_0.id=?
2026-06-02T22:29:38.708+02:00 DEBUG 14904 --- [personal-finance-tracker] [nio-8080-exec-2] org.hibernate.SQL                        : 
    select
        coalesce(sum(t1_0.amount), 0) 
    from
        finance_transaction t1_0 
    where
        t1_0.user_id=? 
        and t1_0.category_id=? 
        and t1_0.type='EXPENSE' 
        and t1_0.transaction_date>=? 
        and t1_0.transaction_date<=?
Hibernate: 
    select
        coalesce(sum(t1_0.amount), 0) 
    from
        finance_transaction t1_0 
    where
        t1_0.user_id=? 
        and t1_0.category_id=? 
        and t1_0.type='EXPENSE' 
        and t1_0.transaction_date>=? 
        and t1_0.transaction_date<=?
2026-06-02T22:29:38.748+02:00 DEBUG 14904 --- [personal-finance-tracker] [nio-8080-exec-2] org.hibernate.SQL                        : 
    select
        c1_0.id,
        c1_0.created_at,
        c1_0.description,
        c1_0.name,
        c1_0.type,
        c1_0.updated_at,
        c1_0.user_id 
    from
        category c1_0 
    where
        c1_0.id=?
Hibernate: 
    select
        c1_0.id,
        c1_0.created_at,
        c1_0.description,
        c1_0.name,
        c1_0.type,
        c1_0.updated_at,
        c1_0.user_id 
    from
        category c1_0 
    where
        c1_0.id=?
2026-06-02T22:29:38.841+02:00 DEBUG 14904 --- [personal-finance-tracker] [nio-8080-exec-2] o.s.w.s.m.m.a.HttpEntityMethodProcessor  : Using 'application/json', given [application/json, text/plain, */*] and supported [application/json, application/*+json, application/yaml]
2026-06-02T22:29:38.841+02:00 DEBUG 14904 --- [personal-finance-tracker] [nio-8080-exec-2] o.s.w.s.m.m.a.HttpEntityMethodProcessor  : Writing [[com.dauphine.pft.dto.responses.BudgetUsageResponse@2c61e8a, com.dauphine.pft.dto.responses.BudgetUs (truncated)...]
2026-06-02T22:29:38.843+02:00 DEBUG 14904 --- [personal-finance-tracker] [nio-8080-exec-2] o.s.web.servlet.DispatcherServlet        : Completed 200 OK
2026-06-02T22:29:49.628+02:00 DEBUG 14904 --- [personal-finance-tracker] [io-8080-exec-10] o.s.web.servlet.DispatcherServlet        : GET "/v1/savings-goals", parameters={}
2026-06-02T22:29:49.629+02:00 DEBUG 14904 --- [personal-finance-tracker] [io-8080-exec-10] s.w.s.m.m.a.RequestMappingHandlerMapping : Mapped to com.dauphine.pft.controllers.SavingsGoalController#getAll(SavingsGoalStatus, String, BigDecimal, BigDecimal, LocalDate, LocalDate)
2026-06-02T22:29:49.629+02:00 DEBUG 14904 --- [personal-finance-tracker] [nio-8080-exec-6] o.s.web.servlet.DispatcherServlet        : GET "/v1/categories", parameters={}
2026-06-02T22:29:49.629+02:00 DEBUG 14904 --- [personal-finance-tracker] [nio-8080-exec-8] o.s.web.servlet.DispatcherServlet        : GET "/v1/transactions", parameters={}
2026-06-02T22:29:49.629+02:00 DEBUG 14904 --- [personal-finance-tracker] [nio-8080-exec-6] s.w.s.m.m.a.RequestMappingHandlerMapping : Mapped to com.dauphine.pft.controllers.CategoryController#getAll(String, CategoryType)
2026-06-02T22:29:49.629+02:00 DEBUG 14904 --- [personal-finance-tracker] [nio-8080-exec-8] s.w.s.m.m.a.RequestMappingHandlerMapping : Mapped to com.dauphine.pft.controllers.TransactionController#getAll(TransactionType, UUID, String, LocalDate, LocalDate, BigDecimal, BigDecimal, String)
2026-06-02T22:29:49.676+02:00 DEBUG 14904 --- [personal-finance-tracker] [io-8080-exec-10] org.hibernate.SQL                        : 
    select
        sg1_0.id,
        sg1_0.created_at,
        sg1_0.current_amount,
        sg1_0.deadline,
        sg1_0.description,
        sg1_0.name,
        sg1_0.status,
        sg1_0.target_amount,
        sg1_0.updated_at,
        sg1_0.user_id 
    from
        savings_goal sg1_0 
    where
        sg1_0.user_id=? 
        and sg1_0.status='IN_PROGRESS' 
        and sg1_0.deadline<?
Hibernate: 
    select
        sg1_0.id,
        sg1_0.created_at,
        sg1_0.current_amount,
        sg1_0.deadline,
        sg1_0.description,
        sg1_0.name,
        sg1_0.status,
        sg1_0.target_amount,
        sg1_0.updated_at,
        sg1_0.user_id 
    from
        savings_goal sg1_0 
    where
        sg1_0.user_id=? 
        and sg1_0.status='IN_PROGRESS' 
        and sg1_0.deadline<?
2026-06-02T22:29:49.685+02:00 DEBUG 14904 --- [personal-finance-tracker] [nio-8080-exec-6] org.hibernate.SQL                        : 
    select
        c1_0.id,
        c1_0.created_at,
        c1_0.description,
        c1_0.name,
        c1_0.type,
        c1_0.updated_at,
        c1_0.user_id 
    from
        category c1_0 
    where
        c1_0.user_id=?
Hibernate: 
    select
        c1_0.id,
        c1_0.created_at,
        c1_0.description,
        c1_0.name,
        c1_0.type,
        c1_0.updated_at,
        c1_0.user_id 
    from
        category c1_0 
    where
        c1_0.user_id=?
2026-06-02T22:29:49.685+02:00 DEBUG 14904 --- [personal-finance-tracker] [nio-8080-exec-8] org.hibernate.SQL                        : 
    select
        t1_0.id,
        t1_0.amount,
        t1_0.category_id,
        t1_0.created_at,
        t1_0.description,
        t1_0.title,
        t1_0.transaction_date,
        t1_0.type,
        t1_0.updated_at,
        t1_0.user_id 
    from
        finance_transaction t1_0 
    where
        t1_0.user_id=? 
    order by
        t1_0.transaction_date desc
Hibernate: 
    select
        t1_0.id,
        t1_0.amount,
        t1_0.category_id,
        t1_0.created_at,
        t1_0.description,
        t1_0.title,
        t1_0.transaction_date,
        t1_0.type,
        t1_0.updated_at,
        t1_0.user_id 
    from
        finance_transaction t1_0 
    where
        t1_0.user_id=? 
    order by
        t1_0.transaction_date desc
2026-06-02T22:29:49.718+02:00 DEBUG 14904 --- [personal-finance-tracker] [io-8080-exec-10] org.hibernate.SQL                        : 
    select
        sg1_0.id,
        sg1_0.created_at,
        sg1_0.current_amount,
        sg1_0.deadline,
        sg1_0.description,
        sg1_0.name,
        sg1_0.status,
        sg1_0.target_amount,
        sg1_0.updated_at,
        sg1_0.user_id 
    from
        savings_goal sg1_0 
    where
        sg1_0.user_id=?
Hibernate: 
    select
        sg1_0.id,
        sg1_0.created_at,
        sg1_0.current_amount,
        sg1_0.deadline,
        sg1_0.description,
        sg1_0.name,
        sg1_0.status,
        sg1_0.target_amount,
        sg1_0.updated_at,
        sg1_0.user_id 
    from
        savings_goal sg1_0 
    where
        sg1_0.user_id=?
2026-06-02T22:29:49.728+02:00 DEBUG 14904 --- [personal-finance-tracker] [nio-8080-exec-6] o.s.w.s.m.m.a.HttpEntityMethodProcessor  : Using 'application/json', given [application/json, text/plain, */*] and supported [application/json, application/*+json, application/yaml]
2026-06-02T22:29:49.729+02:00 DEBUG 14904 --- [personal-finance-tracker] [nio-8080-exec-6] o.s.w.s.m.m.a.HttpEntityMethodProcessor  : Writing [[com.dauphine.pft.dto.responses.CategoryResponse@15ea4d9b, com.dauphine.pft.dto.responses.CategoryRe (truncated)...]
2026-06-02T22:29:49.731+02:00 DEBUG 14904 --- [personal-finance-tracker] [nio-8080-exec-6] o.s.web.servlet.DispatcherServlet        : Completed 200 OK
2026-06-02T22:29:49.734+02:00 DEBUG 14904 --- [personal-finance-tracker] [nio-8080-exec-8] org.hibernate.SQL                        : 
    select
        c1_0.id,
        c1_0.created_at,
        c1_0.description,
        c1_0.name,
        c1_0.type,
        c1_0.updated_at,
        c1_0.user_id 
    from
        category c1_0 
    where
        c1_0.id=?
Hibernate: 
    select
        c1_0.id,
        c1_0.created_at,
        c1_0.description,
        c1_0.name,
        c1_0.type,
        c1_0.updated_at,
        c1_0.user_id 
    from
        category c1_0 
    where
        c1_0.id=?
2026-06-02T22:29:49.761+02:00 DEBUG 14904 --- [personal-finance-tracker] [io-8080-exec-10] o.s.w.s.m.m.a.HttpEntityMethodProcessor  : Using 'application/json', given [application/json, text/plain, */*] and supported [application/json, application/*+json, application/yaml]
2026-06-02T22:29:49.762+02:00 DEBUG 14904 --- [personal-finance-tracker] [io-8080-exec-10] o.s.w.s.m.m.a.HttpEntityMethodProcessor  : Writing [[com.dauphine.pft.dto.responses.SavingsGoalResponse@3aa27498, com.dauphine.pft.dto.responses.Savings (truncated)...]
2026-06-02T22:29:49.764+02:00 DEBUG 14904 --- [personal-finance-tracker] [io-8080-exec-10] o.s.web.servlet.DispatcherServlet        : Completed 200 OK
2026-06-02T22:29:49.777+02:00 DEBUG 14904 --- [personal-finance-tracker] [nio-8080-exec-8] org.hibernate.SQL                        : 
    select
        c1_0.id,
        c1_0.created_at,
        c1_0.description,
        c1_0.name,
        c1_0.type,
        c1_0.updated_at,
        c1_0.user_id 
    from
        category c1_0 
    where
        c1_0.id=?
Hibernate: 
    select
        c1_0.id,
        c1_0.created_at,
        c1_0.description,
        c1_0.name,
        c1_0.type,
        c1_0.updated_at,
        c1_0.user_id 
    from
        category c1_0 
    where
        c1_0.id=?
2026-06-02T22:29:49.817+02:00 DEBUG 14904 --- [personal-finance-tracker] [nio-8080-exec-8] org.hibernate.SQL                        : 
    select
        c1_0.id,
        c1_0.created_at,
        c1_0.description,
        c1_0.name,
        c1_0.type,
        c1_0.updated_at,
        c1_0.user_id 
    from
        category c1_0 
    where
        c1_0.id=?
Hibernate: 
    select
        c1_0.id,
        c1_0.created_at,
        c1_0.description,
        c1_0.name,
        c1_0.type,
        c1_0.updated_at,
        c1_0.user_id 
    from
        category c1_0 
    where
        c1_0.id=?
2026-06-02T22:29:49.867+02:00 DEBUG 14904 --- [personal-finance-tracker] [nio-8080-exec-8] org.hibernate.SQL                        : 
    select
        c1_0.id,
        c1_0.created_at,
        c1_0.description,
        c1_0.name,
        c1_0.type,
        c1_0.updated_at,
        c1_0.user_id 
    from
        category c1_0 
    where
        c1_0.id=?
Hibernate: 
    select
        c1_0.id,
        c1_0.created_at,
        c1_0.description,
        c1_0.name,
        c1_0.type,
        c1_0.updated_at,
        c1_0.user_id 
    from
        category c1_0 
    where
        c1_0.id=?
2026-06-02T22:29:49.903+02:00 DEBUG 14904 --- [personal-finance-tracker] [nio-8080-exec-8] o.s.w.s.m.m.a.HttpEntityMethodProcessor  : Using 'application/json', given [application/json, text/plain, */*] and supported [application/json, application/*+json, application/yaml]
2026-06-02T22:29:49.907+02:00 DEBUG 14904 --- [personal-finance-tracker] [nio-8080-exec-8] o.s.w.s.m.m.a.HttpEntityMethodProcessor  : Writing [[com.dauphine.pft.dto.responses.TransactionResponse@6fe10659, com.dauphine.pft.dto.responses.Transac (truncated)...]
2026-06-02T22:29:49.909+02:00 DEBUG 14904 --- [personal-finance-tracker] [nio-8080-exec-8] o.s.web.servlet.DispatcherServlet        : Completed 200 OK
2026-06-02T22:29:52.935+02:00 DEBUG 14904 --- [personal-finance-tracker] [nio-8080-exec-9] o.s.web.servlet.DispatcherServlet        : GET "/v1/transactions", parameters={}
2026-06-02T22:29:52.935+02:00 DEBUG 14904 --- [personal-finance-tracker] [nio-8080-exec-7] o.s.web.servlet.DispatcherServlet        : GET "/v1/categories", parameters={}
2026-06-02T22:29:52.936+02:00 DEBUG 14904 --- [personal-finance-tracker] [nio-8080-exec-9] s.w.s.m.m.a.RequestMappingHandlerMapping : Mapped to com.dauphine.pft.controllers.TransactionController#getAll(TransactionType, UUID, String, LocalDate, LocalDate, BigDecimal, BigDecimal, String)
2026-06-02T22:29:52.936+02:00 DEBUG 14904 --- [personal-finance-tracker] [nio-8080-exec-7] s.w.s.m.m.a.RequestMappingHandlerMapping : Mapped to com.dauphine.pft.controllers.CategoryController#getAll(String, CategoryType)
2026-06-02T22:29:52.970+02:00 DEBUG 14904 --- [personal-finance-tracker] [nio-8080-exec-7] org.hibernate.SQL                        : 
    select
        c1_0.id,
        c1_0.created_at,
        c1_0.description,
        c1_0.name,
        c1_0.type,
        c1_0.updated_at,
        c1_0.user_id 
    from
        category c1_0 
    where
        c1_0.user_id=?
Hibernate: 
    select
        c1_0.id,
        c1_0.created_at,
        c1_0.description,
        c1_0.name,
        c1_0.type,
        c1_0.updated_at,
        c1_0.user_id 
    from
        category c1_0 
    where
        c1_0.user_id=?
2026-06-02T22:29:52.975+02:00 DEBUG 14904 --- [personal-finance-tracker] [nio-8080-exec-9] org.hibernate.SQL                        : 
    select
        t1_0.id,
        t1_0.amount,
        t1_0.category_id,
        t1_0.created_at,
        t1_0.description,
        t1_0.title,
        t1_0.transaction_date,
        t1_0.type,
        t1_0.updated_at,
        t1_0.user_id 
    from
        finance_transaction t1_0 
    where
        t1_0.user_id=? 
    order by
        t1_0.transaction_date desc
Hibernate: 
    select
        t1_0.id,
        t1_0.amount,
        t1_0.category_id,
        t1_0.created_at,
        t1_0.description,
        t1_0.title,
        t1_0.transaction_date,
        t1_0.type,
        t1_0.updated_at,
        t1_0.user_id 
    from
        finance_transaction t1_0 
    where
        t1_0.user_id=? 
    order by
        t1_0.transaction_date desc
2026-06-02T22:29:53.013+02:00 DEBUG 14904 --- [personal-finance-tracker] [nio-8080-exec-7] o.s.w.s.m.m.a.HttpEntityMethodProcessor  : Using 'application/json', given [application/json, text/plain, */*] and supported [application/json, application/*+json, application/yaml]
2026-06-02T22:29:53.013+02:00 DEBUG 14904 --- [personal-finance-tracker] [nio-8080-exec-7] o.s.w.s.m.m.a.HttpEntityMethodProcessor  : Writing [[com.dauphine.pft.dto.responses.CategoryResponse@2c0fe123, com.dauphine.pft.dto.responses.CategoryRe (truncated)...]
2026-06-02T22:29:53.016+02:00 DEBUG 14904 --- [personal-finance-tracker] [nio-8080-exec-7] o.s.web.servlet.DispatcherServlet        : Completed 200 OK
2026-06-02T22:29:53.034+02:00 DEBUG 14904 --- [personal-finance-tracker] [nio-8080-exec-9] org.hibernate.SQL                        : 
    select
        c1_0.id,
        c1_0.created_at,
        c1_0.description,
        c1_0.name,
        c1_0.type,
        c1_0.updated_at,
        c1_0.user_id 
    from
        category c1_0 
    where
        c1_0.id=?
Hibernate: 
    select
        c1_0.id,
        c1_0.created_at,
        c1_0.description,
        c1_0.name,
        c1_0.type,
        c1_0.updated_at,
        c1_0.user_id 
    from
        category c1_0 
    where
        c1_0.id=?
2026-06-02T22:29:53.075+02:00 DEBUG 14904 --- [personal-finance-tracker] [nio-8080-exec-9] org.hibernate.SQL                        : 
    select
        c1_0.id,
        c1_0.created_at,
        c1_0.description,
        c1_0.name,
        c1_0.type,
        c1_0.updated_at,
        c1_0.user_id 
    from
        category c1_0 
    where
        c1_0.id=?
Hibernate: 
    select
        c1_0.id,
        c1_0.created_at,
        c1_0.description,
        c1_0.name,
        c1_0.type,
        c1_0.updated_at,
        c1_0.user_id 
    from
        category c1_0 
    where
        c1_0.id=?
2026-06-02T22:29:53.118+02:00 DEBUG 14904 --- [personal-finance-tracker] [nio-8080-exec-9] org.hibernate.SQL                        : 
    select
        c1_0.id,
        c1_0.created_at,
        c1_0.description,
        c1_0.name,
        c1_0.type,
        c1_0.updated_at,
        c1_0.user_id 
    from
        category c1_0 
    where
        c1_0.id=?
Hibernate: 
    select
        c1_0.id,
        c1_0.created_at,
        c1_0.description,
        c1_0.name,
        c1_0.type,
        c1_0.updated_at,
        c1_0.user_id 
    from
        category c1_0 
    where
        c1_0.id=?
2026-06-02T22:29:53.153+02:00 DEBUG 14904 --- [personal-finance-tracker] [nio-8080-exec-9] org.hibernate.SQL                        : 
    select
        c1_0.id,
        c1_0.created_at,
        c1_0.description,
        c1_0.name,
        c1_0.type,
        c1_0.updated_at,
        c1_0.user_id 
    from
        category c1_0 
    where
        c1_0.id=?
Hibernate: 
    select
        c1_0.id,
        c1_0.created_at,
        c1_0.description,
        c1_0.name,
        c1_0.type,
        c1_0.updated_at,
        c1_0.user_id 
    from
        category c1_0 
    where
        c1_0.id=?
2026-06-02T22:29:53.196+02:00 DEBUG 14904 --- [personal-finance-tracker] [nio-8080-exec-9] o.s.w.s.m.m.a.HttpEntityMethodProcessor  : Using 'application/json', given [application/json, text/plain, */*] and supported [application/json, application/*+json, application/yaml]
2026-06-02T22:29:53.197+02:00 DEBUG 14904 --- [personal-finance-tracker] [nio-8080-exec-9] o.s.w.s.m.m.a.HttpEntityMethodProcessor  : Writing [[com.dauphine.pft.dto.responses.TransactionResponse@df7cd47, com.dauphine.pft.dto.responses.Transact (truncated)...]
2026-06-02T22:29:53.199+02:00 DEBUG 14904 --- [personal-finance-tracker] [nio-8080-exec-9] o.s.web.servlet.DispatcherServlet        : Completed 200 OK
2026-06-02T22:29:53.963+02:00 DEBUG 14904 --- [personal-finance-tracker] [nio-8080-exec-3] o.s.web.servlet.DispatcherServlet        : GET "/v1/transactions", parameters={}
2026-06-02T22:29:53.963+02:00 DEBUG 14904 --- [personal-finance-tracker] [nio-8080-exec-4] o.s.web.servlet.DispatcherServlet        : GET "/v1/savings-goals", parameters={}
2026-06-02T22:29:53.964+02:00 DEBUG 14904 --- [personal-finance-tracker] [nio-8080-exec-2] o.s.web.servlet.DispatcherServlet        : GET "/v1/categories", parameters={}
2026-06-02T22:29:53.964+02:00 DEBUG 14904 --- [personal-finance-tracker] [nio-8080-exec-4] s.w.s.m.m.a.RequestMappingHandlerMapping : Mapped to com.dauphine.pft.controllers.SavingsGoalController#getAll(SavingsGoalStatus, String, BigDecimal, BigDecimal, LocalDate, LocalDate)
2026-06-02T22:29:53.964+02:00 DEBUG 14904 --- [personal-finance-tracker] [nio-8080-exec-3] s.w.s.m.m.a.RequestMappingHandlerMapping : Mapped to com.dauphine.pft.controllers.TransactionController#getAll(TransactionType, UUID, String, LocalDate, LocalDate, BigDecimal, BigDecimal, String)
2026-06-02T22:29:53.964+02:00 DEBUG 14904 --- [personal-finance-tracker] [nio-8080-exec-2] s.w.s.m.m.a.RequestMappingHandlerMapping : Mapped to com.dauphine.pft.controllers.CategoryController#getAll(String, CategoryType)
2026-06-02T22:29:54.002+02:00 DEBUG 14904 --- [personal-finance-tracker] [nio-8080-exec-3] org.hibernate.SQL                        : 
    select
        t1_0.id,
        t1_0.amount,
        t1_0.category_id,
        t1_0.created_at,
        t1_0.description,
        t1_0.title,
        t1_0.transaction_date,
        t1_0.type,
        t1_0.updated_at,
        t1_0.user_id 
    from
        finance_transaction t1_0 
    where
        t1_0.user_id=? 
    order by
        t1_0.transaction_date desc
Hibernate: 
    select
        t1_0.id,
        t1_0.amount,
        t1_0.category_id,
        t1_0.created_at,
        t1_0.description,
        t1_0.title,
        t1_0.transaction_date,
        t1_0.type,
        t1_0.updated_at,
        t1_0.user_id 
    from
        finance_transaction t1_0 
    where
        t1_0.user_id=? 
    order by
        t1_0.transaction_date desc
2026-06-02T22:29:54.011+02:00 DEBUG 14904 --- [personal-finance-tracker] [nio-8080-exec-2] org.hibernate.SQL                        : 
    select
        c1_0.id,
        c1_0.created_at,
        c1_0.description,
        c1_0.name,
        c1_0.type,
        c1_0.updated_at,
        c1_0.user_id 
    from
        category c1_0 
    where
        c1_0.user_id=?
Hibernate: 
    select
        c1_0.id,
        c1_0.created_at,
        c1_0.description,
        c1_0.name,
        c1_0.type,
        c1_0.updated_at,
        c1_0.user_id 
    from
        category c1_0 
    where
        c1_0.user_id=?
2026-06-02T22:29:54.011+02:00 DEBUG 14904 --- [personal-finance-tracker] [nio-8080-exec-4] org.hibernate.SQL                        : 
    select
        sg1_0.id,
        sg1_0.created_at,
        sg1_0.current_amount,
        sg1_0.deadline,
        sg1_0.description,
        sg1_0.name,
        sg1_0.status,
        sg1_0.target_amount,
        sg1_0.updated_at,
        sg1_0.user_id 
    from
        savings_goal sg1_0 
    where
        sg1_0.user_id=? 
        and sg1_0.status='IN_PROGRESS' 
        and sg1_0.deadline<?
Hibernate: 
    select
        sg1_0.id,
        sg1_0.created_at,
        sg1_0.current_amount,
        sg1_0.deadline,
        sg1_0.description,
        sg1_0.name,
        sg1_0.status,
        sg1_0.target_amount,
        sg1_0.updated_at,
        sg1_0.user_id 
    from
        savings_goal sg1_0 
    where
        sg1_0.user_id=? 
        and sg1_0.status='IN_PROGRESS' 
        and sg1_0.deadline<?
2026-06-02T22:29:54.058+02:00 DEBUG 14904 --- [personal-finance-tracker] [nio-8080-exec-4] org.hibernate.SQL                        : 
    select
        sg1_0.id,
        sg1_0.created_at,
        sg1_0.current_amount,
        sg1_0.deadline,
        sg1_0.description,
        sg1_0.name,
        sg1_0.status,
        sg1_0.target_amount,
        sg1_0.updated_at,
        sg1_0.user_id 
    from
        savings_goal sg1_0 
    where
        sg1_0.user_id=?
Hibernate: 
    select
        sg1_0.id,
        sg1_0.created_at,
        sg1_0.current_amount,
        sg1_0.deadline,
        sg1_0.description,
        sg1_0.name,
        sg1_0.status,
        sg1_0.target_amount,
        sg1_0.updated_at,
        sg1_0.user_id 
    from
        savings_goal sg1_0 
    where
        sg1_0.user_id=?
2026-06-02T22:29:54.059+02:00 DEBUG 14904 --- [personal-finance-tracker] [nio-8080-exec-3] org.hibernate.SQL                        : 
    select
        c1_0.id,
        c1_0.created_at,
        c1_0.description,
        c1_0.name,
        c1_0.type,
        c1_0.updated_at,
        c1_0.user_id 
    from
        category c1_0 
    where
        c1_0.id=?
2026-06-02T22:29:54.059+02:00 DEBUG 14904 --- [personal-finance-tracker] [nio-8080-exec-2] o.s.w.s.m.m.a.HttpEntityMethodProcessor  : Using 'application/json', given [application/json, text/plain, */*] and supported [application/json, application/*+json, application/yaml]
Hibernate: 
    select
        c1_0.id,
        c1_0.created_at,
        c1_0.description,
        c1_0.name,
        c1_0.type,
        c1_0.updated_at,
        c1_0.user_id 
    from
        category c1_0 
    where
        c1_0.id=?
2026-06-02T22:29:54.064+02:00 DEBUG 14904 --- [personal-finance-tracker] [nio-8080-exec-2] o.s.w.s.m.m.a.HttpEntityMethodProcessor  : Writing [[com.dauphine.pft.dto.responses.CategoryResponse@513c250d, com.dauphine.pft.dto.responses.CategoryRe (truncated)...]
2026-06-02T22:29:54.066+02:00 DEBUG 14904 --- [personal-finance-tracker] [nio-8080-exec-2] o.s.web.servlet.DispatcherServlet        : Completed 200 OK
2026-06-02T22:29:54.101+02:00 DEBUG 14904 --- [personal-finance-tracker] [nio-8080-exec-3] org.hibernate.SQL                        : 
    select
        c1_0.id,
        c1_0.created_at,
        c1_0.description,
        c1_0.name,
        c1_0.type,
        c1_0.updated_at,
        c1_0.user_id 
    from
        category c1_0 
    where
        c1_0.id=?
2026-06-02T22:29:54.101+02:00 DEBUG 14904 --- [personal-finance-tracker] [nio-8080-exec-4] o.s.w.s.m.m.a.HttpEntityMethodProcessor  : Using 'application/json', given [application/json, text/plain, */*] and supported [application/json, application/*+json, application/yaml]
Hibernate: 
    select
        c1_0.id,
        c1_0.created_at,
        c1_0.description,
        c1_0.name,
        c1_0.type,
        c1_0.updated_at,
        c1_0.user_id 
    from
        category c1_0 
    where
        c1_0.id=?
2026-06-02T22:29:54.103+02:00 DEBUG 14904 --- [personal-finance-tracker] [nio-8080-exec-4] o.s.w.s.m.m.a.HttpEntityMethodProcessor  : Writing [[com.dauphine.pft.dto.responses.SavingsGoalResponse@47afefc3, com.dauphine.pft.dto.responses.Savings (truncated)...]
2026-06-02T22:29:54.105+02:00 DEBUG 14904 --- [personal-finance-tracker] [nio-8080-exec-4] o.s.web.servlet.DispatcherServlet        : Completed 200 OK
2026-06-02T22:29:54.136+02:00 DEBUG 14904 --- [personal-finance-tracker] [nio-8080-exec-3] org.hibernate.SQL                        : 
    select
        c1_0.id,
        c1_0.created_at,
        c1_0.description,
        c1_0.name,
        c1_0.type,
        c1_0.updated_at,
        c1_0.user_id 
    from
        category c1_0 
    where
        c1_0.id=?
Hibernate: 
    select
        c1_0.id,
        c1_0.created_at,
        c1_0.description,
        c1_0.name,
        c1_0.type,
        c1_0.updated_at,
        c1_0.user_id 
    from
        category c1_0 
    where
        c1_0.id=?
2026-06-02T22:29:54.170+02:00 DEBUG 14904 --- [personal-finance-tracker] [nio-8080-exec-3] org.hibernate.SQL                        : 
    select
        c1_0.id,
        c1_0.created_at,
        c1_0.description,
        c1_0.name,
        c1_0.type,
        c1_0.updated_at,
        c1_0.user_id 
    from
        category c1_0 
    where
        c1_0.id=?
Hibernate: 
    select
        c1_0.id,
        c1_0.created_at,
        c1_0.description,
        c1_0.name,
        c1_0.type,
        c1_0.updated_at,
        c1_0.user_id 
    from
        category c1_0 
    where
        c1_0.id=?
2026-06-02T22:29:54.203+02:00 DEBUG 14904 --- [personal-finance-tracker] [nio-8080-exec-3] o.s.w.s.m.m.a.HttpEntityMethodProcessor  : Using 'application/json', given [application/json, text/plain, */*] and supported [application/json, application/*+json, application/yaml]
2026-06-02T22:29:54.207+02:00 DEBUG 14904 --- [personal-finance-tracker] [nio-8080-exec-3] o.s.w.s.m.m.a.HttpEntityMethodProcessor  : Writing [[com.dauphine.pft.dto.responses.TransactionResponse@53eb0d68, com.dauphine.pft.dto.responses.Transac (truncated)...]
2026-06-02T22:29:54.209+02:00 DEBUG 14904 --- [personal-finance-tracker] [nio-8080-exec-3] o.s.web.servlet.DispatcherServlet        : Completed 200 OK
2026-06-02T22:39:50.958+02:00 DEBUG 14904 --- [personal-finance-tracker] [nio-8080-exec-3] o.s.web.servlet.DispatcherServlet        : GET "/v1/savings-goals", parameters={}
2026-06-02T22:39:50.959+02:00 DEBUG 14904 --- [personal-finance-tracker] [nio-8080-exec-4] o.s.web.servlet.DispatcherServlet        : GET "/v1/transactions", parameters={}
2026-06-02T22:39:50.959+02:00 DEBUG 14904 --- [personal-finance-tracker] [nio-8080-exec-3] s.w.s.m.m.a.RequestMappingHandlerMapping : Mapped to com.dauphine.pft.controllers.SavingsGoalController#getAll(SavingsGoalStatus, String, BigDecimal, BigDecimal, LocalDate, LocalDate)
2026-06-02T22:39:50.960+02:00 DEBUG 14904 --- [personal-finance-tracker] [nio-8080-exec-4] s.w.s.m.m.a.RequestMappingHandlerMapping : Mapped to com.dauphine.pft.controllers.TransactionController#getAll(TransactionType, UUID, String, LocalDate, LocalDate, BigDecimal, BigDecimal, String)
2026-06-02T22:39:50.961+02:00 DEBUG 14904 --- [personal-finance-tracker] [nio-8080-exec-2] o.s.web.servlet.DispatcherServlet        : GET "/v1/categories", parameters={}
2026-06-02T22:39:50.961+02:00 DEBUG 14904 --- [personal-finance-tracker] [nio-8080-exec-2] s.w.s.m.m.a.RequestMappingHandlerMapping : Mapped to com.dauphine.pft.controllers.CategoryController#getAll(String, CategoryType)
2026-06-02T22:39:51.015+02:00 DEBUG 14904 --- [personal-finance-tracker] [nio-8080-exec-4] org.hibernate.SQL                        : 
    select
        t1_0.id,
        t1_0.amount,
        t1_0.category_id,
        t1_0.created_at,
        t1_0.description,
        t1_0.title,
        t1_0.transaction_date,
        t1_0.type,
        t1_0.updated_at,
        t1_0.user_id 
    from
        finance_transaction t1_0 
    where
        t1_0.user_id=? 
    order by
        t1_0.transaction_date desc
Hibernate: 
    select
        t1_0.id,
        t1_0.amount,
        t1_0.category_id,
        t1_0.created_at,
        t1_0.description,
        t1_0.title,
        t1_0.transaction_date,
        t1_0.type,
        t1_0.updated_at,
        t1_0.user_id 
    from
        finance_transaction t1_0 
    where
        t1_0.user_id=? 
    order by
        t1_0.transaction_date desc
2026-06-02T22:39:51.090+02:00 DEBUG 14904 --- [personal-finance-tracker] [nio-8080-exec-4] org.hibernate.SQL                        : 
    select
        c1_0.id,
        c1_0.created_at,
        c1_0.description,
        c1_0.name,
        c1_0.type,
        c1_0.updated_at,
        c1_0.user_id 
    from
        category c1_0 
    where
        c1_0.id=?
Hibernate: 
    select
        c1_0.id,
        c1_0.created_at,
        c1_0.description,
        c1_0.name,
        c1_0.type,
        c1_0.updated_at,
        c1_0.user_id 
    from
        category c1_0 
    where
        c1_0.id=?
2026-06-02T22:39:51.137+02:00 DEBUG 14904 --- [personal-finance-tracker] [nio-8080-exec-4] org.hibernate.SQL                        : 
    select
        c1_0.id,
        c1_0.created_at,
        c1_0.description,
        c1_0.name,
        c1_0.type,
        c1_0.updated_at,
        c1_0.user_id 
    from
        category c1_0 
    where
        c1_0.id=?
Hibernate: 
    select
        c1_0.id,
        c1_0.created_at,
        c1_0.description,
        c1_0.name,
        c1_0.type,
        c1_0.updated_at,
        c1_0.user_id 
    from
        category c1_0 
    where
        c1_0.id=?
2026-06-02T22:39:51.192+02:00 DEBUG 14904 --- [personal-finance-tracker] [nio-8080-exec-4] org.hibernate.SQL                        : 
    select
        c1_0.id,
        c1_0.created_at,
        c1_0.description,
        c1_0.name,
        c1_0.type,
        c1_0.updated_at,
        c1_0.user_id 
    from
        category c1_0 
    where
        c1_0.id=?
Hibernate: 
    select
        c1_0.id,
        c1_0.created_at,
        c1_0.description,
        c1_0.name,
        c1_0.type,
        c1_0.updated_at,
        c1_0.user_id 
    from
        category c1_0 
    where
        c1_0.id=?
2026-06-02T22:39:51.239+02:00 DEBUG 14904 --- [personal-finance-tracker] [nio-8080-exec-4] org.hibernate.SQL                        : 
    select
        c1_0.id,
        c1_0.created_at,
        c1_0.description,
        c1_0.name,
        c1_0.type,
        c1_0.updated_at,
        c1_0.user_id 
    from
        category c1_0 
    where
        c1_0.id=?
Hibernate: 
    select
        c1_0.id,
        c1_0.created_at,
        c1_0.description,
        c1_0.name,
        c1_0.type,
        c1_0.updated_at,
        c1_0.user_id 
    from
        category c1_0 
    where
        c1_0.id=?
2026-06-02T22:39:51.293+02:00 DEBUG 14904 --- [personal-finance-tracker] [nio-8080-exec-4] o.s.w.s.m.m.a.HttpEntityMethodProcessor  : Using 'application/json', given [application/json, text/plain, */*] and supported [application/json, application/*+json, application/yaml]
2026-06-02T22:39:51.294+02:00 DEBUG 14904 --- [personal-finance-tracker] [nio-8080-exec-4] o.s.w.s.m.m.a.HttpEntityMethodProcessor  : Writing [[com.dauphine.pft.dto.responses.TransactionResponse@7e41d04b, com.dauphine.pft.dto.responses.Transac (truncated)...]
2026-06-02T22:39:51.295+02:00 DEBUG 14904 --- [personal-finance-tracker] [nio-8080-exec-3] org.hibernate.SQL                        : 
    select
        sg1_0.id,
        sg1_0.created_at,
        sg1_0.current_amount,
        sg1_0.deadline,
        sg1_0.description,
        sg1_0.name,
        sg1_0.status,
        sg1_0.target_amount,
        sg1_0.updated_at,
        sg1_0.user_id 
    from
        savings_goal sg1_0 
    where
        sg1_0.user_id=? 
        and sg1_0.status='IN_PROGRESS' 
        and sg1_0.deadline<?
2026-06-02T22:39:51.295+02:00 DEBUG 14904 --- [personal-finance-tracker] [nio-8080-exec-4] o.s.web.servlet.DispatcherServlet        : Completed 200 OK
Hibernate: 
    select
        sg1_0.id,
        sg1_0.created_at,
        sg1_0.current_amount,
        sg1_0.deadline,
        sg1_0.description,
        sg1_0.name,
        sg1_0.status,
        sg1_0.target_amount,
        sg1_0.updated_at,
        sg1_0.user_id 
    from
        savings_goal sg1_0 
    where
        sg1_0.user_id=? 
        and sg1_0.status='IN_PROGRESS' 
        and sg1_0.deadline<?
2026-06-02T22:39:51.304+02:00 DEBUG 14904 --- [personal-finance-tracker] [nio-8080-exec-2] org.hibernate.SQL                        : 
    select
        c1_0.id,
        c1_0.created_at,
        c1_0.description,
        c1_0.name,
        c1_0.type,
        c1_0.updated_at,
        c1_0.user_id 
    from
        category c1_0 
    where
        c1_0.user_id=?
Hibernate: 
    select
        c1_0.id,
        c1_0.created_at,
        c1_0.description,
        c1_0.name,
        c1_0.type,
        c1_0.updated_at,
        c1_0.user_id 
    from
        category c1_0 
    where
        c1_0.user_id=?
2026-06-02T22:39:51.340+02:00 DEBUG 14904 --- [personal-finance-tracker] [nio-8080-exec-3] org.hibernate.SQL                        : 
    select
        sg1_0.id,
        sg1_0.created_at,
        sg1_0.current_amount,
        sg1_0.deadline,
        sg1_0.description,
        sg1_0.name,
        sg1_0.status,
        sg1_0.target_amount,
        sg1_0.updated_at,
        sg1_0.user_id 
    from
        savings_goal sg1_0 
    where
        sg1_0.user_id=?
Hibernate: 
    select
        sg1_0.id,
        sg1_0.created_at,
        sg1_0.current_amount,
        sg1_0.deadline,
        sg1_0.description,
        sg1_0.name,
        sg1_0.status,
        sg1_0.target_amount,
        sg1_0.updated_at,
        sg1_0.user_id 
    from
        savings_goal sg1_0 
    where
        sg1_0.user_id=?
2026-06-02T22:39:51.354+02:00 DEBUG 14904 --- [personal-finance-tracker] [nio-8080-exec-2] o.s.w.s.m.m.a.HttpEntityMethodProcessor  : Using 'application/json', given [application/json, text/plain, */*] and supported [application/json, application/*+json, application/yaml]
2026-06-02T22:39:51.355+02:00 DEBUG 14904 --- [personal-finance-tracker] [nio-8080-exec-2] o.s.w.s.m.m.a.HttpEntityMethodProcessor  : Writing [[com.dauphine.pft.dto.responses.CategoryResponse@34317c6e, com.dauphine.pft.dto.responses.CategoryRe (truncated)...]
2026-06-02T22:39:51.358+02:00 DEBUG 14904 --- [personal-finance-tracker] [nio-8080-exec-2] o.s.web.servlet.DispatcherServlet        : Completed 200 OK
2026-06-02T22:39:51.392+02:00 DEBUG 14904 --- [personal-finance-tracker] [nio-8080-exec-3] o.s.w.s.m.m.a.HttpEntityMethodProcessor  : Using 'application/json', given [application/json, text/plain, */*] and supported [application/json, application/*+json, application/yaml]
2026-06-02T22:39:51.394+02:00 DEBUG 14904 --- [personal-finance-tracker] [nio-8080-exec-3] o.s.w.s.m.m.a.HttpEntityMethodProcessor  : Writing [[com.dauphine.pft.dto.responses.SavingsGoalResponse@7355ab2d, com.dauphine.pft.dto.responses.Savings (truncated)...]
2026-06-02T22:39:51.396+02:00 DEBUG 14904 --- [personal-finance-tracker] [nio-8080-exec-3] o.s.web.servlet.DispatcherServlet        : Completed 200 OK
2026-06-02T22:40:01.305+02:00 DEBUG 14904 --- [personal-finance-tracker] [nio-8080-exec-1] o.s.web.servlet.DispatcherServlet        : GET "/v1/categories", parameters={}
2026-06-02T22:40:01.306+02:00 DEBUG 14904 --- [personal-finance-tracker] [nio-8080-exec-1] s.w.s.m.m.a.RequestMappingHandlerMapping : Mapped to com.dauphine.pft.controllers.CategoryController#getAll(String, CategoryType)
2026-06-02T22:40:01.306+02:00 DEBUG 14904 --- [personal-finance-tracker] [nio-8080-exec-6] o.s.web.servlet.DispatcherServlet        : GET "/v1/transactions", parameters={}
2026-06-02T22:40:01.306+02:00 DEBUG 14904 --- [personal-finance-tracker] [nio-8080-exec-6] s.w.s.m.m.a.RequestMappingHandlerMapping : Mapped to com.dauphine.pft.controllers.TransactionController#getAll(TransactionType, UUID, String, LocalDate, LocalDate, BigDecimal, BigDecimal, String)
2026-06-02T22:40:01.348+02:00 DEBUG 14904 --- [personal-finance-tracker] [nio-8080-exec-1] org.hibernate.SQL                        : 
    select
        c1_0.id,
        c1_0.created_at,
        c1_0.description,
        c1_0.name,
        c1_0.type,
        c1_0.updated_at,
        c1_0.user_id 
    from
        category c1_0 
    where
        c1_0.user_id=?
Hibernate: 
    select
        c1_0.id,
        c1_0.created_at,
        c1_0.description,
        c1_0.name,
        c1_0.type,
        c1_0.updated_at,
        c1_0.user_id 
    from
        category c1_0 
    where
        c1_0.user_id=?
2026-06-02T22:40:01.351+02:00 DEBUG 14904 --- [personal-finance-tracker] [nio-8080-exec-6] org.hibernate.SQL                        : 
    select
        t1_0.id,
        t1_0.amount,
        t1_0.category_id,
        t1_0.created_at,
        t1_0.description,
        t1_0.title,
        t1_0.transaction_date,
        t1_0.type,
        t1_0.updated_at,
        t1_0.user_id 
    from
        finance_transaction t1_0 
    where
        t1_0.user_id=? 
    order by
        t1_0.transaction_date desc
Hibernate: 
    select
        t1_0.id,
        t1_0.amount,
        t1_0.category_id,
        t1_0.created_at,
        t1_0.description,
        t1_0.title,
        t1_0.transaction_date,
        t1_0.type,
        t1_0.updated_at,
        t1_0.user_id 
    from
        finance_transaction t1_0 
    where
        t1_0.user_id=? 
    order by
        t1_0.transaction_date desc
2026-06-02T22:40:01.394+02:00 DEBUG 14904 --- [personal-finance-tracker] [nio-8080-exec-1] o.s.w.s.m.m.a.HttpEntityMethodProcessor  : Using 'application/json', given [application/json, text/plain, */*] and supported [application/json, application/*+json, application/yaml]
2026-06-02T22:40:01.394+02:00 DEBUG 14904 --- [personal-finance-tracker] [nio-8080-exec-1] o.s.w.s.m.m.a.HttpEntityMethodProcessor  : Writing [[com.dauphine.pft.dto.responses.CategoryResponse@1cc063f5, com.dauphine.pft.dto.responses.CategoryRe (truncated)...]
2026-06-02T22:40:01.395+02:00 DEBUG 14904 --- [personal-finance-tracker] [nio-8080-exec-1] o.s.web.servlet.DispatcherServlet        : Completed 200 OK
2026-06-02T22:40:01.406+02:00 DEBUG 14904 --- [personal-finance-tracker] [nio-8080-exec-6] org.hibernate.SQL                        : 
    select
        c1_0.id,
        c1_0.created_at,
        c1_0.description,
        c1_0.name,
        c1_0.type,
        c1_0.updated_at,
        c1_0.user_id 
    from
        category c1_0 
    where
        c1_0.id=?
Hibernate: 
    select
        c1_0.id,
        c1_0.created_at,
        c1_0.description,
        c1_0.name,
        c1_0.type,
        c1_0.updated_at,
        c1_0.user_id 
    from
        category c1_0 
    where
        c1_0.id=?
2026-06-02T22:40:01.454+02:00 DEBUG 14904 --- [personal-finance-tracker] [nio-8080-exec-6] org.hibernate.SQL                        : 
    select
        c1_0.id,
        c1_0.created_at,
        c1_0.description,
        c1_0.name,
        c1_0.type,
        c1_0.updated_at,
        c1_0.user_id 
    from
        category c1_0 
    where
        c1_0.id=?
Hibernate: 
    select
        c1_0.id,
        c1_0.created_at,
        c1_0.description,
        c1_0.name,
        c1_0.type,
        c1_0.updated_at,
        c1_0.user_id 
    from
        category c1_0 
    where
        c1_0.id=?
2026-06-02T22:40:01.503+02:00 DEBUG 14904 --- [personal-finance-tracker] [nio-8080-exec-6] org.hibernate.SQL                        : 
    select
        c1_0.id,
        c1_0.created_at,
        c1_0.description,
        c1_0.name,
        c1_0.type,
        c1_0.updated_at,
        c1_0.user_id 
    from
        category c1_0 
    where
        c1_0.id=?
Hibernate: 
    select
        c1_0.id,
        c1_0.created_at,
        c1_0.description,
        c1_0.name,
        c1_0.type,
        c1_0.updated_at,
        c1_0.user_id 
    from
        category c1_0 
    where
        c1_0.id=?
2026-06-02T22:40:01.548+02:00 DEBUG 14904 --- [personal-finance-tracker] [nio-8080-exec-6] org.hibernate.SQL                        : 
    select
        c1_0.id,
        c1_0.created_at,
        c1_0.description,
        c1_0.name,
        c1_0.type,
        c1_0.updated_at,
        c1_0.user_id 
    from
        category c1_0 
    where
        c1_0.id=?
Hibernate: 
    select
        c1_0.id,
        c1_0.created_at,
        c1_0.description,
        c1_0.name,
        c1_0.type,
        c1_0.updated_at,
        c1_0.user_id 
    from
        category c1_0 
    where
        c1_0.id=?
2026-06-02T22:40:01.604+02:00 DEBUG 14904 --- [personal-finance-tracker] [nio-8080-exec-6] o.s.w.s.m.m.a.HttpEntityMethodProcessor  : Using 'application/json', given [application/json, text/plain, */*] and supported [application/json, application/*+json, application/yaml]
2026-06-02T22:40:01.605+02:00 DEBUG 14904 --- [personal-finance-tracker] [nio-8080-exec-6] o.s.w.s.m.m.a.HttpEntityMethodProcessor  : Writing [[com.dauphine.pft.dto.responses.TransactionResponse@1b3b762, com.dauphine.pft.dto.responses.Transact (truncated)...]
2026-06-02T22:40:01.607+02:00 DEBUG 14904 --- [personal-finance-tracker] [nio-8080-exec-6] o.s.web.servlet.DispatcherServlet        : Completed 200 OK
2026-06-02T22:40:02.592+02:00 DEBUG 14904 --- [personal-finance-tracker] [nio-8080-exec-7] o.s.web.servlet.DispatcherServlet        : GET "/v1/categories", parameters={}
2026-06-02T22:40:02.593+02:00 DEBUG 14904 --- [personal-finance-tracker] [nio-8080-exec-7] s.w.s.m.m.a.RequestMappingHandlerMapping : Mapped to com.dauphine.pft.controllers.CategoryController#getAll(String, CategoryType)
2026-06-02T22:40:02.671+02:00 DEBUG 14904 --- [personal-finance-tracker] [nio-8080-exec-7] org.hibernate.SQL                        : 
    select
        c1_0.id,
        c1_0.created_at,
        c1_0.description,
        c1_0.name,
        c1_0.type,
        c1_0.updated_at,
        c1_0.user_id 
    from
        category c1_0 
    where
        c1_0.user_id=?
Hibernate: 
    select
        c1_0.id,
        c1_0.created_at,
        c1_0.description,
        c1_0.name,
        c1_0.type,
        c1_0.updated_at,
        c1_0.user_id 
    from
        category c1_0 
    where
        c1_0.user_id=?
2026-06-02T22:40:02.729+02:00 DEBUG 14904 --- [personal-finance-tracker] [nio-8080-exec-7] o.s.w.s.m.m.a.HttpEntityMethodProcessor  : Using 'application/json', given [application/json, text/plain, */*] and supported [application/json, application/*+json, application/yaml]
2026-06-02T22:40:02.730+02:00 DEBUG 14904 --- [personal-finance-tracker] [nio-8080-exec-7] o.s.w.s.m.m.a.HttpEntityMethodProcessor  : Writing [[com.dauphine.pft.dto.responses.CategoryResponse@66969f39, com.dauphine.pft.dto.responses.CategoryRe (truncated)...]
2026-06-02T22:40:02.732+02:00 DEBUG 14904 --- [personal-finance-tracker] [nio-8080-exec-7] o.s.web.servlet.DispatcherServlet        : Completed 200 OK
2026-06-02T22:40:04.159+02:00 DEBUG 14904 --- [personal-finance-tracker] [nio-8080-exec-8] o.s.web.servlet.DispatcherServlet        : GET "/v1/savings-goals", parameters={}
2026-06-02T22:40:04.160+02:00 DEBUG 14904 --- [personal-finance-tracker] [nio-8080-exec-8] s.w.s.m.m.a.RequestMappingHandlerMapping : Mapped to com.dauphine.pft.controllers.SavingsGoalController#getAll(SavingsGoalStatus, String, BigDecimal, BigDecimal, LocalDate, LocalDate)
2026-06-02T22:40:04.257+02:00 DEBUG 14904 --- [personal-finance-tracker] [nio-8080-exec-8] org.hibernate.SQL                        : 
    select
        sg1_0.id,
        sg1_0.created_at,
        sg1_0.current_amount,
        sg1_0.deadline,
        sg1_0.description,
        sg1_0.name,
        sg1_0.status,
        sg1_0.target_amount,
        sg1_0.updated_at,
        sg1_0.user_id 
    from
        savings_goal sg1_0 
    where
        sg1_0.user_id=? 
        and sg1_0.status='IN_PROGRESS' 
        and sg1_0.deadline<?
Hibernate: 
    select
        sg1_0.id,
        sg1_0.created_at,
        sg1_0.current_amount,
        sg1_0.deadline,
        sg1_0.description,
        sg1_0.name,
        sg1_0.status,
        sg1_0.target_amount,
        sg1_0.updated_at,
        sg1_0.user_id 
    from
        savings_goal sg1_0 
    where
        sg1_0.user_id=? 
        and sg1_0.status='IN_PROGRESS' 
        and sg1_0.deadline<?
2026-06-02T22:40:04.303+02:00 DEBUG 14904 --- [personal-finance-tracker] [nio-8080-exec-8] org.hibernate.SQL                        : 
    select
        sg1_0.id,
        sg1_0.created_at,
        sg1_0.current_amount,
        sg1_0.deadline,
        sg1_0.description,
        sg1_0.name,
        sg1_0.status,
        sg1_0.target_amount,
        sg1_0.updated_at,
        sg1_0.user_id 
    from
        savings_goal sg1_0 
    where
        sg1_0.user_id=?
Hibernate: 
    select
        sg1_0.id,
        sg1_0.created_at,
        sg1_0.current_amount,
        sg1_0.deadline,
        sg1_0.description,
        sg1_0.name,
        sg1_0.status,
        sg1_0.target_amount,
        sg1_0.updated_at,
        sg1_0.user_id 
    from
        savings_goal sg1_0 
    where
        sg1_0.user_id=?
2026-06-02T22:40:04.354+02:00 DEBUG 14904 --- [personal-finance-tracker] [nio-8080-exec-8] o.s.w.s.m.m.a.HttpEntityMethodProcessor  : Using 'application/json', given [application/json, text/plain, */*] and supported [application/json, application/*+json, application/yaml]
2026-06-02T22:40:04.354+02:00 DEBUG 14904 --- [personal-finance-tracker] [nio-8080-exec-8] o.s.w.s.m.m.a.HttpEntityMethodProcessor  : Writing [[com.dauphine.pft.dto.responses.SavingsGoalResponse@513a5445, com.dauphine.pft.dto.responses.Savings (truncated)...]
2026-06-02T22:40:04.357+02:00 DEBUG 14904 --- [personal-finance-tracker] [nio-8080-exec-8] o.s.web.servlet.DispatcherServlet        : Completed 200 OK
2026-06-02T22:40:05.370+02:00 DEBUG 14904 --- [personal-finance-tracker] [nio-8080-exec-2] o.s.web.servlet.DispatcherServlet        : GET "/v1/categories", parameters={}
2026-06-02T22:40:05.370+02:00 DEBUG 14904 --- [personal-finance-tracker] [nio-8080-exec-4] o.s.web.servlet.DispatcherServlet        : GET "/v1/categories", parameters={}
2026-06-02T22:40:05.372+02:00 DEBUG 14904 --- [personal-finance-tracker] [nio-8080-exec-2] s.w.s.m.m.a.RequestMappingHandlerMapping : Mapped to com.dauphine.pft.controllers.CategoryController#getAll(String, CategoryType)
2026-06-02T22:40:05.373+02:00 DEBUG 14904 --- [personal-finance-tracker] [nio-8080-exec-4] s.w.s.m.m.a.RequestMappingHandlerMapping : Mapped to com.dauphine.pft.controllers.CategoryController#getAll(String, CategoryType)
2026-06-02T22:40:05.375+02:00 DEBUG 14904 --- [personal-finance-tracker] [io-8080-exec-10] o.s.web.servlet.DispatcherServlet        : GET "/v1/budgets", parameters={}
2026-06-02T22:40:05.375+02:00 DEBUG 14904 --- [personal-finance-tracker] [io-8080-exec-10] s.w.s.m.m.a.RequestMappingHandlerMapping : Mapped to com.dauphine.pft.controllers.BudgetController#getAll()
2026-06-02T22:40:05.466+02:00 DEBUG 14904 --- [personal-finance-tracker] [io-8080-exec-10] org.hibernate.SQL                        : 
    select
        b1_0.id,
        b1_0.category_id,
        b1_0.created_at,
        b1_0.monthly_cap,
        b1_0.period,
        b1_0.updated_at,
        b1_0.user_id 
    from
        budget b1_0 
    where
        b1_0.user_id=?
Hibernate: 
    select
        b1_0.id,
        b1_0.category_id,
        b1_0.created_at,
        b1_0.monthly_cap,
        b1_0.period,
        b1_0.updated_at,
        b1_0.user_id 
    from
        budget b1_0 
    where
        b1_0.user_id=?
2026-06-02T22:40:05.466+02:00 DEBUG 14904 --- [personal-finance-tracker] [nio-8080-exec-4] org.hibernate.SQL                        : 
    select
        c1_0.id,
        c1_0.created_at,
        c1_0.description,
        c1_0.name,
        c1_0.type,
        c1_0.updated_at,
        c1_0.user_id 
    from
        category c1_0 
    where
        c1_0.user_id=?
Hibernate: 
    select
        c1_0.id,
        c1_0.created_at,
        c1_0.description,
        c1_0.name,
        c1_0.type,
        c1_0.updated_at,
        c1_0.user_id 
    from
        category c1_0 
    where
        c1_0.user_id=?
2026-06-02T22:40:05.484+02:00 DEBUG 14904 --- [personal-finance-tracker] [nio-8080-exec-2] org.hibernate.SQL                        : 
    select
        c1_0.id,
        c1_0.created_at,
        c1_0.description,
        c1_0.name,
        c1_0.type,
        c1_0.updated_at,
        c1_0.user_id 
    from
        category c1_0 
    where
        c1_0.user_id=?
Hibernate: 
    select
        c1_0.id,
        c1_0.created_at,
        c1_0.description,
        c1_0.name,
        c1_0.type,
        c1_0.updated_at,
        c1_0.user_id 
    from
        category c1_0 
    where
        c1_0.user_id=?
2026-06-02T22:40:05.533+02:00 DEBUG 14904 --- [personal-finance-tracker] [nio-8080-exec-4] o.s.w.s.m.m.a.HttpEntityMethodProcessor  : Using 'application/json', given [application/json, text/plain, */*] and supported [application/json, application/*+json, application/yaml]
2026-06-02T22:40:05.534+02:00 DEBUG 14904 --- [personal-finance-tracker] [nio-8080-exec-4] o.s.w.s.m.m.a.HttpEntityMethodProcessor  : Writing [[com.dauphine.pft.dto.responses.CategoryResponse@4639f36, com.dauphine.pft.dto.responses.CategoryRes (truncated)...]
2026-06-02T22:40:05.537+02:00 DEBUG 14904 --- [personal-finance-tracker] [nio-8080-exec-4] o.s.web.servlet.DispatcherServlet        : Completed 200 OK
2026-06-02T22:40:05.540+02:00 DEBUG 14904 --- [personal-finance-tracker] [nio-8080-exec-2] o.s.w.s.m.m.a.HttpEntityMethodProcessor  : Using 'application/json', given [application/json, text/plain, */*] and supported [application/json, application/*+json, application/yaml]
2026-06-02T22:40:05.540+02:00 DEBUG 14904 --- [personal-finance-tracker] [io-8080-exec-10] org.hibernate.SQL                        : 
    select
        coalesce(sum(t1_0.amount), 0) 
    from
        finance_transaction t1_0 
    where
        t1_0.user_id=? 
        and t1_0.category_id=? 
        and t1_0.type='EXPENSE' 
        and t1_0.transaction_date>=? 
        and t1_0.transaction_date<=?
Hibernate: 
    select
        coalesce(sum(t1_0.amount), 0) 
    from
        finance_transaction t1_0 
    where
        t1_0.user_id=? 
        and t1_0.category_id=? 
        and t1_0.type='EXPENSE' 
        and t1_0.transaction_date>=? 
        and t1_0.transaction_date<=?
2026-06-02T22:40:05.541+02:00 DEBUG 14904 --- [personal-finance-tracker] [nio-8080-exec-2] o.s.w.s.m.m.a.HttpEntityMethodProcessor  : Writing [[com.dauphine.pft.dto.responses.CategoryResponse@3121e8a4, com.dauphine.pft.dto.responses.CategoryRe (truncated)...]
2026-06-02T22:40:05.544+02:00 DEBUG 14904 --- [personal-finance-tracker] [nio-8080-exec-2] o.s.web.servlet.DispatcherServlet        : Completed 200 OK
2026-06-02T22:40:05.589+02:00 DEBUG 14904 --- [personal-finance-tracker] [io-8080-exec-10] org.hibernate.SQL                        : 
    select
        c1_0.id,
        c1_0.created_at,
        c1_0.description,
        c1_0.name,
        c1_0.type,
        c1_0.updated_at,
        c1_0.user_id 
    from
        category c1_0 
    where
        c1_0.id=?
Hibernate: 
    select
        c1_0.id,
        c1_0.created_at,
        c1_0.description,
        c1_0.name,
        c1_0.type,
        c1_0.updated_at,
        c1_0.user_id 
    from
        category c1_0 
    where
        c1_0.id=?
2026-06-02T22:40:05.639+02:00 DEBUG 14904 --- [personal-finance-tracker] [io-8080-exec-10] org.hibernate.SQL                        : 
    select
        coalesce(sum(t1_0.amount), 0) 
    from
        finance_transaction t1_0 
    where
        t1_0.user_id=? 
        and t1_0.category_id=? 
        and t1_0.type='EXPENSE' 
        and t1_0.transaction_date>=? 
        and t1_0.transaction_date<=?
Hibernate: 
    select
        coalesce(sum(t1_0.amount), 0) 
    from
        finance_transaction t1_0 
    where
        t1_0.user_id=? 
        and t1_0.category_id=? 
        and t1_0.type='EXPENSE' 
        and t1_0.transaction_date>=? 
        and t1_0.transaction_date<=?
2026-06-02T22:40:05.688+02:00 DEBUG 14904 --- [personal-finance-tracker] [io-8080-exec-10] org.hibernate.SQL                        : 
    select
        c1_0.id,
        c1_0.created_at,
        c1_0.description,
        c1_0.name,
        c1_0.type,
        c1_0.updated_at,
        c1_0.user_id 
    from
        category c1_0 
    where
        c1_0.id=?
Hibernate: 
    select
        c1_0.id,
        c1_0.created_at,
        c1_0.description,
        c1_0.name,
        c1_0.type,
        c1_0.updated_at,
        c1_0.user_id 
    from
        category c1_0 
    where
        c1_0.id=?
2026-06-02T22:40:05.734+02:00 DEBUG 14904 --- [personal-finance-tracker] [io-8080-exec-10] o.s.w.s.m.m.a.HttpEntityMethodProcessor  : Using 'application/json', given [application/json, text/plain, */*] and supported [application/json, application/*+json, application/yaml]
2026-06-02T22:40:05.736+02:00 DEBUG 14904 --- [personal-finance-tracker] [io-8080-exec-10] o.s.w.s.m.m.a.HttpEntityMethodProcessor  : Writing [[com.dauphine.pft.dto.responses.BudgetUsageResponse@7eee18d, com.dauphine.pft.dto.responses.BudgetUs (truncated)...]
2026-06-02T22:40:05.738+02:00 DEBUG 14904 --- [personal-finance-tracker] [io-8080-exec-10] o.s.web.servlet.DispatcherServlet        : Completed 200 OK
2026-06-02T22:40:08.840+02:00 DEBUG 14904 --- [personal-finance-tracker] [nio-8080-exec-1] o.s.web.servlet.DispatcherServlet        : GET "/v1/budgets", parameters={}
2026-06-02T22:40:08.841+02:00 DEBUG 14904 --- [personal-finance-tracker] [nio-8080-exec-1] s.w.s.m.m.a.RequestMappingHandlerMapping : Mapped to com.dauphine.pft.controllers.BudgetController#getAll()
2026-06-02T22:40:08.842+02:00 DEBUG 14904 --- [personal-finance-tracker] [nio-8080-exec-9] o.s.web.servlet.DispatcherServlet        : GET "/v1/categories", parameters={}
2026-06-02T22:40:08.842+02:00 DEBUG 14904 --- [personal-finance-tracker] [nio-8080-exec-7] o.s.web.servlet.DispatcherServlet        : GET "/v1/categories", parameters={}
2026-06-02T22:40:08.843+02:00 DEBUG 14904 --- [personal-finance-tracker] [nio-8080-exec-9] s.w.s.m.m.a.RequestMappingHandlerMapping : Mapped to com.dauphine.pft.controllers.CategoryController#getAll(String, CategoryType)
2026-06-02T22:40:08.843+02:00 DEBUG 14904 --- [personal-finance-tracker] [nio-8080-exec-7] s.w.s.m.m.a.RequestMappingHandlerMapping : Mapped to com.dauphine.pft.controllers.CategoryController#getAll(String, CategoryType)
2026-06-02T22:40:08.903+02:00 DEBUG 14904 --- [personal-finance-tracker] [nio-8080-exec-1] org.hibernate.SQL                        : 
    select
        b1_0.id,
        b1_0.category_id,
        b1_0.created_at,
        b1_0.monthly_cap,
        b1_0.period,
        b1_0.updated_at,
        b1_0.user_id 
    from
        budget b1_0 
    where
        b1_0.user_id=?
2026-06-02T22:40:08.903+02:00 DEBUG 14904 --- [personal-finance-tracker] [nio-8080-exec-9] org.hibernate.SQL                        : 
    select
        c1_0.id,
        c1_0.created_at,
        c1_0.description,
        c1_0.name,
        c1_0.type,
        c1_0.updated_at,
        c1_0.user_id 
    from
        category c1_0 
    where
        c1_0.user_id=?
Hibernate: 
    select
        c1_0.id,
        c1_0.created_at,
        c1_0.description,
        c1_0.name,
        c1_0.type,
        c1_0.updated_at,
        c1_0.user_id 
    from
        category c1_0 
    where
        c1_0.user_id=?
Hibernate: 
    select
        b1_0.id,
        b1_0.category_id,
        b1_0.created_at,
        b1_0.monthly_cap,
        b1_0.period,
        b1_0.updated_at,
        b1_0.user_id 
    from
        budget b1_0 
    where
        b1_0.user_id=?
2026-06-02T22:40:08.912+02:00 DEBUG 14904 --- [personal-finance-tracker] [nio-8080-exec-7] org.hibernate.SQL                        : 
    select
        c1_0.id,
        c1_0.created_at,
        c1_0.description,
        c1_0.name,
        c1_0.type,
        c1_0.updated_at,
        c1_0.user_id 
    from
        category c1_0 
    where
        c1_0.user_id=?
Hibernate: 
    select
        c1_0.id,
        c1_0.created_at,
        c1_0.description,
        c1_0.name,
        c1_0.type,
        c1_0.updated_at,
        c1_0.user_id 
    from
        category c1_0 
    where
        c1_0.user_id=?
2026-06-02T22:40:08.958+02:00 DEBUG 14904 --- [personal-finance-tracker] [nio-8080-exec-9] o.s.w.s.m.m.a.HttpEntityMethodProcessor  : Using 'application/json', given [application/json, text/plain, */*] and supported [application/json, application/*+json, application/yaml]
2026-06-02T22:40:08.959+02:00 DEBUG 14904 --- [personal-finance-tracker] [nio-8080-exec-9] o.s.w.s.m.m.a.HttpEntityMethodProcessor  : Writing [[com.dauphine.pft.dto.responses.CategoryResponse@12a18778, com.dauphine.pft.dto.responses.CategoryRe (truncated)...]
2026-06-02T22:40:08.960+02:00 DEBUG 14904 --- [personal-finance-tracker] [nio-8080-exec-9] o.s.web.servlet.DispatcherServlet        : Completed 200 OK
2026-06-02T22:40:08.962+02:00 DEBUG 14904 --- [personal-finance-tracker] [nio-8080-exec-7] o.s.w.s.m.m.a.HttpEntityMethodProcessor  : Using 'application/json', given [application/json, text/plain, */*] and supported [application/json, application/*+json, application/yaml]
2026-06-02T22:40:08.963+02:00 DEBUG 14904 --- [personal-finance-tracker] [nio-8080-exec-1] org.hibernate.SQL                        : 
    select
        coalesce(sum(t1_0.amount), 0) 
    from
        finance_transaction t1_0 
    where
        t1_0.user_id=? 
        and t1_0.category_id=? 
        and t1_0.type='EXPENSE' 
        and t1_0.transaction_date>=? 
        and t1_0.transaction_date<=?
2026-06-02T22:40:08.963+02:00 DEBUG 14904 --- [personal-finance-tracker] [nio-8080-exec-7] o.s.w.s.m.m.a.HttpEntityMethodProcessor  : Writing [[com.dauphine.pft.dto.responses.CategoryResponse@5c0e7bb3, com.dauphine.pft.dto.responses.CategoryRe (truncated)...]
Hibernate: 
    select
        coalesce(sum(t1_0.amount), 0) 
    from
        finance_transaction t1_0 
    where
        t1_0.user_id=? 
        and t1_0.category_id=? 
        and t1_0.type='EXPENSE' 
        and t1_0.transaction_date>=? 
        and t1_0.transaction_date<=?
2026-06-02T22:40:08.964+02:00 DEBUG 14904 --- [personal-finance-tracker] [nio-8080-exec-7] o.s.web.servlet.DispatcherServlet        : Completed 200 OK
2026-06-02T22:40:09.004+02:00 DEBUG 14904 --- [personal-finance-tracker] [nio-8080-exec-1] org.hibernate.SQL                        : 
    select
        c1_0.id,
        c1_0.created_at,
        c1_0.description,
        c1_0.name,
        c1_0.type,
        c1_0.updated_at,
        c1_0.user_id 
    from
        category c1_0 
    where
        c1_0.id=?
Hibernate: 
    select
        c1_0.id,
        c1_0.created_at,
        c1_0.description,
        c1_0.name,
        c1_0.type,
        c1_0.updated_at,
        c1_0.user_id 
    from
        category c1_0 
    where
        c1_0.id=?
2026-06-02T22:40:09.070+02:00 DEBUG 14904 --- [personal-finance-tracker] [nio-8080-exec-1] org.hibernate.SQL                        : 
    select
        coalesce(sum(t1_0.amount), 0) 
    from
        finance_transaction t1_0 
    where
        t1_0.user_id=? 
        and t1_0.category_id=? 
        and t1_0.type='EXPENSE' 
        and t1_0.transaction_date>=? 
        and t1_0.transaction_date<=?
Hibernate: 
    select
        coalesce(sum(t1_0.amount), 0) 
    from
        finance_transaction t1_0 
    where
        t1_0.user_id=? 
        and t1_0.category_id=? 
        and t1_0.type='EXPENSE' 
        and t1_0.transaction_date>=? 
        and t1_0.transaction_date<=?
2026-06-02T22:40:09.105+02:00 DEBUG 14904 --- [personal-finance-tracker] [nio-8080-exec-1] org.hibernate.SQL                        : 
    select
        c1_0.id,
        c1_0.created_at,
        c1_0.description,
        c1_0.name,
        c1_0.type,
        c1_0.updated_at,
        c1_0.user_id 
    from
        category c1_0 
    where
        c1_0.id=?
Hibernate: 
    select
        c1_0.id,
        c1_0.created_at,
        c1_0.description,
        c1_0.name,
        c1_0.type,
        c1_0.updated_at,
        c1_0.user_id 
    from
        category c1_0 
    where
        c1_0.id=?
2026-06-02T22:40:09.159+02:00 DEBUG 14904 --- [personal-finance-tracker] [nio-8080-exec-1] o.s.w.s.m.m.a.HttpEntityMethodProcessor  : Using 'application/json', given [application/json, text/plain, */*] and supported [application/json, application/*+json, application/yaml]
2026-06-02T22:40:09.160+02:00 DEBUG 14904 --- [personal-finance-tracker] [nio-8080-exec-1] o.s.w.s.m.m.a.HttpEntityMethodProcessor  : Writing [[com.dauphine.pft.dto.responses.BudgetUsageResponse@2a29b116, com.dauphine.pft.dto.responses.BudgetU (truncated)...]
2026-06-02T22:40:09.163+02:00 DEBUG 14904 --- [personal-finance-tracker] [nio-8080-exec-1] o.s.web.servlet.DispatcherServlet        : Completed 200 OK
2026-06-02T22:40:15.997+02:00 DEBUG 14904 --- [personal-finance-tracker] [io-8080-exec-10] o.s.web.servlet.DispatcherServlet        : GET "/v1/transactions", parameters={}
2026-06-02T22:40:15.997+02:00 DEBUG 14904 --- [personal-finance-tracker] [nio-8080-exec-2] o.s.web.servlet.DispatcherServlet        : GET "/v1/savings-goals", parameters={}
2026-06-02T22:40:15.998+02:00 DEBUG 14904 --- [personal-finance-tracker] [io-8080-exec-10] s.w.s.m.m.a.RequestMappingHandlerMapping : Mapped to com.dauphine.pft.controllers.TransactionController#getAll(TransactionType, UUID, String, LocalDate, LocalDate, BigDecimal, BigDecimal, String)
2026-06-02T22:40:15.998+02:00 DEBUG 14904 --- [personal-finance-tracker] [nio-8080-exec-2] s.w.s.m.m.a.RequestMappingHandlerMapping : Mapped to com.dauphine.pft.controllers.SavingsGoalController#getAll(SavingsGoalStatus, String, BigDecimal, BigDecimal, LocalDate, LocalDate)
2026-06-02T22:40:15.998+02:00 DEBUG 14904 --- [personal-finance-tracker] [nio-8080-exec-5] o.s.web.servlet.DispatcherServlet        : GET "/v1/categories", parameters={}
2026-06-02T22:40:15.999+02:00 DEBUG 14904 --- [personal-finance-tracker] [nio-8080-exec-5] s.w.s.m.m.a.RequestMappingHandlerMapping : Mapped to com.dauphine.pft.controllers.CategoryController#getAll(String, CategoryType)
2026-06-02T22:40:16.094+02:00 DEBUG 14904 --- [personal-finance-tracker] [nio-8080-exec-5] org.hibernate.SQL                        : 
    select
        c1_0.id,
        c1_0.created_at,
        c1_0.description,
        c1_0.name,
        c1_0.type,
        c1_0.updated_at,
        c1_0.user_id 
    from
        category c1_0 
    where
        c1_0.user_id=?
Hibernate: 
    select
        c1_0.id,
        c1_0.created_at,
        c1_0.description,
        c1_0.name,
        c1_0.type,
        c1_0.updated_at,
        c1_0.user_id 
    from
        category c1_0 
    where
        c1_0.user_id=?
2026-06-02T22:40:16.094+02:00 DEBUG 14904 --- [personal-finance-tracker] [nio-8080-exec-2] org.hibernate.SQL                        : 
    select
        sg1_0.id,
        sg1_0.created_at,
        sg1_0.current_amount,
        sg1_0.deadline,
        sg1_0.description,
        sg1_0.name,
        sg1_0.status,
        sg1_0.target_amount,
        sg1_0.updated_at,
        sg1_0.user_id 
    from
        savings_goal sg1_0 
    where
        sg1_0.user_id=? 
        and sg1_0.status='IN_PROGRESS' 
        and sg1_0.deadline<?
Hibernate: 
    select
        sg1_0.id,
        sg1_0.created_at,
        sg1_0.current_amount,
        sg1_0.deadline,
        sg1_0.description,
        sg1_0.name,
        sg1_0.status,
        sg1_0.target_amount,
        sg1_0.updated_at,
        sg1_0.user_id 
    from
        savings_goal sg1_0 
    where
        sg1_0.user_id=? 
        and sg1_0.status='IN_PROGRESS' 
        and sg1_0.deadline<?
2026-06-02T22:40:16.094+02:00 DEBUG 14904 --- [personal-finance-tracker] [io-8080-exec-10] org.hibernate.SQL                        : 
    select
        t1_0.id,
        t1_0.amount,
        t1_0.category_id,
        t1_0.created_at,
        t1_0.description,
        t1_0.title,
        t1_0.transaction_date,
        t1_0.type,
        t1_0.updated_at,
        t1_0.user_id 
    from
        finance_transaction t1_0 
    where
        t1_0.user_id=? 
    order by
        t1_0.transaction_date desc
Hibernate: 
    select
        t1_0.id,
        t1_0.amount,
        t1_0.category_id,
        t1_0.created_at,
        t1_0.description,
        t1_0.title,
        t1_0.transaction_date,
        t1_0.type,
        t1_0.updated_at,
        t1_0.user_id 
    from
        finance_transaction t1_0 
    where
        t1_0.user_id=? 
    order by
        t1_0.transaction_date desc
2026-06-02T22:40:16.139+02:00 DEBUG 14904 --- [personal-finance-tracker] [nio-8080-exec-5] o.s.w.s.m.m.a.HttpEntityMethodProcessor  : Using 'application/json', given [application/json, text/plain, */*] and supported [application/json, application/*+json, application/yaml]
2026-06-02T22:40:16.141+02:00 DEBUG 14904 --- [personal-finance-tracker] [nio-8080-exec-5] o.s.w.s.m.m.a.HttpEntityMethodProcessor  : Writing [[com.dauphine.pft.dto.responses.CategoryResponse@39cfd29f, com.dauphine.pft.dto.responses.CategoryRe (truncated)...]
2026-06-02T22:40:16.144+02:00 DEBUG 14904 --- [personal-finance-tracker] [nio-8080-exec-5] o.s.web.servlet.DispatcherServlet        : Completed 200 OK
2026-06-02T22:40:16.144+02:00 DEBUG 14904 --- [personal-finance-tracker] [nio-8080-exec-2] org.hibernate.SQL                        : 
    select
        sg1_0.id,
        sg1_0.created_at,
        sg1_0.current_amount,
        sg1_0.deadline,
        sg1_0.description,
        sg1_0.name,
        sg1_0.status,
        sg1_0.target_amount,
        sg1_0.updated_at,
        sg1_0.user_id 
    from
        savings_goal sg1_0 
    where
        sg1_0.user_id=?
Hibernate: 
    select
        sg1_0.id,
        sg1_0.created_at,
        sg1_0.current_amount,
        sg1_0.deadline,
        sg1_0.description,
        sg1_0.name,
        sg1_0.status,
        sg1_0.target_amount,
        sg1_0.updated_at,
        sg1_0.user_id 
    from
        savings_goal sg1_0 
    where
        sg1_0.user_id=?
2026-06-02T22:40:16.156+02:00 DEBUG 14904 --- [personal-finance-tracker] [io-8080-exec-10] org.hibernate.SQL                        : 
    select
        c1_0.id,
        c1_0.created_at,
        c1_0.description,
        c1_0.name,
        c1_0.type,
        c1_0.updated_at,
        c1_0.user_id 
    from
        category c1_0 
    where
        c1_0.id=?
Hibernate: 
    select
        c1_0.id,
        c1_0.created_at,
        c1_0.description,
        c1_0.name,
        c1_0.type,
        c1_0.updated_at,
        c1_0.user_id 
    from
        category c1_0 
    where
        c1_0.id=?
2026-06-02T22:40:16.190+02:00 DEBUG 14904 --- [personal-finance-tracker] [nio-8080-exec-2] o.s.w.s.m.m.a.HttpEntityMethodProcessor  : Using 'application/json', given [application/json, text/plain, */*] and supported [application/json, application/*+json, application/yaml]
2026-06-02T22:40:16.191+02:00 DEBUG 14904 --- [personal-finance-tracker] [nio-8080-exec-2] o.s.w.s.m.m.a.HttpEntityMethodProcessor  : Writing [[com.dauphine.pft.dto.responses.SavingsGoalResponse@70b6f06f, com.dauphine.pft.dto.responses.Savings (truncated)...]
2026-06-02T22:40:16.192+02:00 DEBUG 14904 --- [personal-finance-tracker] [nio-8080-exec-2] o.s.web.servlet.DispatcherServlet        : Completed 200 OK
2026-06-02T22:40:16.204+02:00 DEBUG 14904 --- [personal-finance-tracker] [io-8080-exec-10] org.hibernate.SQL                        : 
    select
        c1_0.id,
        c1_0.created_at,
        c1_0.description,
        c1_0.name,
        c1_0.type,
        c1_0.updated_at,
        c1_0.user_id 
    from
        category c1_0 
    where
        c1_0.id=?
Hibernate: 
    select
        c1_0.id,
        c1_0.created_at,
        c1_0.description,
        c1_0.name,
        c1_0.type,
        c1_0.updated_at,
        c1_0.user_id 
    from
        category c1_0 
    where
        c1_0.id=?
2026-06-02T22:40:16.250+02:00 DEBUG 14904 --- [personal-finance-tracker] [io-8080-exec-10] org.hibernate.SQL                        : 
    select
        c1_0.id,
        c1_0.created_at,
        c1_0.description,
        c1_0.name,
        c1_0.type,
        c1_0.updated_at,
        c1_0.user_id 
    from
        category c1_0 
    where
        c1_0.id=?
Hibernate: 
    select
        c1_0.id,
        c1_0.created_at,
        c1_0.description,
        c1_0.name,
        c1_0.type,
        c1_0.updated_at,
        c1_0.user_id 
    from
        category c1_0 
    where
        c1_0.id=?
2026-06-02T22:40:16.294+02:00 DEBUG 14904 --- [personal-finance-tracker] [io-8080-exec-10] org.hibernate.SQL                        : 
    select
        c1_0.id,
        c1_0.created_at,
        c1_0.description,
        c1_0.name,
        c1_0.type,
        c1_0.updated_at,
        c1_0.user_id 
    from
        category c1_0 
    where
        c1_0.id=?
Hibernate: 
    select
        c1_0.id,
        c1_0.created_at,
        c1_0.description,
        c1_0.name,
        c1_0.type,
        c1_0.updated_at,
        c1_0.user_id 
    from
        category c1_0 
    where
        c1_0.id=?
2026-06-02T22:40:16.335+02:00 DEBUG 14904 --- [personal-finance-tracker] [io-8080-exec-10] o.s.w.s.m.m.a.HttpEntityMethodProcessor  : Using 'application/json', given [application/json, text/plain, */*] and supported [application/json, application/*+json, application/yaml]
2026-06-02T22:40:16.336+02:00 DEBUG 14904 --- [personal-finance-tracker] [io-8080-exec-10] o.s.w.s.m.m.a.HttpEntityMethodProcessor  : Writing [[com.dauphine.pft.dto.responses.TransactionResponse@7660247c, com.dauphine.pft.dto.responses.Transac (truncated)...]
2026-06-02T22:40:16.343+02:00 DEBUG 14904 --- [personal-finance-tracker] [io-8080-exec-10] o.s.web.servlet.DispatcherServlet        : Completed 200 OK
2026-06-02T22:43:19.092+02:00 DEBUG 14904 --- [personal-finance-tracker] [nio-8080-exec-2] o.s.web.servlet.DispatcherServlet        : GET "/v1/transactions", parameters={}
2026-06-02T22:43:19.092+02:00 DEBUG 14904 --- [personal-finance-tracker] [nio-8080-exec-5] o.s.web.servlet.DispatcherServlet        : GET "/v1/categories", parameters={}
2026-06-02T22:43:19.093+02:00 DEBUG 14904 --- [personal-finance-tracker] [nio-8080-exec-2] s.w.s.m.m.a.RequestMappingHandlerMapping : Mapped to com.dauphine.pft.controllers.TransactionController#getAll(TransactionType, UUID, String, LocalDate, LocalDate, BigDecimal, BigDecimal, String)
2026-06-02T22:43:19.093+02:00 DEBUG 14904 --- [personal-finance-tracker] [nio-8080-exec-4] o.s.web.servlet.DispatcherServlet        : GET "/v1/savings-goals", parameters={}
2026-06-02T22:43:19.093+02:00 DEBUG 14904 --- [personal-finance-tracker] [nio-8080-exec-5] s.w.s.m.m.a.RequestMappingHandlerMapping : Mapped to com.dauphine.pft.controllers.CategoryController#getAll(String, CategoryType)
2026-06-02T22:43:19.094+02:00 DEBUG 14904 --- [personal-finance-tracker] [nio-8080-exec-4] s.w.s.m.m.a.RequestMappingHandlerMapping : Mapped to com.dauphine.pft.controllers.SavingsGoalController#getAll(SavingsGoalStatus, String, BigDecimal, BigDecimal, LocalDate, LocalDate)
2026-06-02T22:43:19.140+02:00 DEBUG 14904 --- [personal-finance-tracker] [nio-8080-exec-2] org.hibernate.SQL                        : 
    select
        t1_0.id,
        t1_0.amount,
        t1_0.category_id,
        t1_0.created_at,
        t1_0.description,
        t1_0.title,
        t1_0.transaction_date,
        t1_0.type,
        t1_0.updated_at,
        t1_0.user_id 
    from
        finance_transaction t1_0 
    where
        t1_0.user_id=? 
    order by
        t1_0.transaction_date desc
Hibernate: 
    select
        t1_0.id,
        t1_0.amount,
        t1_0.category_id,
        t1_0.created_at,
        t1_0.description,
        t1_0.title,
        t1_0.transaction_date,
        t1_0.type,
        t1_0.updated_at,
        t1_0.user_id 
    from
        finance_transaction t1_0 
    where
        t1_0.user_id=? 
    order by
        t1_0.transaction_date desc
2026-06-02T22:43:19.198+02:00 DEBUG 14904 --- [personal-finance-tracker] [nio-8080-exec-2] org.hibernate.SQL                        : 
    select
        c1_0.id,
        c1_0.created_at,
        c1_0.description,
        c1_0.name,
        c1_0.type,
        c1_0.updated_at,
        c1_0.user_id 
    from
        category c1_0 
    where
        c1_0.id=?
Hibernate: 
    select
        c1_0.id,
        c1_0.created_at,
        c1_0.description,
        c1_0.name,
        c1_0.type,
        c1_0.updated_at,
        c1_0.user_id 
    from
        category c1_0 
    where
        c1_0.id=?
2026-06-02T22:43:19.248+02:00 DEBUG 14904 --- [personal-finance-tracker] [nio-8080-exec-2] org.hibernate.SQL                        : 
    select
        c1_0.id,
        c1_0.created_at,
        c1_0.description,
        c1_0.name,
        c1_0.type,
        c1_0.updated_at,
        c1_0.user_id 
    from
        category c1_0 
    where
        c1_0.id=?
Hibernate: 
    select
        c1_0.id,
        c1_0.created_at,
        c1_0.description,
        c1_0.name,
        c1_0.type,
        c1_0.updated_at,
        c1_0.user_id 
    from
        category c1_0 
    where
        c1_0.id=?
2026-06-02T22:43:19.290+02:00 DEBUG 14904 --- [personal-finance-tracker] [nio-8080-exec-2] org.hibernate.SQL                        : 
    select
        c1_0.id,
        c1_0.created_at,
        c1_0.description,
        c1_0.name,
        c1_0.type,
        c1_0.updated_at,
        c1_0.user_id 
    from
        category c1_0 
    where
        c1_0.id=?
Hibernate: 
    select
        c1_0.id,
        c1_0.created_at,
        c1_0.description,
        c1_0.name,
        c1_0.type,
        c1_0.updated_at,
        c1_0.user_id 
    from
        category c1_0 
    where
        c1_0.id=?
2026-06-02T22:43:19.334+02:00 DEBUG 14904 --- [personal-finance-tracker] [nio-8080-exec-2] org.hibernate.SQL                        : 
    select
        c1_0.id,
        c1_0.created_at,
        c1_0.description,
        c1_0.name,
        c1_0.type,
        c1_0.updated_at,
        c1_0.user_id 
    from
        category c1_0 
    where
        c1_0.id=?
Hibernate: 
    select
        c1_0.id,
        c1_0.created_at,
        c1_0.description,
        c1_0.name,
        c1_0.type,
        c1_0.updated_at,
        c1_0.user_id 
    from
        category c1_0 
    where
        c1_0.id=?
2026-06-02T22:43:19.379+02:00 DEBUG 14904 --- [personal-finance-tracker] [nio-8080-exec-2] o.s.w.s.m.m.a.HttpEntityMethodProcessor  : Using 'application/json', given [application/json, text/plain, */*] and supported [application/json, application/*+json, application/yaml]
2026-06-02T22:43:19.380+02:00 DEBUG 14904 --- [personal-finance-tracker] [nio-8080-exec-2] o.s.w.s.m.m.a.HttpEntityMethodProcessor  : Writing [[com.dauphine.pft.dto.responses.TransactionResponse@7e44c99a, com.dauphine.pft.dto.responses.Transac (truncated)...]
2026-06-02T22:43:19.381+02:00 DEBUG 14904 --- [personal-finance-tracker] [nio-8080-exec-2] o.s.web.servlet.DispatcherServlet        : Completed 200 OK
2026-06-02T22:43:19.381+02:00 DEBUG 14904 --- [personal-finance-tracker] [nio-8080-exec-4] org.hibernate.SQL                        : 
    select
        sg1_0.id,
        sg1_0.created_at,
        sg1_0.current_amount,
        sg1_0.deadline,
        sg1_0.description,
        sg1_0.name,
        sg1_0.status,
        sg1_0.target_amount,
        sg1_0.updated_at,
        sg1_0.user_id 
    from
        savings_goal sg1_0 
    where
        sg1_0.user_id=? 
        and sg1_0.status='IN_PROGRESS' 
        and sg1_0.deadline<?
Hibernate: 
    select
        sg1_0.id,
        sg1_0.created_at,
        sg1_0.current_amount,
        sg1_0.deadline,
        sg1_0.description,
        sg1_0.name,
        sg1_0.status,
        sg1_0.target_amount,
        sg1_0.updated_at,
        sg1_0.user_id 
    from
        savings_goal sg1_0 
    where
        sg1_0.user_id=? 
        and sg1_0.status='IN_PROGRESS' 
        and sg1_0.deadline<?
2026-06-02T22:43:19.406+02:00 DEBUG 14904 --- [personal-finance-tracker] [nio-8080-exec-5] org.hibernate.SQL                        : 
    select
        c1_0.id,
        c1_0.created_at,
        c1_0.description,
        c1_0.name,
        c1_0.type,
        c1_0.updated_at,
        c1_0.user_id 
    from
        category c1_0 
    where
        c1_0.user_id=?
Hibernate: 
    select
        c1_0.id,
        c1_0.created_at,
        c1_0.description,
        c1_0.name,
        c1_0.type,
        c1_0.updated_at,
        c1_0.user_id 
    from
        category c1_0 
    where
        c1_0.user_id=?
2026-06-02T22:43:19.450+02:00 DEBUG 14904 --- [personal-finance-tracker] [nio-8080-exec-4] org.hibernate.SQL                        : 
    select
        sg1_0.id,
        sg1_0.created_at,
        sg1_0.current_amount,
        sg1_0.deadline,
        sg1_0.description,
        sg1_0.name,
        sg1_0.status,
        sg1_0.target_amount,
        sg1_0.updated_at,
        sg1_0.user_id 
    from
        savings_goal sg1_0 
    where
        sg1_0.user_id=?
Hibernate: 
    select
        sg1_0.id,
        sg1_0.created_at,
        sg1_0.current_amount,
        sg1_0.deadline,
        sg1_0.description,
        sg1_0.name,
        sg1_0.status,
        sg1_0.target_amount,
        sg1_0.updated_at,
        sg1_0.user_id 
    from
        savings_goal sg1_0 
    where
        sg1_0.user_id=?
2026-06-02T22:43:19.463+02:00 DEBUG 14904 --- [personal-finance-tracker] [nio-8080-exec-5] o.s.w.s.m.m.a.HttpEntityMethodProcessor  : Using 'application/json', given [application/json, text/plain, */*] and supported [application/json, application/*+json, application/yaml]
2026-06-02T22:43:19.464+02:00 DEBUG 14904 --- [personal-finance-tracker] [nio-8080-exec-5] o.s.w.s.m.m.a.HttpEntityMethodProcessor  : Writing [[com.dauphine.pft.dto.responses.CategoryResponse@1e250866, com.dauphine.pft.dto.responses.CategoryRe (truncated)...]
2026-06-02T22:43:19.465+02:00 DEBUG 14904 --- [personal-finance-tracker] [nio-8080-exec-5] o.s.web.servlet.DispatcherServlet        : Completed 200 OK
2026-06-02T22:43:19.491+02:00 DEBUG 14904 --- [personal-finance-tracker] [nio-8080-exec-4] o.s.w.s.m.m.a.HttpEntityMethodProcessor  : Using 'application/json', given [application/json, text/plain, */*] and supported [application/json, application/*+json, application/yaml]
2026-06-02T22:43:19.498+02:00 DEBUG 14904 --- [personal-finance-tracker] [nio-8080-exec-4] o.s.w.s.m.m.a.HttpEntityMethodProcessor  : Writing [[com.dauphine.pft.dto.responses.SavingsGoalResponse@31516d98, com.dauphine.pft.dto.responses.Savings (truncated)...]
2026-06-02T22:43:19.499+02:00 DEBUG 14904 --- [personal-finance-tracker] [nio-8080-exec-4] o.s.web.servlet.DispatcherServlet        : Completed 200 OK
2026-06-02T22:43:55.099+02:00 DEBUG 14904 --- [personal-finance-tracker] [nio-8080-exec-3] o.s.web.servlet.DispatcherServlet        : GET "/v1/transactions", parameters={}
2026-06-02T22:43:55.101+02:00 DEBUG 14904 --- [personal-finance-tracker] [nio-8080-exec-3] s.w.s.m.m.a.RequestMappingHandlerMapping : Mapped to com.dauphine.pft.controllers.TransactionController#getAll(TransactionType, UUID, String, LocalDate, LocalDate, BigDecimal, BigDecimal, String)
2026-06-02T22:43:55.102+02:00 DEBUG 14904 --- [personal-finance-tracker] [nio-8080-exec-6] o.s.web.servlet.DispatcherServlet        : GET "/v1/categories", parameters={}
2026-06-02T22:43:55.103+02:00 DEBUG 14904 --- [personal-finance-tracker] [nio-8080-exec-6] s.w.s.m.m.a.RequestMappingHandlerMapping : Mapped to com.dauphine.pft.controllers.CategoryController#getAll(String, CategoryType)
2026-06-02T22:43:55.105+02:00 DEBUG 14904 --- [personal-finance-tracker] [nio-8080-exec-1] o.s.web.servlet.DispatcherServlet        : GET "/v1/savings-goals", parameters={}
2026-06-02T22:43:55.107+02:00 DEBUG 14904 --- [personal-finance-tracker] [nio-8080-exec-1] s.w.s.m.m.a.RequestMappingHandlerMapping : Mapped to com.dauphine.pft.controllers.SavingsGoalController#getAll(SavingsGoalStatus, String, BigDecimal, BigDecimal, LocalDate, LocalDate)
2026-06-02T22:43:55.191+02:00 DEBUG 14904 --- [personal-finance-tracker] [nio-8080-exec-6] org.hibernate.SQL                        : 
    select
        c1_0.id,
        c1_0.created_at,
        c1_0.description,
        c1_0.name,
        c1_0.type,
        c1_0.updated_at,
        c1_0.user_id 
    from
        category c1_0 
    where
        c1_0.user_id=?
Hibernate: 
    select
        c1_0.id,
        c1_0.created_at,
        c1_0.description,
        c1_0.name,
        c1_0.type,
        c1_0.updated_at,
        c1_0.user_id 
    from
        category c1_0 
    where
        c1_0.user_id=?
2026-06-02T22:43:55.198+02:00 DEBUG 14904 --- [personal-finance-tracker] [nio-8080-exec-3] org.hibernate.SQL                        : 
    select
        t1_0.id,
        t1_0.amount,
        t1_0.category_id,
        t1_0.created_at,
        t1_0.description,
        t1_0.title,
        t1_0.transaction_date,
        t1_0.type,
        t1_0.updated_at,
        t1_0.user_id 
    from
        finance_transaction t1_0 
    where
        t1_0.user_id=? 
    order by
        t1_0.transaction_date desc
2026-06-02T22:43:55.198+02:00 DEBUG 14904 --- [personal-finance-tracker] [nio-8080-exec-1] org.hibernate.SQL                        : 
    select
        sg1_0.id,
        sg1_0.created_at,
        sg1_0.current_amount,
        sg1_0.deadline,
        sg1_0.description,
        sg1_0.name,
        sg1_0.status,
        sg1_0.target_amount,
        sg1_0.updated_at,
        sg1_0.user_id 
    from
        savings_goal sg1_0 
    where
        sg1_0.user_id=? 
        and sg1_0.status='IN_PROGRESS' 
        and sg1_0.deadline<?
Hibernate: 
    select
        t1_0.id,
        t1_0.amount,
        t1_0.category_id,
        t1_0.created_at,
        t1_0.description,
        t1_0.title,
        t1_0.transaction_date,
        t1_0.type,
        t1_0.updated_at,
        t1_0.user_id 
    from
        finance_transaction t1_0 
    where
        t1_0.user_id=? 
    order by
        t1_0.transaction_date desc
Hibernate: 
    select
        sg1_0.id,
        sg1_0.created_at,
        sg1_0.current_amount,
        sg1_0.deadline,
        sg1_0.description,
        sg1_0.name,
        sg1_0.status,
        sg1_0.target_amount,
        sg1_0.updated_at,
        sg1_0.user_id 
    from
        savings_goal sg1_0 
    where
        sg1_0.user_id=? 
        and sg1_0.status='IN_PROGRESS' 
        and sg1_0.deadline<?
2026-06-02T22:43:55.429+02:00 DEBUG 14904 --- [personal-finance-tracker] [nio-8080-exec-6] o.s.w.s.m.m.a.HttpEntityMethodProcessor  : Using 'application/json', given [application/json, text/plain, */*] and supported [application/json, application/*+json, application/yaml]
2026-06-02T22:43:55.430+02:00 DEBUG 14904 --- [personal-finance-tracker] [nio-8080-exec-6] o.s.w.s.m.m.a.HttpEntityMethodProcessor  : Writing [[com.dauphine.pft.dto.responses.CategoryResponse@5a41a072, com.dauphine.pft.dto.responses.CategoryRe (truncated)...]
2026-06-02T22:43:55.431+02:00 DEBUG 14904 --- [personal-finance-tracker] [nio-8080-exec-6] o.s.web.servlet.DispatcherServlet        : Completed 200 OK
2026-06-02T22:43:55.498+02:00 DEBUG 14904 --- [personal-finance-tracker] [nio-8080-exec-3] org.hibernate.SQL                        : 
    select
        c1_0.id,
        c1_0.created_at,
        c1_0.description,
        c1_0.name,
        c1_0.type,
        c1_0.updated_at,
        c1_0.user_id 
    from
        category c1_0 
    where
        c1_0.id=?
Hibernate: 
    select
        c1_0.id,
        c1_0.created_at,
        c1_0.description,
        c1_0.name,
        c1_0.type,
        c1_0.updated_at,
        c1_0.user_id 
    from
        category c1_0 
    where
        c1_0.id=?
2026-06-02T22:43:55.504+02:00 DEBUG 14904 --- [personal-finance-tracker] [nio-8080-exec-1] org.hibernate.SQL                        : 
    select
        sg1_0.id,
        sg1_0.created_at,
        sg1_0.current_amount,
        sg1_0.deadline,
        sg1_0.description,
        sg1_0.name,
        sg1_0.status,
        sg1_0.target_amount,
        sg1_0.updated_at,
        sg1_0.user_id 
    from
        savings_goal sg1_0 
    where
        sg1_0.user_id=?
Hibernate: 
    select
        sg1_0.id,
        sg1_0.created_at,
        sg1_0.current_amount,
        sg1_0.deadline,
        sg1_0.description,
        sg1_0.name,
        sg1_0.status,
        sg1_0.target_amount,
        sg1_0.updated_at,
        sg1_0.user_id 
    from
        savings_goal sg1_0 
    where
        sg1_0.user_id=?
2026-06-02T22:43:55.550+02:00 DEBUG 14904 --- [personal-finance-tracker] [nio-8080-exec-3] org.hibernate.SQL                        : 
    select
        c1_0.id,
        c1_0.created_at,
        c1_0.description,
        c1_0.name,
        c1_0.type,
        c1_0.updated_at,
        c1_0.user_id 
    from
        category c1_0 
    where
        c1_0.id=?
Hibernate: 
    select
        c1_0.id,
        c1_0.created_at,
        c1_0.description,
        c1_0.name,
        c1_0.type,
        c1_0.updated_at,
        c1_0.user_id 
    from
        category c1_0 
    where
        c1_0.id=?
2026-06-02T22:43:55.555+02:00 DEBUG 14904 --- [personal-finance-tracker] [nio-8080-exec-1] o.s.w.s.m.m.a.HttpEntityMethodProcessor  : Using 'application/json', given [application/json, text/plain, */*] and supported [application/json, application/*+json, application/yaml]
2026-06-02T22:43:55.556+02:00 DEBUG 14904 --- [personal-finance-tracker] [nio-8080-exec-1] o.s.w.s.m.m.a.HttpEntityMethodProcessor  : Writing [[com.dauphine.pft.dto.responses.SavingsGoalResponse@7813c3a9, com.dauphine.pft.dto.responses.Savings (truncated)...]
2026-06-02T22:43:55.557+02:00 DEBUG 14904 --- [personal-finance-tracker] [nio-8080-exec-1] o.s.web.servlet.DispatcherServlet        : Completed 200 OK
2026-06-02T22:43:55.596+02:00 DEBUG 14904 --- [personal-finance-tracker] [nio-8080-exec-3] org.hibernate.SQL                        : 
    select
        c1_0.id,
        c1_0.created_at,
        c1_0.description,
        c1_0.name,
        c1_0.type,
        c1_0.updated_at,
        c1_0.user_id 
    from
        category c1_0 
    where
        c1_0.id=?
Hibernate: 
    select
        c1_0.id,
        c1_0.created_at,
        c1_0.description,
        c1_0.name,
        c1_0.type,
        c1_0.updated_at,
        c1_0.user_id 
    from
        category c1_0 
    where
        c1_0.id=?
2026-06-02T22:43:55.642+02:00 DEBUG 14904 --- [personal-finance-tracker] [nio-8080-exec-3] org.hibernate.SQL                        : 
    select
        c1_0.id,
        c1_0.created_at,
        c1_0.description,
        c1_0.name,
        c1_0.type,
        c1_0.updated_at,
        c1_0.user_id 
    from
        category c1_0 
    where
        c1_0.id=?
Hibernate: 
    select
        c1_0.id,
        c1_0.created_at,
        c1_0.description,
        c1_0.name,
        c1_0.type,
        c1_0.updated_at,
        c1_0.user_id 
    from
        category c1_0 
    where
        c1_0.id=?
2026-06-02T22:43:55.692+02:00 DEBUG 14904 --- [personal-finance-tracker] [nio-8080-exec-3] o.s.w.s.m.m.a.HttpEntityMethodProcessor  : Using 'application/json', given [application/json, text/plain, */*] and supported [application/json, application/*+json, application/yaml]
2026-06-02T22:43:55.693+02:00 DEBUG 14904 --- [personal-finance-tracker] [nio-8080-exec-3] o.s.w.s.m.m.a.HttpEntityMethodProcessor  : Writing [[com.dauphine.pft.dto.responses.TransactionResponse@2464df8f, com.dauphine.pft.dto.responses.Transac (truncated)...]
2026-06-02T22:43:55.694+02:00 DEBUG 14904 --- [personal-finance-tracker] [nio-8080-exec-3] o.s.web.servlet.DispatcherServlet        : Completed 200 OK
2026-06-02T22:43:57.794+02:00 DEBUG 14904 --- [personal-finance-tracker] [nio-8080-exec-2] o.s.web.servlet.DispatcherServlet        : GET "/v1/categories", parameters={}
2026-06-02T22:43:57.794+02:00 DEBUG 14904 --- [personal-finance-tracker] [nio-8080-exec-8] o.s.web.servlet.DispatcherServlet        : GET "/v1/categories", parameters={}
2026-06-02T22:43:57.794+02:00 DEBUG 14904 --- [personal-finance-tracker] [nio-8080-exec-2] s.w.s.m.m.a.RequestMappingHandlerMapping : Mapped to com.dauphine.pft.controllers.CategoryController#getAll(String, CategoryType)
2026-06-02T22:43:57.795+02:00 DEBUG 14904 --- [personal-finance-tracker] [nio-8080-exec-8] s.w.s.m.m.a.RequestMappingHandlerMapping : Mapped to com.dauphine.pft.controllers.CategoryController#getAll(String, CategoryType)
2026-06-02T22:43:57.798+02:00 DEBUG 14904 --- [personal-finance-tracker] [nio-8080-exec-4] o.s.web.servlet.DispatcherServlet        : GET "/v1/budgets", parameters={}
2026-06-02T22:43:57.798+02:00 DEBUG 14904 --- [personal-finance-tracker] [nio-8080-exec-4] s.w.s.m.m.a.RequestMappingHandlerMapping : Mapped to com.dauphine.pft.controllers.BudgetController#getAll()
2026-06-02T22:43:57.844+02:00 DEBUG 14904 --- [personal-finance-tracker] [nio-8080-exec-8] org.hibernate.SQL                        : 
    select
        c1_0.id,
        c1_0.created_at,
        c1_0.description,
        c1_0.name,
        c1_0.type,
        c1_0.updated_at,
        c1_0.user_id 
    from
        category c1_0 
    where
        c1_0.user_id=?
2026-06-02T22:43:57.844+02:00 DEBUG 14904 --- [personal-finance-tracker] [nio-8080-exec-2] org.hibernate.SQL                        : 
    select
        c1_0.id,
        c1_0.created_at,
        c1_0.description,
        c1_0.name,
        c1_0.type,
        c1_0.updated_at,
        c1_0.user_id 
    from
        category c1_0 
    where
        c1_0.user_id=?
Hibernate: 
    select
        c1_0.id,
        c1_0.created_at,
        c1_0.description,
        c1_0.name,
        c1_0.type,
        c1_0.updated_at,
        c1_0.user_id 
    from
        category c1_0 
    where
        c1_0.user_id=?
Hibernate: 
    select
        c1_0.id,
        c1_0.created_at,
        c1_0.description,
        c1_0.name,
        c1_0.type,
        c1_0.updated_at,
        c1_0.user_id 
    from
        category c1_0 
    where
        c1_0.user_id=?
2026-06-02T22:43:57.844+02:00 DEBUG 14904 --- [personal-finance-tracker] [nio-8080-exec-4] org.hibernate.SQL                        : 
    select
        b1_0.id,
        b1_0.category_id,
        b1_0.created_at,
        b1_0.monthly_cap,
        b1_0.period,
        b1_0.updated_at,
        b1_0.user_id 
    from
        budget b1_0 
    where
        b1_0.user_id=?
Hibernate: 
    select
        b1_0.id,
        b1_0.category_id,
        b1_0.created_at,
        b1_0.monthly_cap,
        b1_0.period,
        b1_0.updated_at,
        b1_0.user_id 
    from
        budget b1_0 
    where
        b1_0.user_id=?
2026-06-02T22:43:57.888+02:00 DEBUG 14904 --- [personal-finance-tracker] [nio-8080-exec-8] o.s.w.s.m.m.a.HttpEntityMethodProcessor  : Using 'application/json', given [application/json, text/plain, */*] and supported [application/json, application/*+json, application/yaml]
2026-06-02T22:43:57.889+02:00 DEBUG 14904 --- [personal-finance-tracker] [nio-8080-exec-8] o.s.w.s.m.m.a.HttpEntityMethodProcessor  : Writing [[com.dauphine.pft.dto.responses.CategoryResponse@1a5c68a, com.dauphine.pft.dto.responses.CategoryRes (truncated)...]
2026-06-02T22:43:57.890+02:00 DEBUG 14904 --- [personal-finance-tracker] [nio-8080-exec-8] o.s.web.servlet.DispatcherServlet        : Completed 200 OK
2026-06-02T22:43:57.893+02:00 DEBUG 14904 --- [personal-finance-tracker] [nio-8080-exec-2] o.s.w.s.m.m.a.HttpEntityMethodProcessor  : Using 'application/json', given [application/json, text/plain, */*] and supported [application/json, application/*+json, application/yaml]
2026-06-02T22:43:57.894+02:00 DEBUG 14904 --- [personal-finance-tracker] [nio-8080-exec-4] org.hibernate.SQL                        : 
    select
        coalesce(sum(t1_0.amount), 0) 
    from
        finance_transaction t1_0 
    where
        t1_0.user_id=? 
        and t1_0.category_id=? 
        and t1_0.type='EXPENSE' 
        and t1_0.transaction_date>=? 
        and t1_0.transaction_date<=?
2026-06-02T22:43:57.894+02:00 DEBUG 14904 --- [personal-finance-tracker] [nio-8080-exec-2] o.s.w.s.m.m.a.HttpEntityMethodProcessor  : Writing [[com.dauphine.pft.dto.responses.CategoryResponse@6735ba4a, com.dauphine.pft.dto.responses.CategoryRe (truncated)...]
Hibernate: 
    select
        coalesce(sum(t1_0.amount), 0) 
    from
        finance_transaction t1_0 
    where
        t1_0.user_id=? 
        and t1_0.category_id=? 
        and t1_0.type='EXPENSE' 
        and t1_0.transaction_date>=? 
        and t1_0.transaction_date<=?
2026-06-02T22:43:57.895+02:00 DEBUG 14904 --- [personal-finance-tracker] [nio-8080-exec-2] o.s.web.servlet.DispatcherServlet        : Completed 200 OK
2026-06-02T22:43:57.938+02:00 DEBUG 14904 --- [personal-finance-tracker] [nio-8080-exec-4] org.hibernate.SQL                        : 
    select
        c1_0.id,
        c1_0.created_at,
        c1_0.description,
        c1_0.name,
        c1_0.type,
        c1_0.updated_at,
        c1_0.user_id 
    from
        category c1_0 
    where
        c1_0.id=?
Hibernate: 
    select
        c1_0.id,
        c1_0.created_at,
        c1_0.description,
        c1_0.name,
        c1_0.type,
        c1_0.updated_at,
        c1_0.user_id 
    from
        category c1_0 
    where
        c1_0.id=?
2026-06-02T22:43:57.989+02:00 DEBUG 14904 --- [personal-finance-tracker] [nio-8080-exec-4] org.hibernate.SQL                        : 
    select
        coalesce(sum(t1_0.amount), 0) 
    from
        finance_transaction t1_0 
    where
        t1_0.user_id=? 
        and t1_0.category_id=? 
        and t1_0.type='EXPENSE' 
        and t1_0.transaction_date>=? 
        and t1_0.transaction_date<=?
Hibernate: 
    select
        coalesce(sum(t1_0.amount), 0) 
    from
        finance_transaction t1_0 
    where
        t1_0.user_id=? 
        and t1_0.category_id=? 
        and t1_0.type='EXPENSE' 
        and t1_0.transaction_date>=? 
        and t1_0.transaction_date<=?
2026-06-02T22:43:58.046+02:00 DEBUG 14904 --- [personal-finance-tracker] [nio-8080-exec-4] org.hibernate.SQL                        : 
    select
        c1_0.id,
        c1_0.created_at,
        c1_0.description,
        c1_0.name,
        c1_0.type,
        c1_0.updated_at,
        c1_0.user_id 
    from
        category c1_0 
    where
        c1_0.id=?
Hibernate: 
    select
        c1_0.id,
        c1_0.created_at,
        c1_0.description,
        c1_0.name,
        c1_0.type,
        c1_0.updated_at,
        c1_0.user_id 
    from
        category c1_0 
    where
        c1_0.id=?
2026-06-02T22:43:58.093+02:00 DEBUG 14904 --- [personal-finance-tracker] [nio-8080-exec-4] o.s.w.s.m.m.a.HttpEntityMethodProcessor  : Using 'application/json', given [application/json, text/plain, */*] and supported [application/json, application/*+json, application/yaml]
2026-06-02T22:43:58.094+02:00 DEBUG 14904 --- [personal-finance-tracker] [nio-8080-exec-4] o.s.w.s.m.m.a.HttpEntityMethodProcessor  : Writing [[com.dauphine.pft.dto.responses.BudgetUsageResponse@9f91b4f, com.dauphine.pft.dto.responses.BudgetUs (truncated)...]
2026-06-02T22:43:58.097+02:00 DEBUG 14904 --- [personal-finance-tracker] [nio-8080-exec-4] o.s.web.servlet.DispatcherServlet        : Completed 200 OK
2026-06-02T22:44:06.686+02:00 DEBUG 14904 --- [personal-finance-tracker] [nio-8080-exec-7] o.s.web.servlet.DispatcherServlet        : GET "/v1/savings-goals", parameters={}
2026-06-02T22:44:06.689+02:00 DEBUG 14904 --- [personal-finance-tracker] [nio-8080-exec-7] s.w.s.m.m.a.RequestMappingHandlerMapping : Mapped to com.dauphine.pft.controllers.SavingsGoalController#getAll(SavingsGoalStatus, String, BigDecimal, BigDecimal, LocalDate, LocalDate)
2026-06-02T22:44:06.738+02:00 DEBUG 14904 --- [personal-finance-tracker] [nio-8080-exec-7] org.hibernate.SQL                        : 
    select
        sg1_0.id,
        sg1_0.created_at,
        sg1_0.current_amount,
        sg1_0.deadline,
        sg1_0.description,
        sg1_0.name,
        sg1_0.status,
        sg1_0.target_amount,
        sg1_0.updated_at,
        sg1_0.user_id 
    from
        savings_goal sg1_0 
    where
        sg1_0.user_id=? 
        and sg1_0.status='IN_PROGRESS' 
        and sg1_0.deadline<?
Hibernate: 
    select
        sg1_0.id,
        sg1_0.created_at,
        sg1_0.current_amount,
        sg1_0.deadline,
        sg1_0.description,
        sg1_0.name,
        sg1_0.status,
        sg1_0.target_amount,
        sg1_0.updated_at,
        sg1_0.user_id 
    from
        savings_goal sg1_0 
    where
        sg1_0.user_id=? 
        and sg1_0.status='IN_PROGRESS' 
        and sg1_0.deadline<?
2026-06-02T22:44:06.801+02:00 DEBUG 14904 --- [personal-finance-tracker] [nio-8080-exec-7] org.hibernate.SQL                        : 
    select
        sg1_0.id,
        sg1_0.created_at,
        sg1_0.current_amount,
        sg1_0.deadline,
        sg1_0.description,
        sg1_0.name,
        sg1_0.status,
        sg1_0.target_amount,
        sg1_0.updated_at,
        sg1_0.user_id 
    from
        savings_goal sg1_0 
    where
        sg1_0.user_id=?
Hibernate: 
    select
        sg1_0.id,
        sg1_0.created_at,
        sg1_0.current_amount,
        sg1_0.deadline,
        sg1_0.description,
        sg1_0.name,
        sg1_0.status,
        sg1_0.target_amount,
        sg1_0.updated_at,
        sg1_0.user_id 
    from
        savings_goal sg1_0 
    where
        sg1_0.user_id=?
2026-06-02T22:44:06.849+02:00 DEBUG 14904 --- [personal-finance-tracker] [nio-8080-exec-7] o.s.w.s.m.m.a.HttpEntityMethodProcessor  : Using 'application/json', given [application/json, text/plain, */*] and supported [application/json, application/*+json, application/yaml]
2026-06-02T22:44:06.849+02:00 DEBUG 14904 --- [personal-finance-tracker] [nio-8080-exec-7] o.s.w.s.m.m.a.HttpEntityMethodProcessor  : Writing [[com.dauphine.pft.dto.responses.SavingsGoalResponse@61ce8390, com.dauphine.pft.dto.responses.Savings (truncated)...]
2026-06-02T22:44:06.854+02:00 DEBUG 14904 --- [personal-finance-tracker] [nio-8080-exec-7] o.s.web.servlet.DispatcherServlet        : Completed 200 OK
2026-06-02T22:44:08.790+02:00 DEBUG 14904 --- [personal-finance-tracker] [nio-8080-exec-3] o.s.web.servlet.DispatcherServlet        : GET "/v1/savings-goals/c4832074-fce8-450b-8206-422d6966409b", parameters={}
2026-06-02T22:44:08.790+02:00 DEBUG 14904 --- [personal-finance-tracker] [nio-8080-exec-1] o.s.web.servlet.DispatcherServlet        : GET "/v1/savings-goals/c4832074-fce8-450b-8206-422d6966409b/contributions", parameters={}
2026-06-02T22:44:08.791+02:00 DEBUG 14904 --- [personal-finance-tracker] [nio-8080-exec-3] s.w.s.m.m.a.RequestMappingHandlerMapping : Mapped to com.dauphine.pft.controllers.SavingsGoalController#getById(UUID)
2026-06-02T22:44:08.791+02:00 DEBUG 14904 --- [personal-finance-tracker] [nio-8080-exec-1] s.w.s.m.m.a.RequestMappingHandlerMapping : Mapped to com.dauphine.pft.controllers.SavingsGoalController#getContributions(UUID)
2026-06-02T22:44:08.868+02:00 DEBUG 14904 --- [personal-finance-tracker] [nio-8080-exec-1] org.hibernate.SQL                        : 
    select
        sg1_0.id,
        sg1_0.created_at,
        sg1_0.current_amount,
        sg1_0.deadline,
        sg1_0.description,
        sg1_0.name,
        sg1_0.status,
        sg1_0.target_amount,
        sg1_0.updated_at,
        sg1_0.user_id 
    from
        savings_goal sg1_0 
    where
        sg1_0.id=? 
        and sg1_0.user_id=?
2026-06-02T22:44:08.868+02:00 DEBUG 14904 --- [personal-finance-tracker] [nio-8080-exec-3] org.hibernate.SQL                        : 
    select
        sg1_0.id,
        sg1_0.created_at,
        sg1_0.current_amount,
        sg1_0.deadline,
        sg1_0.description,
        sg1_0.name,
        sg1_0.status,
        sg1_0.target_amount,
        sg1_0.updated_at,
        sg1_0.user_id 
    from
        savings_goal sg1_0 
    where
        sg1_0.user_id=? 
        and sg1_0.status='IN_PROGRESS' 
        and sg1_0.deadline<?
Hibernate: 
    select
        sg1_0.id,
        sg1_0.created_at,
        sg1_0.current_amount,
        sg1_0.deadline,
        sg1_0.description,
        sg1_0.name,
        sg1_0.status,
        sg1_0.target_amount,
        sg1_0.updated_at,
        sg1_0.user_id 
    from
        savings_goal sg1_0 
    where
        sg1_0.id=? 
        and sg1_0.user_id=?
Hibernate: 
    select
        sg1_0.id,
        sg1_0.created_at,
        sg1_0.current_amount,
        sg1_0.deadline,
        sg1_0.description,
        sg1_0.name,
        sg1_0.status,
        sg1_0.target_amount,
        sg1_0.updated_at,
        sg1_0.user_id 
    from
        savings_goal sg1_0 
    where
        sg1_0.user_id=? 
        and sg1_0.status='IN_PROGRESS' 
        and sg1_0.deadline<?
2026-06-02T22:44:08.909+02:00 DEBUG 14904 --- [personal-finance-tracker] [nio-8080-exec-1] org.hibernate.SQL                        : 
    select
        sgc1_0.id,
        sgc1_0.amount,
        sgc1_0.created_at,
        sgc1_0.contribution_date,
        sgc1_0.goal_id,
        sgc1_0.note 
    from
        savings_goal_contribution sgc1_0 
    left join
        savings_goal g1_0 
            on g1_0.id=sgc1_0.goal_id 
    left join
        app_user u1_0 
            on u1_0.id=g1_0.user_id 
    where
        g1_0.id=? 
        and u1_0.id=? 
    order by
        sgc1_0.contribution_date desc,
        sgc1_0.created_at desc
Hibernate: 
    select
        sgc1_0.id,
        sgc1_0.amount,
        sgc1_0.created_at,
        sgc1_0.contribution_date,
        sgc1_0.goal_id,
        sgc1_0.note 
    from
        savings_goal_contribution sgc1_0 
    left join
        savings_goal g1_0 
            on g1_0.id=sgc1_0.goal_id 
    left join
        app_user u1_0 
            on u1_0.id=g1_0.user_id 
    where
        g1_0.id=? 
        and u1_0.id=? 
    order by
        sgc1_0.contribution_date desc,
        sgc1_0.created_at desc
2026-06-02T22:44:08.922+02:00 DEBUG 14904 --- [personal-finance-tracker] [nio-8080-exec-3] org.hibernate.SQL                        : 
    select
        sg1_0.id,
        sg1_0.created_at,
        sg1_0.current_amount,
        sg1_0.deadline,
        sg1_0.description,
        sg1_0.name,
        sg1_0.status,
        sg1_0.target_amount,
        sg1_0.updated_at,
        sg1_0.user_id 
    from
        savings_goal sg1_0 
    where
        sg1_0.id=? 
        and sg1_0.user_id=?
Hibernate: 
    select
        sg1_0.id,
        sg1_0.created_at,
        sg1_0.current_amount,
        sg1_0.deadline,
        sg1_0.description,
        sg1_0.name,
        sg1_0.status,
        sg1_0.target_amount,
        sg1_0.updated_at,
        sg1_0.user_id 
    from
        savings_goal sg1_0 
    where
        sg1_0.id=? 
        and sg1_0.user_id=?
2026-06-02T22:44:08.961+02:00 DEBUG 14904 --- [personal-finance-tracker] [nio-8080-exec-1] o.s.w.s.m.m.a.HttpEntityMethodProcessor  : Using 'application/json', given [application/json, text/plain, */*] and supported [application/json, application/*+json, application/yaml]
2026-06-02T22:44:08.961+02:00 DEBUG 14904 --- [personal-finance-tracker] [nio-8080-exec-1] o.s.w.s.m.m.a.HttpEntityMethodProcessor  : Writing [[]]
2026-06-02T22:44:08.964+02:00 DEBUG 14904 --- [personal-finance-tracker] [nio-8080-exec-1] o.s.web.servlet.DispatcherServlet        : Completed 200 OK
2026-06-02T22:44:08.974+02:00 DEBUG 14904 --- [personal-finance-tracker] [nio-8080-exec-3] o.s.w.s.m.m.a.HttpEntityMethodProcessor  : Using 'application/json', given [application/json, text/plain, */*] and supported [application/json, application/*+json, application/yaml]
2026-06-02T22:44:08.975+02:00 DEBUG 14904 --- [personal-finance-tracker] [nio-8080-exec-3] o.s.w.s.m.m.a.HttpEntityMethodProcessor  : Writing [com.dauphine.pft.dto.responses.SavingsGoalResponse@443ff48a]
2026-06-02T22:44:08.977+02:00 DEBUG 14904 --- [personal-finance-tracker] [nio-8080-exec-3] o.s.web.servlet.DispatcherServlet        : Completed 200 OK
2026-06-02T22:44:31.772+02:00 DEBUG 14904 --- [personal-finance-tracker] [nio-8080-exec-8] o.s.web.servlet.DispatcherServlet        : GET "/v1/savings-goals", parameters={}
2026-06-02T22:44:31.773+02:00 DEBUG 14904 --- [personal-finance-tracker] [nio-8080-exec-8] s.w.s.m.m.a.RequestMappingHandlerMapping : Mapped to com.dauphine.pft.controllers.SavingsGoalController#getAll(SavingsGoalStatus, String, BigDecimal, BigDecimal, LocalDate, LocalDate)
2026-06-02T22:44:31.846+02:00 DEBUG 14904 --- [personal-finance-tracker] [nio-8080-exec-8] org.hibernate.SQL                        : 
    select
        sg1_0.id,
        sg1_0.created_at,
        sg1_0.current_amount,
        sg1_0.deadline,
        sg1_0.description,
        sg1_0.name,
        sg1_0.status,
        sg1_0.target_amount,
        sg1_0.updated_at,
        sg1_0.user_id 
    from
        savings_goal sg1_0 
    where
        sg1_0.user_id=? 
        and sg1_0.status='IN_PROGRESS' 
        and sg1_0.deadline<?
Hibernate: 
    select
        sg1_0.id,
        sg1_0.created_at,
        sg1_0.current_amount,
        sg1_0.deadline,
        sg1_0.description,
        sg1_0.name,
        sg1_0.status,
        sg1_0.target_amount,
        sg1_0.updated_at,
        sg1_0.user_id 
    from
        savings_goal sg1_0 
    where
        sg1_0.user_id=? 
        and sg1_0.status='IN_PROGRESS' 
        and sg1_0.deadline<?
2026-06-02T22:44:31.894+02:00 DEBUG 14904 --- [personal-finance-tracker] [nio-8080-exec-8] org.hibernate.SQL                        : 
    select
        sg1_0.id,
        sg1_0.created_at,
        sg1_0.current_amount,
        sg1_0.deadline,
        sg1_0.description,
        sg1_0.name,
        sg1_0.status,
        sg1_0.target_amount,
        sg1_0.updated_at,
        sg1_0.user_id 
    from
        savings_goal sg1_0 
    where
        sg1_0.user_id=?
Hibernate: 
    select
        sg1_0.id,
        sg1_0.created_at,
        sg1_0.current_amount,
        sg1_0.deadline,
        sg1_0.description,
        sg1_0.name,
        sg1_0.status,
        sg1_0.target_amount,
        sg1_0.updated_at,
        sg1_0.user_id 
    from
        savings_goal sg1_0 
    where
        sg1_0.user_id=?
2026-06-02T22:44:31.957+02:00 DEBUG 14904 --- [personal-finance-tracker] [nio-8080-exec-8] o.s.w.s.m.m.a.HttpEntityMethodProcessor  : Using 'application/json', given [application/json, text/plain, */*] and supported [application/json, application/*+json, application/yaml]
2026-06-02T22:44:31.958+02:00 DEBUG 14904 --- [personal-finance-tracker] [nio-8080-exec-8] o.s.w.s.m.m.a.HttpEntityMethodProcessor  : Writing [[com.dauphine.pft.dto.responses.SavingsGoalResponse@28601cb3, com.dauphine.pft.dto.responses.Savings (truncated)...]
2026-06-02T22:44:31.960+02:00 DEBUG 14904 --- [personal-finance-tracker] [nio-8080-exec-8] o.s.web.servlet.DispatcherServlet        : Completed 200 OK
2026-06-02T22:44:33.852+02:00 DEBUG 14904 --- [personal-finance-tracker] [io-8080-exec-10] o.s.web.servlet.DispatcherServlet        : GET "/v1/savings-goals/eb876150-6002-4dd5-ba0b-f657f9b9bf5e", parameters={}
2026-06-02T22:44:33.853+02:00 DEBUG 14904 --- [personal-finance-tracker] [nio-8080-exec-7] o.s.web.servlet.DispatcherServlet        : GET "/v1/savings-goals/eb876150-6002-4dd5-ba0b-f657f9b9bf5e/contributions", parameters={}
2026-06-02T22:44:33.853+02:00 DEBUG 14904 --- [personal-finance-tracker] [io-8080-exec-10] s.w.s.m.m.a.RequestMappingHandlerMapping : Mapped to com.dauphine.pft.controllers.SavingsGoalController#getById(UUID)
2026-06-02T22:44:33.854+02:00 DEBUG 14904 --- [personal-finance-tracker] [nio-8080-exec-7] s.w.s.m.m.a.RequestMappingHandlerMapping : Mapped to com.dauphine.pft.controllers.SavingsGoalController#getContributions(UUID)
2026-06-02T22:44:33.905+02:00 DEBUG 14904 --- [personal-finance-tracker] [nio-8080-exec-7] org.hibernate.SQL                        : 
    select
        sg1_0.id,
        sg1_0.created_at,
        sg1_0.current_amount,
        sg1_0.deadline,
        sg1_0.description,
        sg1_0.name,
        sg1_0.status,
        sg1_0.target_amount,
        sg1_0.updated_at,
        sg1_0.user_id 
    from
        savings_goal sg1_0 
    where
        sg1_0.id=? 
        and sg1_0.user_id=?
Hibernate: 
    select
        sg1_0.id,
        sg1_0.created_at,
        sg1_0.current_amount,
        sg1_0.deadline,
        sg1_0.description,
        sg1_0.name,
        sg1_0.status,
        sg1_0.target_amount,
        sg1_0.updated_at,
        sg1_0.user_id 
    from
        savings_goal sg1_0 
    where
        sg1_0.id=? 
        and sg1_0.user_id=?
2026-06-02T22:44:33.920+02:00 DEBUG 14904 --- [personal-finance-tracker] [io-8080-exec-10] org.hibernate.SQL                        : 
    select
        sg1_0.id,
        sg1_0.created_at,
        sg1_0.current_amount,
        sg1_0.deadline,
        sg1_0.description,
        sg1_0.name,
        sg1_0.status,
        sg1_0.target_amount,
        sg1_0.updated_at,
        sg1_0.user_id 
    from
        savings_goal sg1_0 
    where
        sg1_0.user_id=? 
        and sg1_0.status='IN_PROGRESS' 
        and sg1_0.deadline<?
Hibernate: 
    select
        sg1_0.id,
        sg1_0.created_at,
        sg1_0.current_amount,
        sg1_0.deadline,
        sg1_0.description,
        sg1_0.name,
        sg1_0.status,
        sg1_0.target_amount,
        sg1_0.updated_at,
        sg1_0.user_id 
    from
        savings_goal sg1_0 
    where
        sg1_0.user_id=? 
        and sg1_0.status='IN_PROGRESS' 
        and sg1_0.deadline<?
2026-06-02T22:44:33.961+02:00 DEBUG 14904 --- [personal-finance-tracker] [nio-8080-exec-7] org.hibernate.SQL                        : 
    select
        sgc1_0.id,
        sgc1_0.amount,
        sgc1_0.created_at,
        sgc1_0.contribution_date,
        sgc1_0.goal_id,
        sgc1_0.note 
    from
        savings_goal_contribution sgc1_0 
    left join
        savings_goal g1_0 
            on g1_0.id=sgc1_0.goal_id 
    left join
        app_user u1_0 
            on u1_0.id=g1_0.user_id 
    where
        g1_0.id=? 
        and u1_0.id=? 
    order by
        sgc1_0.contribution_date desc,
        sgc1_0.created_at desc
Hibernate: 
    select
        sgc1_0.id,
        sgc1_0.amount,
        sgc1_0.created_at,
        sgc1_0.contribution_date,
        sgc1_0.goal_id,
        sgc1_0.note 
    from
        savings_goal_contribution sgc1_0 
    left join
        savings_goal g1_0 
            on g1_0.id=sgc1_0.goal_id 
    left join
        app_user u1_0 
            on u1_0.id=g1_0.user_id 
    where
        g1_0.id=? 
        and u1_0.id=? 
    order by
        sgc1_0.contribution_date desc,
        sgc1_0.created_at desc
2026-06-02T22:44:33.985+02:00 DEBUG 14904 --- [personal-finance-tracker] [io-8080-exec-10] org.hibernate.SQL                        : 
    select
        sg1_0.id,
        sg1_0.created_at,
        sg1_0.current_amount,
        sg1_0.deadline,
        sg1_0.description,
        sg1_0.name,
        sg1_0.status,
        sg1_0.target_amount,
        sg1_0.updated_at,
        sg1_0.user_id 
    from
        savings_goal sg1_0 
    where
        sg1_0.id=? 
        and sg1_0.user_id=?
Hibernate: 
    select
        sg1_0.id,
        sg1_0.created_at,
        sg1_0.current_amount,
        sg1_0.deadline,
        sg1_0.description,
        sg1_0.name,
        sg1_0.status,
        sg1_0.target_amount,
        sg1_0.updated_at,
        sg1_0.user_id 
    from
        savings_goal sg1_0 
    where
        sg1_0.id=? 
        and sg1_0.user_id=?
2026-06-02T22:44:34.020+02:00 DEBUG 14904 --- [personal-finance-tracker] [nio-8080-exec-7] o.s.w.s.m.m.a.HttpEntityMethodProcessor  : Using 'application/json', given [application/json, text/plain, */*] and supported [application/json, application/*+json, application/yaml]
2026-06-02T22:44:34.021+02:00 DEBUG 14904 --- [personal-finance-tracker] [nio-8080-exec-7] o.s.w.s.m.m.a.HttpEntityMethodProcessor  : Writing [[com.dauphine.pft.dto.responses.SavingsGoalContributionResponse@4b2f6670]]
2026-06-02T22:44:34.024+02:00 DEBUG 14904 --- [personal-finance-tracker] [nio-8080-exec-7] o.s.web.servlet.DispatcherServlet        : Completed 200 OK
2026-06-02T22:44:34.076+02:00 DEBUG 14904 --- [personal-finance-tracker] [io-8080-exec-10] o.s.w.s.m.m.a.HttpEntityMethodProcessor  : Using 'application/json', given [application/json, text/plain, */*] and supported [application/json, application/*+json, application/yaml]
2026-06-02T22:44:34.077+02:00 DEBUG 14904 --- [personal-finance-tracker] [io-8080-exec-10] o.s.w.s.m.m.a.HttpEntityMethodProcessor  : Writing [com.dauphine.pft.dto.responses.SavingsGoalResponse@11f5b2b]
2026-06-02T22:44:34.079+02:00 DEBUG 14904 --- [personal-finance-tracker] [io-8080-exec-10] o.s.web.servlet.DispatcherServlet        : Completed 200 OK
2026-06-02T22:44:37.362+02:00 DEBUG 14904 --- [personal-finance-tracker] [nio-8080-exec-9] o.s.web.servlet.DispatcherServlet        : GET "/v1/savings-goals", parameters={}
2026-06-02T22:44:37.362+02:00 DEBUG 14904 --- [personal-finance-tracker] [nio-8080-exec-9] s.w.s.m.m.a.RequestMappingHandlerMapping : Mapped to com.dauphine.pft.controllers.SavingsGoalController#getAll(SavingsGoalStatus, String, BigDecimal, BigDecimal, LocalDate, LocalDate)
2026-06-02T22:44:37.417+02:00 DEBUG 14904 --- [personal-finance-tracker] [nio-8080-exec-9] org.hibernate.SQL                        : 
    select
        sg1_0.id,
        sg1_0.created_at,
        sg1_0.current_amount,
        sg1_0.deadline,
        sg1_0.description,
        sg1_0.name,
        sg1_0.status,
        sg1_0.target_amount,
        sg1_0.updated_at,
        sg1_0.user_id 
    from
        savings_goal sg1_0 
    where
        sg1_0.user_id=? 
        and sg1_0.status='IN_PROGRESS' 
        and sg1_0.deadline<?
Hibernate: 
    select
        sg1_0.id,
        sg1_0.created_at,
        sg1_0.current_amount,
        sg1_0.deadline,
        sg1_0.description,
        sg1_0.name,
        sg1_0.status,
        sg1_0.target_amount,
        sg1_0.updated_at,
        sg1_0.user_id 
    from
        savings_goal sg1_0 
    where
        sg1_0.user_id=? 
        and sg1_0.status='IN_PROGRESS' 
        and sg1_0.deadline<?
2026-06-02T22:44:37.462+02:00 DEBUG 14904 --- [personal-finance-tracker] [nio-8080-exec-9] org.hibernate.SQL                        : 
    select
        sg1_0.id,
        sg1_0.created_at,
        sg1_0.current_amount,
        sg1_0.deadline,
        sg1_0.description,
        sg1_0.name,
        sg1_0.status,
        sg1_0.target_amount,
        sg1_0.updated_at,
        sg1_0.user_id 
    from
        savings_goal sg1_0 
    where
        sg1_0.user_id=?
Hibernate: 
    select
        sg1_0.id,
        sg1_0.created_at,
        sg1_0.current_amount,
        sg1_0.deadline,
        sg1_0.description,
        sg1_0.name,
        sg1_0.status,
        sg1_0.target_amount,
        sg1_0.updated_at,
        sg1_0.user_id 
    from
        savings_goal sg1_0 
    where
        sg1_0.user_id=?
2026-06-02T22:44:37.503+02:00 DEBUG 14904 --- [personal-finance-tracker] [nio-8080-exec-9] o.s.w.s.m.m.a.HttpEntityMethodProcessor  : Using 'application/json', given [application/json, text/plain, */*] and supported [application/json, application/*+json, application/yaml]
2026-06-02T22:44:37.503+02:00 DEBUG 14904 --- [personal-finance-tracker] [nio-8080-exec-9] o.s.w.s.m.m.a.HttpEntityMethodProcessor  : Writing [[com.dauphine.pft.dto.responses.SavingsGoalResponse@42d039ea, com.dauphine.pft.dto.responses.Savings (truncated)...]
2026-06-02T22:44:37.510+02:00 DEBUG 14904 --- [personal-finance-tracker] [nio-8080-exec-9] o.s.web.servlet.DispatcherServlet        : Completed 200 OK
2026-06-02T22:44:39.432+02:00 DEBUG 14904 --- [personal-finance-tracker] [nio-8080-exec-8] o.s.web.servlet.DispatcherServlet        : GET "/v1/categories", parameters={}
2026-06-02T22:44:39.432+02:00 DEBUG 14904 --- [personal-finance-tracker] [nio-8080-exec-2] o.s.web.servlet.DispatcherServlet        : GET "/v1/budgets", parameters={}
2026-06-02T22:44:39.433+02:00 DEBUG 14904 --- [personal-finance-tracker] [nio-8080-exec-8] s.w.s.m.m.a.RequestMappingHandlerMapping : Mapped to com.dauphine.pft.controllers.CategoryController#getAll(String, CategoryType)
2026-06-02T22:44:39.433+02:00 DEBUG 14904 --- [personal-finance-tracker] [nio-8080-exec-4] o.s.web.servlet.DispatcherServlet        : GET "/v1/categories", parameters={}
2026-06-02T22:44:39.433+02:00 DEBUG 14904 --- [personal-finance-tracker] [nio-8080-exec-2] s.w.s.m.m.a.RequestMappingHandlerMapping : Mapped to com.dauphine.pft.controllers.BudgetController#getAll()
2026-06-02T22:44:39.434+02:00 DEBUG 14904 --- [personal-finance-tracker] [nio-8080-exec-4] s.w.s.m.m.a.RequestMappingHandlerMapping : Mapped to com.dauphine.pft.controllers.CategoryController#getAll(String, CategoryType)
2026-06-02T22:44:39.507+02:00 DEBUG 14904 --- [personal-finance-tracker] [nio-8080-exec-4] org.hibernate.SQL                        : 
    select
        c1_0.id,
        c1_0.created_at,
        c1_0.description,
        c1_0.name,
        c1_0.type,
        c1_0.updated_at,
        c1_0.user_id 
    from
        category c1_0 
    where
        c1_0.user_id=?
Hibernate: 
    select
        c1_0.id,
        c1_0.created_at,
        c1_0.description,
        c1_0.name,
        c1_0.type,
        c1_0.updated_at,
        c1_0.user_id 
    from
        category c1_0 
    where
        c1_0.user_id=?
2026-06-02T22:44:39.512+02:00 DEBUG 14904 --- [personal-finance-tracker] [nio-8080-exec-2] org.hibernate.SQL                        : 
    select
        b1_0.id,
        b1_0.category_id,
        b1_0.created_at,
        b1_0.monthly_cap,
        b1_0.period,
        b1_0.updated_at,
        b1_0.user_id 
    from
        budget b1_0 
    where
        b1_0.user_id=?
Hibernate: 
    select
        b1_0.id,
        b1_0.category_id,
        b1_0.created_at,
        b1_0.monthly_cap,
        b1_0.period,
        b1_0.updated_at,
        b1_0.user_id 
    from
        budget b1_0 
    where
        b1_0.user_id=?
2026-06-02T22:44:39.512+02:00 DEBUG 14904 --- [personal-finance-tracker] [nio-8080-exec-8] org.hibernate.SQL                        : 
    select
        c1_0.id,
        c1_0.created_at,
        c1_0.description,
        c1_0.name,
        c1_0.type,
        c1_0.updated_at,
        c1_0.user_id 
    from
        category c1_0 
    where
        c1_0.user_id=?
Hibernate: 
    select
        c1_0.id,
        c1_0.created_at,
        c1_0.description,
        c1_0.name,
        c1_0.type,
        c1_0.updated_at,
        c1_0.user_id 
    from
        category c1_0 
    where
        c1_0.user_id=?
2026-06-02T22:44:39.555+02:00 DEBUG 14904 --- [personal-finance-tracker] [nio-8080-exec-4] o.s.w.s.m.m.a.HttpEntityMethodProcessor  : Using 'application/json', given [application/json, text/plain, */*] and supported [application/json, application/*+json, application/yaml]
2026-06-02T22:44:39.556+02:00 DEBUG 14904 --- [personal-finance-tracker] [nio-8080-exec-4] o.s.w.s.m.m.a.HttpEntityMethodProcessor  : Writing [[com.dauphine.pft.dto.responses.CategoryResponse@584267e, com.dauphine.pft.dto.responses.CategoryRes (truncated)...]
2026-06-02T22:44:39.558+02:00 DEBUG 14904 --- [personal-finance-tracker] [nio-8080-exec-4] o.s.web.servlet.DispatcherServlet        : Completed 200 OK
2026-06-02T22:44:39.564+02:00 DEBUG 14904 --- [personal-finance-tracker] [nio-8080-exec-2] org.hibernate.SQL                        : 
    select
        coalesce(sum(t1_0.amount), 0) 
    from
        finance_transaction t1_0 
    where
        t1_0.user_id=? 
        and t1_0.category_id=? 
        and t1_0.type='EXPENSE' 
        and t1_0.transaction_date>=? 
        and t1_0.transaction_date<=?
2026-06-02T22:44:39.564+02:00 DEBUG 14904 --- [personal-finance-tracker] [nio-8080-exec-8] o.s.w.s.m.m.a.HttpEntityMethodProcessor  : Using 'application/json', given [application/json, text/plain, */*] and supported [application/json, application/*+json, application/yaml]
Hibernate: 
    select
        coalesce(sum(t1_0.amount), 0) 
    from
        finance_transaction t1_0 
    where
        t1_0.user_id=? 
        and t1_0.category_id=? 
        and t1_0.type='EXPENSE' 
        and t1_0.transaction_date>=? 
        and t1_0.transaction_date<=?
2026-06-02T22:44:39.565+02:00 DEBUG 14904 --- [personal-finance-tracker] [nio-8080-exec-8] o.s.w.s.m.m.a.HttpEntityMethodProcessor  : Writing [[com.dauphine.pft.dto.responses.CategoryResponse@47cb914b, com.dauphine.pft.dto.responses.CategoryRe (truncated)...]
2026-06-02T22:44:39.566+02:00 DEBUG 14904 --- [personal-finance-tracker] [nio-8080-exec-8] o.s.web.servlet.DispatcherServlet        : Completed 200 OK
2026-06-02T22:44:39.607+02:00 DEBUG 14904 --- [personal-finance-tracker] [nio-8080-exec-2] org.hibernate.SQL                        : 
    select
        c1_0.id,
        c1_0.created_at,
        c1_0.description,
        c1_0.name,
        c1_0.type,
        c1_0.updated_at,
        c1_0.user_id 
    from
        category c1_0 
    where
        c1_0.id=?
Hibernate: 
    select
        c1_0.id,
        c1_0.created_at,
        c1_0.description,
        c1_0.name,
        c1_0.type,
        c1_0.updated_at,
        c1_0.user_id 
    from
        category c1_0 
    where
        c1_0.id=?
2026-06-02T22:44:39.654+02:00 DEBUG 14904 --- [personal-finance-tracker] [nio-8080-exec-2] org.hibernate.SQL                        : 
    select
        coalesce(sum(t1_0.amount), 0) 
    from
        finance_transaction t1_0 
    where
        t1_0.user_id=? 
        and t1_0.category_id=? 
        and t1_0.type='EXPENSE' 
        and t1_0.transaction_date>=? 
        and t1_0.transaction_date<=?
Hibernate: 
    select
        coalesce(sum(t1_0.amount), 0) 
    from
        finance_transaction t1_0 
    where
        t1_0.user_id=? 
        and t1_0.category_id=? 
        and t1_0.type='EXPENSE' 
        and t1_0.transaction_date>=? 
        and t1_0.transaction_date<=?
2026-06-02T22:44:39.697+02:00 DEBUG 14904 --- [personal-finance-tracker] [nio-8080-exec-2] org.hibernate.SQL                        : 
    select
        c1_0.id,
        c1_0.created_at,
        c1_0.description,
        c1_0.name,
        c1_0.type,
        c1_0.updated_at,
        c1_0.user_id 
    from
        category c1_0 
    where
        c1_0.id=?
Hibernate: 
    select
        c1_0.id,
        c1_0.created_at,
        c1_0.description,
        c1_0.name,
        c1_0.type,
        c1_0.updated_at,
        c1_0.user_id 
    from
        category c1_0 
    where
        c1_0.id=?
2026-06-02T22:44:39.739+02:00 DEBUG 14904 --- [personal-finance-tracker] [nio-8080-exec-2] o.s.w.s.m.m.a.HttpEntityMethodProcessor  : Using 'application/json', given [application/json, text/plain, */*] and supported [application/json, application/*+json, application/yaml]
2026-06-02T22:44:39.739+02:00 DEBUG 14904 --- [personal-finance-tracker] [nio-8080-exec-2] o.s.w.s.m.m.a.HttpEntityMethodProcessor  : Writing [[com.dauphine.pft.dto.responses.BudgetUsageResponse@7e250aeb, com.dauphine.pft.dto.responses.BudgetU (truncated)...]
2026-06-02T22:44:39.741+02:00 DEBUG 14904 --- [personal-finance-tracker] [nio-8080-exec-2] o.s.web.servlet.DispatcherServlet        : Completed 200 OK
2026-06-02T22:44:42.668+02:00 DEBUG 14904 --- [personal-finance-tracker] [nio-8080-exec-7] o.s.web.servlet.DispatcherServlet        : GET "/v1/categories", parameters={}
2026-06-02T22:44:42.669+02:00 DEBUG 14904 --- [personal-finance-tracker] [nio-8080-exec-7] s.w.s.m.m.a.RequestMappingHandlerMapping : Mapped to com.dauphine.pft.controllers.CategoryController#getAll(String, CategoryType)
2026-06-02T22:44:42.671+02:00 DEBUG 14904 --- [personal-finance-tracker] [nio-8080-exec-9] o.s.web.servlet.DispatcherServlet        : GET "/v1/transactions", parameters={}
2026-06-02T22:44:42.671+02:00 DEBUG 14904 --- [personal-finance-tracker] [nio-8080-exec-1] o.s.web.servlet.DispatcherServlet        : GET "/v1/savings-goals", parameters={}
2026-06-02T22:44:42.677+02:00 DEBUG 14904 --- [personal-finance-tracker] [nio-8080-exec-9] s.w.s.m.m.a.RequestMappingHandlerMapping : Mapped to com.dauphine.pft.controllers.TransactionController#getAll(TransactionType, UUID, String, LocalDate, LocalDate, BigDecimal, BigDecimal, String)
2026-06-02T22:44:42.677+02:00 DEBUG 14904 --- [personal-finance-tracker] [nio-8080-exec-1] s.w.s.m.m.a.RequestMappingHandlerMapping : Mapped to com.dauphine.pft.controllers.SavingsGoalController#getAll(SavingsGoalStatus, String, BigDecimal, BigDecimal, LocalDate, LocalDate)
2026-06-02T22:44:42.704+02:00 DEBUG 14904 --- [personal-finance-tracker] [nio-8080-exec-7] org.hibernate.SQL                        : 
    select
        c1_0.id,
        c1_0.created_at,
        c1_0.description,
        c1_0.name,
        c1_0.type,
        c1_0.updated_at,
        c1_0.user_id 
    from
        category c1_0 
    where
        c1_0.user_id=?
Hibernate: 
    select
        c1_0.id,
        c1_0.created_at,
        c1_0.description,
        c1_0.name,
        c1_0.type,
        c1_0.updated_at,
        c1_0.user_id 
    from
        category c1_0 
    where
        c1_0.user_id=?
2026-06-02T22:44:42.719+02:00 DEBUG 14904 --- [personal-finance-tracker] [nio-8080-exec-9] org.hibernate.SQL                        : 
    select
        t1_0.id,
        t1_0.amount,
        t1_0.category_id,
        t1_0.created_at,
        t1_0.description,
        t1_0.title,
        t1_0.transaction_date,
        t1_0.type,
        t1_0.updated_at,
        t1_0.user_id 
    from
        finance_transaction t1_0 
    where
        t1_0.user_id=? 
    order by
        t1_0.transaction_date desc
Hibernate: 
    select
        t1_0.id,
        t1_0.amount,
        t1_0.category_id,
        t1_0.created_at,
        t1_0.description,
        t1_0.title,
        t1_0.transaction_date,
        t1_0.type,
        t1_0.updated_at,
        t1_0.user_id 
    from
        finance_transaction t1_0 
    where
        t1_0.user_id=? 
    order by
        t1_0.transaction_date desc
2026-06-02T22:44:42.754+02:00 DEBUG 14904 --- [personal-finance-tracker] [nio-8080-exec-7] o.s.w.s.m.m.a.HttpEntityMethodProcessor  : Using 'application/json', given [application/json, text/plain, */*] and supported [application/json, application/*+json, application/yaml]
2026-06-02T22:44:42.755+02:00 DEBUG 14904 --- [personal-finance-tracker] [nio-8080-exec-7] o.s.w.s.m.m.a.HttpEntityMethodProcessor  : Writing [[com.dauphine.pft.dto.responses.CategoryResponse@7fbc7473, com.dauphine.pft.dto.responses.CategoryRe (truncated)...]
2026-06-02T22:44:42.756+02:00 DEBUG 14904 --- [personal-finance-tracker] [nio-8080-exec-7] o.s.web.servlet.DispatcherServlet        : Completed 200 OK
2026-06-02T22:44:42.756+02:00 DEBUG 14904 --- [personal-finance-tracker] [nio-8080-exec-1] org.hibernate.SQL                        : 
    select
        sg1_0.id,
        sg1_0.created_at,
        sg1_0.current_amount,
        sg1_0.deadline,
        sg1_0.description,
        sg1_0.name,
        sg1_0.status,
        sg1_0.target_amount,
        sg1_0.updated_at,
        sg1_0.user_id 
    from
        savings_goal sg1_0 
    where
        sg1_0.user_id=? 
        and sg1_0.status='IN_PROGRESS' 
        and sg1_0.deadline<?
Hibernate: 
    select
        sg1_0.id,
        sg1_0.created_at,
        sg1_0.current_amount,
        sg1_0.deadline,
        sg1_0.description,
        sg1_0.name,
        sg1_0.status,
        sg1_0.target_amount,
        sg1_0.updated_at,
        sg1_0.user_id 
    from
        savings_goal sg1_0 
    where
        sg1_0.user_id=? 
        and sg1_0.status='IN_PROGRESS' 
        and sg1_0.deadline<?
2026-06-02T22:44:42.765+02:00 DEBUG 14904 --- [personal-finance-tracker] [nio-8080-exec-9] org.hibernate.SQL                        : 
    select
        c1_0.id,
        c1_0.created_at,
        c1_0.description,
        c1_0.name,
        c1_0.type,
        c1_0.updated_at,
        c1_0.user_id 
    from
        category c1_0 
    where
        c1_0.id=?
Hibernate: 
    select
        c1_0.id,
        c1_0.created_at,
        c1_0.description,
        c1_0.name,
        c1_0.type,
        c1_0.updated_at,
        c1_0.user_id 
    from
        category c1_0 
    where
        c1_0.id=?
2026-06-02T22:44:42.806+02:00 DEBUG 14904 --- [personal-finance-tracker] [nio-8080-exec-1] org.hibernate.SQL                        : 
    select
        sg1_0.id,
        sg1_0.created_at,
        sg1_0.current_amount,
        sg1_0.deadline,
        sg1_0.description,
        sg1_0.name,
        sg1_0.status,
        sg1_0.target_amount,
        sg1_0.updated_at,
        sg1_0.user_id 
    from
        savings_goal sg1_0 
    where
        sg1_0.user_id=?
Hibernate: 
    select
        sg1_0.id,
        sg1_0.created_at,
        sg1_0.current_amount,
        sg1_0.deadline,
        sg1_0.description,
        sg1_0.name,
        sg1_0.status,
        sg1_0.target_amount,
        sg1_0.updated_at,
        sg1_0.user_id 
    from
        savings_goal sg1_0 
    where
        sg1_0.user_id=?
2026-06-02T22:44:42.813+02:00 DEBUG 14904 --- [personal-finance-tracker] [nio-8080-exec-9] org.hibernate.SQL                        : 
    select
        c1_0.id,
        c1_0.created_at,
        c1_0.description,
        c1_0.name,
        c1_0.type,
        c1_0.updated_at,
        c1_0.user_id 
    from
        category c1_0 
    where
        c1_0.id=?
Hibernate: 
    select
        c1_0.id,
        c1_0.created_at,
        c1_0.description,
        c1_0.name,
        c1_0.type,
        c1_0.updated_at,
        c1_0.user_id 
    from
        category c1_0 
    where
        c1_0.id=?
2026-06-02T22:44:42.852+02:00 DEBUG 14904 --- [personal-finance-tracker] [nio-8080-exec-1] o.s.w.s.m.m.a.HttpEntityMethodProcessor  : Using 'application/json', given [application/json, text/plain, */*] and supported [application/json, application/*+json, application/yaml]
2026-06-02T22:44:42.854+02:00 DEBUG 14904 --- [personal-finance-tracker] [nio-8080-exec-1] o.s.w.s.m.m.a.HttpEntityMethodProcessor  : Writing [[com.dauphine.pft.dto.responses.SavingsGoalResponse@3aaf801b, com.dauphine.pft.dto.responses.Savings (truncated)...]
2026-06-02T22:44:42.856+02:00 DEBUG 14904 --- [personal-finance-tracker] [nio-8080-exec-1] o.s.web.servlet.DispatcherServlet        : Completed 200 OK
2026-06-02T22:44:42.860+02:00 DEBUG 14904 --- [personal-finance-tracker] [nio-8080-exec-9] org.hibernate.SQL                        : 
    select
        c1_0.id,
        c1_0.created_at,
        c1_0.description,
        c1_0.name,
        c1_0.type,
        c1_0.updated_at,
        c1_0.user_id 
    from
        category c1_0 
    where
        c1_0.id=?
Hibernate: 
    select
        c1_0.id,
        c1_0.created_at,
        c1_0.description,
        c1_0.name,
        c1_0.type,
        c1_0.updated_at,
        c1_0.user_id 
    from
        category c1_0 
    where
        c1_0.id=?
2026-06-02T22:44:42.909+02:00 DEBUG 14904 --- [personal-finance-tracker] [nio-8080-exec-9] org.hibernate.SQL                        : 
    select
        c1_0.id,
        c1_0.created_at,
        c1_0.description,
        c1_0.name,
        c1_0.type,
        c1_0.updated_at,
        c1_0.user_id 
    from
        category c1_0 
    where
        c1_0.id=?
Hibernate: 
    select
        c1_0.id,
        c1_0.created_at,
        c1_0.description,
        c1_0.name,
        c1_0.type,
        c1_0.updated_at,
        c1_0.user_id 
    from
        category c1_0 
    where
        c1_0.id=?
2026-06-02T22:44:42.958+02:00 DEBUG 14904 --- [personal-finance-tracker] [nio-8080-exec-9] o.s.w.s.m.m.a.HttpEntityMethodProcessor  : Using 'application/json', given [application/json, text/plain, */*] and supported [application/json, application/*+json, application/yaml]
2026-06-02T22:44:42.959+02:00 DEBUG 14904 --- [personal-finance-tracker] [nio-8080-exec-9] o.s.w.s.m.m.a.HttpEntityMethodProcessor  : Writing [[com.dauphine.pft.dto.responses.TransactionResponse@3f045a4b, com.dauphine.pft.dto.responses.Transac (truncated)...]
2026-06-02T22:44:42.961+02:00 DEBUG 14904 --- [personal-finance-tracker] [nio-8080-exec-9] o.s.web.servlet.DispatcherServlet        : Completed 200 OK
2026-06-02T22:45:56.880+02:00 DEBUG 14904 --- [personal-finance-tracker] [nio-8080-exec-6] o.s.web.servlet.DispatcherServlet        : GET "/v1/transactions", parameters={}
2026-06-02T22:45:56.880+02:00 DEBUG 14904 --- [personal-finance-tracker] [nio-8080-exec-7] o.s.web.servlet.DispatcherServlet        : GET "/v1/savings-goals", parameters={}
2026-06-02T22:45:56.880+02:00 DEBUG 14904 --- [personal-finance-tracker] [nio-8080-exec-6] s.w.s.m.m.a.RequestMappingHandlerMapping : Mapped to com.dauphine.pft.controllers.TransactionController#getAll(TransactionType, UUID, String, LocalDate, LocalDate, BigDecimal, BigDecimal, String)
2026-06-02T22:45:56.880+02:00 DEBUG 14904 --- [personal-finance-tracker] [nio-8080-exec-1] o.s.web.servlet.DispatcherServlet        : GET "/v1/categories", parameters={}
2026-06-02T22:45:56.880+02:00 DEBUG 14904 --- [personal-finance-tracker] [nio-8080-exec-7] s.w.s.m.m.a.RequestMappingHandlerMapping : Mapped to com.dauphine.pft.controllers.SavingsGoalController#getAll(SavingsGoalStatus, String, BigDecimal, BigDecimal, LocalDate, LocalDate)
2026-06-02T22:45:56.881+02:00 DEBUG 14904 --- [personal-finance-tracker] [nio-8080-exec-1] s.w.s.m.m.a.RequestMappingHandlerMapping : Mapped to com.dauphine.pft.controllers.CategoryController#getAll(String, CategoryType)
2026-06-02T22:45:56.947+02:00 DEBUG 14904 --- [personal-finance-tracker] [nio-8080-exec-6] org.hibernate.SQL                        : 
    select
        t1_0.id,
        t1_0.amount,
        t1_0.category_id,
        t1_0.created_at,
        t1_0.description,
        t1_0.title,
        t1_0.transaction_date,
        t1_0.type,
        t1_0.updated_at,
        t1_0.user_id 
    from
        finance_transaction t1_0 
    where
        t1_0.user_id=? 
    order by
        t1_0.transaction_date desc
Hibernate: 
    select
        t1_0.id,
        t1_0.amount,
        t1_0.category_id,
        t1_0.created_at,
        t1_0.description,
        t1_0.title,
        t1_0.transaction_date,
        t1_0.type,
        t1_0.updated_at,
        t1_0.user_id 
    from
        finance_transaction t1_0 
    where
        t1_0.user_id=? 
    order by
        t1_0.transaction_date desc
2026-06-02T22:45:56.993+02:00 DEBUG 14904 --- [personal-finance-tracker] [nio-8080-exec-6] org.hibernate.SQL                        : 
    select
        c1_0.id,
        c1_0.created_at,
        c1_0.description,
        c1_0.name,
        c1_0.type,
        c1_0.updated_at,
        c1_0.user_id 
    from
        category c1_0 
    where
        c1_0.id=?
Hibernate: 
    select
        c1_0.id,
        c1_0.created_at,
        c1_0.description,
        c1_0.name,
        c1_0.type,
        c1_0.updated_at,
        c1_0.user_id 
    from
        category c1_0 
    where
        c1_0.id=?
2026-06-02T22:45:57.041+02:00 DEBUG 14904 --- [personal-finance-tracker] [nio-8080-exec-6] org.hibernate.SQL                        : 
    select
        c1_0.id,
        c1_0.created_at,
        c1_0.description,
        c1_0.name,
        c1_0.type,
        c1_0.updated_at,
        c1_0.user_id 
    from
        category c1_0 
    where
        c1_0.id=?
Hibernate: 
    select
        c1_0.id,
        c1_0.created_at,
        c1_0.description,
        c1_0.name,
        c1_0.type,
        c1_0.updated_at,
        c1_0.user_id 
    from
        category c1_0 
    where
        c1_0.id=?
2026-06-02T22:45:57.088+02:00 DEBUG 14904 --- [personal-finance-tracker] [nio-8080-exec-6] org.hibernate.SQL                        : 
    select
        c1_0.id,
        c1_0.created_at,
        c1_0.description,
        c1_0.name,
        c1_0.type,
        c1_0.updated_at,
        c1_0.user_id 
    from
        category c1_0 
    where
        c1_0.id=?
Hibernate: 
    select
        c1_0.id,
        c1_0.created_at,
        c1_0.description,
        c1_0.name,
        c1_0.type,
        c1_0.updated_at,
        c1_0.user_id 
    from
        category c1_0 
    where
        c1_0.id=?
2026-06-02T22:45:57.137+02:00 DEBUG 14904 --- [personal-finance-tracker] [nio-8080-exec-6] org.hibernate.SQL                        : 
    select
        c1_0.id,
        c1_0.created_at,
        c1_0.description,
        c1_0.name,
        c1_0.type,
        c1_0.updated_at,
        c1_0.user_id 
    from
        category c1_0 
    where
        c1_0.id=?
Hibernate: 
    select
        c1_0.id,
        c1_0.created_at,
        c1_0.description,
        c1_0.name,
        c1_0.type,
        c1_0.updated_at,
        c1_0.user_id 
    from
        category c1_0 
    where
        c1_0.id=?
2026-06-02T22:45:57.190+02:00 DEBUG 14904 --- [personal-finance-tracker] [nio-8080-exec-6] o.s.w.s.m.m.a.HttpEntityMethodProcessor  : Using 'application/json', given [application/json, text/plain, */*] and supported [application/json, application/*+json, application/yaml]
2026-06-02T22:45:57.190+02:00 DEBUG 14904 --- [personal-finance-tracker] [nio-8080-exec-6] o.s.w.s.m.m.a.HttpEntityMethodProcessor  : Writing [[com.dauphine.pft.dto.responses.TransactionResponse@83e3e39, com.dauphine.pft.dto.responses.Transact (truncated)...]
2026-06-02T22:45:57.191+02:00 DEBUG 14904 --- [personal-finance-tracker] [nio-8080-exec-6] o.s.web.servlet.DispatcherServlet        : Completed 200 OK
2026-06-02T22:45:57.192+02:00 DEBUG 14904 --- [personal-finance-tracker] [nio-8080-exec-7] org.hibernate.SQL                        : 
    select
        sg1_0.id,
        sg1_0.created_at,
        sg1_0.current_amount,
        sg1_0.deadline,
        sg1_0.description,
        sg1_0.name,
        sg1_0.status,
        sg1_0.target_amount,
        sg1_0.updated_at,
        sg1_0.user_id 
    from
        savings_goal sg1_0 
    where
        sg1_0.user_id=? 
        and sg1_0.status='IN_PROGRESS' 
        and sg1_0.deadline<?
Hibernate: 
    select
        sg1_0.id,
        sg1_0.created_at,
        sg1_0.current_amount,
        sg1_0.deadline,
        sg1_0.description,
        sg1_0.name,
        sg1_0.status,
        sg1_0.target_amount,
        sg1_0.updated_at,
        sg1_0.user_id 
    from
        savings_goal sg1_0 
    where
        sg1_0.user_id=? 
        and sg1_0.status='IN_PROGRESS' 
        and sg1_0.deadline<?
2026-06-02T22:45:57.199+02:00 DEBUG 14904 --- [personal-finance-tracker] [nio-8080-exec-1] org.hibernate.SQL                        : 
    select
        c1_0.id,
        c1_0.created_at,
        c1_0.description,
        c1_0.name,
        c1_0.type,
        c1_0.updated_at,
        c1_0.user_id 
    from
        category c1_0 
    where
        c1_0.user_id=?
Hibernate: 
    select
        c1_0.id,
        c1_0.created_at,
        c1_0.description,
        c1_0.name,
        c1_0.type,
        c1_0.updated_at,
        c1_0.user_id 
    from
        category c1_0 
    where
        c1_0.user_id=?
2026-06-02T22:45:57.243+02:00 DEBUG 14904 --- [personal-finance-tracker] [nio-8080-exec-7] org.hibernate.SQL                        : 
    select
        sg1_0.id,
        sg1_0.created_at,
        sg1_0.current_amount,
        sg1_0.deadline,
        sg1_0.description,
        sg1_0.name,
        sg1_0.status,
        sg1_0.target_amount,
        sg1_0.updated_at,
        sg1_0.user_id 
    from
        savings_goal sg1_0 
    where
        sg1_0.user_id=?
Hibernate: 
    select
        sg1_0.id,
        sg1_0.created_at,
        sg1_0.current_amount,
        sg1_0.deadline,
        sg1_0.description,
        sg1_0.name,
        sg1_0.status,
        sg1_0.target_amount,
        sg1_0.updated_at,
        sg1_0.user_id 
    from
        savings_goal sg1_0 
    where
        sg1_0.user_id=?
2026-06-02T22:45:57.245+02:00 DEBUG 14904 --- [personal-finance-tracker] [nio-8080-exec-1] o.s.w.s.m.m.a.HttpEntityMethodProcessor  : Using 'application/json', given [application/json, text/plain, */*] and supported [application/json, application/*+json, application/yaml]
2026-06-02T22:45:57.246+02:00 DEBUG 14904 --- [personal-finance-tracker] [nio-8080-exec-1] o.s.w.s.m.m.a.HttpEntityMethodProcessor  : Writing [[com.dauphine.pft.dto.responses.CategoryResponse@181ceef6, com.dauphine.pft.dto.responses.CategoryRe (truncated)...]
2026-06-02T22:45:57.247+02:00 DEBUG 14904 --- [personal-finance-tracker] [nio-8080-exec-1] o.s.web.servlet.DispatcherServlet        : Completed 200 OK
2026-06-02T22:45:57.290+02:00 DEBUG 14904 --- [personal-finance-tracker] [nio-8080-exec-7] o.s.w.s.m.m.a.HttpEntityMethodProcessor  : Using 'application/json', given [application/json, text/plain, */*] and supported [application/json, application/*+json, application/yaml]
2026-06-02T22:45:57.297+02:00 DEBUG 14904 --- [personal-finance-tracker] [nio-8080-exec-7] o.s.w.s.m.m.a.HttpEntityMethodProcessor  : Writing [[com.dauphine.pft.dto.responses.SavingsGoalResponse@1b3197e4, com.dauphine.pft.dto.responses.Savings (truncated)...]
2026-06-02T22:45:57.298+02:00 DEBUG 14904 --- [personal-finance-tracker] [nio-8080-exec-7] o.s.web.servlet.DispatcherServlet        : Completed 200 OK
2026-06-02T22:46:38.667+02:00 DEBUG 14904 --- [personal-finance-tracker] [io-8080-exec-10] o.s.web.servlet.DispatcherServlet        : GET "/v1/categories", parameters={}
2026-06-02T22:46:38.667+02:00 DEBUG 14904 --- [personal-finance-tracker] [nio-8080-exec-8] o.s.web.servlet.DispatcherServlet        : GET "/v1/budgets", parameters={}
2026-06-02T22:46:38.667+02:00 DEBUG 14904 --- [personal-finance-tracker] [nio-8080-exec-4] o.s.web.servlet.DispatcherServlet        : GET "/v1/categories", parameters={}
2026-06-02T22:46:38.668+02:00 DEBUG 14904 --- [personal-finance-tracker] [io-8080-exec-10] s.w.s.m.m.a.RequestMappingHandlerMapping : Mapped to com.dauphine.pft.controllers.CategoryController#getAll(String, CategoryType)
2026-06-02T22:46:38.668+02:00 DEBUG 14904 --- [personal-finance-tracker] [nio-8080-exec-8] s.w.s.m.m.a.RequestMappingHandlerMapping : Mapped to com.dauphine.pft.controllers.BudgetController#getAll()
2026-06-02T22:46:38.668+02:00 DEBUG 14904 --- [personal-finance-tracker] [nio-8080-exec-4] s.w.s.m.m.a.RequestMappingHandlerMapping : Mapped to com.dauphine.pft.controllers.CategoryController#getAll(String, CategoryType)
2026-06-02T22:46:38.759+02:00 DEBUG 14904 --- [personal-finance-tracker] [nio-8080-exec-8] org.hibernate.SQL                        : 
    select
        b1_0.id,
        b1_0.category_id,
        b1_0.created_at,
        b1_0.monthly_cap,
        b1_0.period,
        b1_0.updated_at,
        b1_0.user_id 
    from
        budget b1_0 
    where
        b1_0.user_id=?
Hibernate: 
    select
        b1_0.id,
        b1_0.category_id,
        b1_0.created_at,
        b1_0.monthly_cap,
        b1_0.period,
        b1_0.updated_at,
        b1_0.user_id 
    from
        budget b1_0 
    where
        b1_0.user_id=?
2026-06-02T22:46:38.812+02:00 DEBUG 14904 --- [personal-finance-tracker] [nio-8080-exec-8] org.hibernate.SQL                        : 
    select
        coalesce(sum(t1_0.amount), 0) 
    from
        finance_transaction t1_0 
    where
        t1_0.user_id=? 
        and t1_0.category_id=? 
        and t1_0.type='EXPENSE' 
        and t1_0.transaction_date>=? 
        and t1_0.transaction_date<=?
Hibernate: 
    select
        coalesce(sum(t1_0.amount), 0) 
    from
        finance_transaction t1_0 
    where
        t1_0.user_id=? 
        and t1_0.category_id=? 
        and t1_0.type='EXPENSE' 
        and t1_0.transaction_date>=? 
        and t1_0.transaction_date<=?
2026-06-02T22:46:38.860+02:00 DEBUG 14904 --- [personal-finance-tracker] [nio-8080-exec-8] org.hibernate.SQL                        : 
    select
        c1_0.id,
        c1_0.created_at,
        c1_0.description,
        c1_0.name,
        c1_0.type,
        c1_0.updated_at,
        c1_0.user_id 
    from
        category c1_0 
    where
        c1_0.id=?
Hibernate: 
    select
        c1_0.id,
        c1_0.created_at,
        c1_0.description,
        c1_0.name,
        c1_0.type,
        c1_0.updated_at,
        c1_0.user_id 
    from
        category c1_0 
    where
        c1_0.id=?
2026-06-02T22:46:38.916+02:00 DEBUG 14904 --- [personal-finance-tracker] [nio-8080-exec-8] org.hibernate.SQL                        : 
    select
        coalesce(sum(t1_0.amount), 0) 
    from
        finance_transaction t1_0 
    where
        t1_0.user_id=? 
        and t1_0.category_id=? 
        and t1_0.type='EXPENSE' 
        and t1_0.transaction_date>=? 
        and t1_0.transaction_date<=?
Hibernate: 
    select
        coalesce(sum(t1_0.amount), 0) 
    from
        finance_transaction t1_0 
    where
        t1_0.user_id=? 
        and t1_0.category_id=? 
        and t1_0.type='EXPENSE' 
        and t1_0.transaction_date>=? 
        and t1_0.transaction_date<=?
2026-06-02T22:46:38.965+02:00 DEBUG 14904 --- [personal-finance-tracker] [nio-8080-exec-8] org.hibernate.SQL                        : 
    select
        c1_0.id,
        c1_0.created_at,
        c1_0.description,
        c1_0.name,
        c1_0.type,
        c1_0.updated_at,
        c1_0.user_id 
    from
        category c1_0 
    where
        c1_0.id=?
Hibernate: 
    select
        c1_0.id,
        c1_0.created_at,
        c1_0.description,
        c1_0.name,
        c1_0.type,
        c1_0.updated_at,
        c1_0.user_id 
    from
        category c1_0 
    where
        c1_0.id=?
2026-06-02T22:46:39.010+02:00 DEBUG 14904 --- [personal-finance-tracker] [nio-8080-exec-8] o.s.w.s.m.m.a.HttpEntityMethodProcessor  : Using 'application/json', given [application/json, text/plain, */*] and supported [application/json, application/*+json, application/yaml]
2026-06-02T22:46:39.011+02:00 DEBUG 14904 --- [personal-finance-tracker] [nio-8080-exec-8] o.s.w.s.m.m.a.HttpEntityMethodProcessor  : Writing [[com.dauphine.pft.dto.responses.BudgetUsageResponse@1b13433d, com.dauphine.pft.dto.responses.BudgetU (truncated)...]
2026-06-02T22:46:39.012+02:00 DEBUG 14904 --- [personal-finance-tracker] [nio-8080-exec-8] o.s.web.servlet.DispatcherServlet        : Completed 200 OK
2026-06-02T22:46:39.012+02:00 DEBUG 14904 --- [personal-finance-tracker] [io-8080-exec-10] org.hibernate.SQL                        : 
    select
        c1_0.id,
        c1_0.created_at,
        c1_0.description,
        c1_0.name,
        c1_0.type,
        c1_0.updated_at,
        c1_0.user_id 
    from
        category c1_0 
    where
        c1_0.user_id=?
Hibernate: 
    select
        c1_0.id,
        c1_0.created_at,
        c1_0.description,
        c1_0.name,
        c1_0.type,
        c1_0.updated_at,
        c1_0.user_id 
    from
        category c1_0 
    where
        c1_0.user_id=?
2026-06-02T22:46:39.074+02:00 DEBUG 14904 --- [personal-finance-tracker] [io-8080-exec-10] o.s.w.s.m.m.a.HttpEntityMethodProcessor  : Using 'application/json', given [application/json, text/plain, */*] and supported [application/json, application/*+json, application/yaml]
2026-06-02T22:46:39.080+02:00 DEBUG 14904 --- [personal-finance-tracker] [io-8080-exec-10] o.s.w.s.m.m.a.HttpEntityMethodProcessor  : Writing [[com.dauphine.pft.dto.responses.CategoryResponse@71ac5496, com.dauphine.pft.dto.responses.CategoryRe (truncated)...]
2026-06-02T22:46:39.081+02:00 DEBUG 14904 --- [personal-finance-tracker] [io-8080-exec-10] o.s.web.servlet.DispatcherServlet        : Completed 200 OK
2026-06-02T22:46:39.082+02:00 DEBUG 14904 --- [personal-finance-tracker] [nio-8080-exec-4] org.hibernate.SQL                        : 
    select
        c1_0.id,
        c1_0.created_at,
        c1_0.description,
        c1_0.name,
        c1_0.type,
        c1_0.updated_at,
        c1_0.user_id 
    from
        category c1_0 
    where
        c1_0.user_id=?
Hibernate: 
    select
        c1_0.id,
        c1_0.created_at,
        c1_0.description,
        c1_0.name,
        c1_0.type,
        c1_0.updated_at,
        c1_0.user_id 
    from
        category c1_0 
    where
        c1_0.user_id=?
2026-06-02T22:46:39.129+02:00 DEBUG 14904 --- [personal-finance-tracker] [nio-8080-exec-4] o.s.w.s.m.m.a.HttpEntityMethodProcessor  : Using 'application/json', given [application/json, text/plain, */*] and supported [application/json, application/*+json, application/yaml]
2026-06-02T22:46:39.130+02:00 DEBUG 14904 --- [personal-finance-tracker] [nio-8080-exec-4] o.s.w.s.m.m.a.HttpEntityMethodProcessor  : Writing [[com.dauphine.pft.dto.responses.CategoryResponse@399700eb, com.dauphine.pft.dto.responses.CategoryRe (truncated)...]
2026-06-02T22:46:39.130+02:00 DEBUG 14904 --- [personal-finance-tracker] [nio-8080-exec-4] o.s.web.servlet.DispatcherServlet        : Completed 200 OK
2026-06-02T22:46:56.695+02:00 DEBUG 14904 --- [personal-finance-tracker] [nio-8080-exec-6] o.s.web.servlet.DispatcherServlet        : GET "/v1/savings-goals", parameters={}
2026-06-02T22:46:56.695+02:00 DEBUG 14904 --- [personal-finance-tracker] [nio-8080-exec-6] s.w.s.m.m.a.RequestMappingHandlerMapping : Mapped to com.dauphine.pft.controllers.SavingsGoalController#getAll(SavingsGoalStatus, String, BigDecimal, BigDecimal, LocalDate, LocalDate)
2026-06-02T22:46:56.789+02:00 DEBUG 14904 --- [personal-finance-tracker] [nio-8080-exec-6] org.hibernate.SQL                        : 
    select
        sg1_0.id,
        sg1_0.created_at,
        sg1_0.current_amount,
        sg1_0.deadline,
        sg1_0.description,
        sg1_0.name,
        sg1_0.status,
        sg1_0.target_amount,
        sg1_0.updated_at,
        sg1_0.user_id 
    from
        savings_goal sg1_0 
    where
        sg1_0.user_id=? 
        and sg1_0.status='IN_PROGRESS' 
        and sg1_0.deadline<?
Hibernate: 
    select
        sg1_0.id,
        sg1_0.created_at,
        sg1_0.current_amount,
        sg1_0.deadline,
        sg1_0.description,
        sg1_0.name,
        sg1_0.status,
        sg1_0.target_amount,
        sg1_0.updated_at,
        sg1_0.user_id 
    from
        savings_goal sg1_0 
    where
        sg1_0.user_id=? 
        and sg1_0.status='IN_PROGRESS' 
        and sg1_0.deadline<?
2026-06-02T22:46:56.837+02:00 DEBUG 14904 --- [personal-finance-tracker] [nio-8080-exec-6] org.hibernate.SQL                        : 
    select
        sg1_0.id,
        sg1_0.created_at,
        sg1_0.current_amount,
        sg1_0.deadline,
        sg1_0.description,
        sg1_0.name,
        sg1_0.status,
        sg1_0.target_amount,
        sg1_0.updated_at,
        sg1_0.user_id 
    from
        savings_goal sg1_0 
    where
        sg1_0.user_id=?
Hibernate: 
    select
        sg1_0.id,
        sg1_0.created_at,
        sg1_0.current_amount,
        sg1_0.deadline,
        sg1_0.description,
        sg1_0.name,
        sg1_0.status,
        sg1_0.target_amount,
        sg1_0.updated_at,
        sg1_0.user_id 
    from
        savings_goal sg1_0 
    where
        sg1_0.user_id=?
2026-06-02T22:46:56.885+02:00 DEBUG 14904 --- [personal-finance-tracker] [nio-8080-exec-6] o.s.w.s.m.m.a.HttpEntityMethodProcessor  : Using 'application/json', given [application/json, text/plain, */*] and supported [application/json, application/*+json, application/yaml]
2026-06-02T22:46:56.885+02:00 DEBUG 14904 --- [personal-finance-tracker] [nio-8080-exec-6] o.s.w.s.m.m.a.HttpEntityMethodProcessor  : Writing [[com.dauphine.pft.dto.responses.SavingsGoalResponse@240ef10, com.dauphine.pft.dto.responses.SavingsG (truncated)...]
2026-06-02T22:46:56.886+02:00 DEBUG 14904 --- [personal-finance-tracker] [nio-8080-exec-6] o.s.web.servlet.DispatcherServlet        : Completed 200 OK
2026-06-02T22:46:58.259+02:00 DEBUG 14904 --- [personal-finance-tracker] [nio-8080-exec-7] o.s.web.servlet.DispatcherServlet        : GET "/v1/categories", parameters={}
2026-06-02T22:46:58.259+02:00 DEBUG 14904 --- [personal-finance-tracker] [nio-8080-exec-7] s.w.s.m.m.a.RequestMappingHandlerMapping : Mapped to com.dauphine.pft.controllers.CategoryController#getAll(String, CategoryType)
2026-06-02T22:46:58.339+02:00 DEBUG 14904 --- [personal-finance-tracker] [nio-8080-exec-7] org.hibernate.SQL                        : 
    select
        c1_0.id,
        c1_0.created_at,
        c1_0.description,
        c1_0.name,
        c1_0.type,
        c1_0.updated_at,
        c1_0.user_id 
    from
        category c1_0 
    where
        c1_0.user_id=?
Hibernate: 
    select
        c1_0.id,
        c1_0.created_at,
        c1_0.description,
        c1_0.name,
        c1_0.type,
        c1_0.updated_at,
        c1_0.user_id 
    from
        category c1_0 
    where
        c1_0.user_id=?
2026-06-02T22:46:58.399+02:00 DEBUG 14904 --- [personal-finance-tracker] [nio-8080-exec-7] o.s.w.s.m.m.a.HttpEntityMethodProcessor  : Using 'application/json', given [application/json, text/plain, */*] and supported [application/json, application/*+json, application/yaml]
2026-06-02T22:46:58.400+02:00 DEBUG 14904 --- [personal-finance-tracker] [nio-8080-exec-7] o.s.w.s.m.m.a.HttpEntityMethodProcessor  : Writing [[com.dauphine.pft.dto.responses.CategoryResponse@62bf0c37, com.dauphine.pft.dto.responses.CategoryRe (truncated)...]
2026-06-02T22:46:58.401+02:00 DEBUG 14904 --- [personal-finance-tracker] [nio-8080-exec-7] o.s.web.servlet.DispatcherServlet        : Completed 200 OK
2026-06-02T22:47:02.023+02:00 DEBUG 14904 --- [personal-finance-tracker] [nio-8080-exec-9] o.s.web.servlet.DispatcherServlet        : GET "/v1/categories", parameters={}
2026-06-02T22:47:02.024+02:00 DEBUG 14904 --- [personal-finance-tracker] [nio-8080-exec-9] s.w.s.m.m.a.RequestMappingHandlerMapping : Mapped to com.dauphine.pft.controllers.CategoryController#getAll(String, CategoryType)
2026-06-02T22:47:02.026+02:00 DEBUG 14904 --- [personal-finance-tracker] [nio-8080-exec-8] o.s.web.servlet.DispatcherServlet        : GET "/v1/transactions", parameters={}
2026-06-02T22:47:02.027+02:00 DEBUG 14904 --- [personal-finance-tracker] [io-8080-exec-10] o.s.web.servlet.DispatcherServlet        : GET "/v1/savings-goals", parameters={}
2026-06-02T22:47:02.028+02:00 DEBUG 14904 --- [personal-finance-tracker] [nio-8080-exec-8] s.w.s.m.m.a.RequestMappingHandlerMapping : Mapped to com.dauphine.pft.controllers.TransactionController#getAll(TransactionType, UUID, String, LocalDate, LocalDate, BigDecimal, BigDecimal, String)
2026-06-02T22:47:02.028+02:00 DEBUG 14904 --- [personal-finance-tracker] [io-8080-exec-10] s.w.s.m.m.a.RequestMappingHandlerMapping : Mapped to com.dauphine.pft.controllers.SavingsGoalController#getAll(SavingsGoalStatus, String, BigDecimal, BigDecimal, LocalDate, LocalDate)
2026-06-02T22:47:02.123+02:00 DEBUG 14904 --- [personal-finance-tracker] [nio-8080-exec-9] org.hibernate.SQL                        : 
    select
        c1_0.id,
        c1_0.created_at,
        c1_0.description,
        c1_0.name,
        c1_0.type,
        c1_0.updated_at,
        c1_0.user_id 
    from
        category c1_0 
    where
        c1_0.user_id=?
Hibernate: 
    select
        c1_0.id,
        c1_0.created_at,
        c1_0.description,
        c1_0.name,
        c1_0.type,
        c1_0.updated_at,
        c1_0.user_id 
    from
        category c1_0 
    where
        c1_0.user_id=?
2026-06-02T22:47:02.169+02:00 DEBUG 14904 --- [personal-finance-tracker] [nio-8080-exec-9] o.s.w.s.m.m.a.HttpEntityMethodProcessor  : Using 'application/json', given [application/json, text/plain, */*] and supported [application/json, application/*+json, application/yaml]
2026-06-02T22:47:02.171+02:00 DEBUG 14904 --- [personal-finance-tracker] [nio-8080-exec-9] o.s.w.s.m.m.a.HttpEntityMethodProcessor  : Writing [[com.dauphine.pft.dto.responses.CategoryResponse@ee86154, com.dauphine.pft.dto.responses.CategoryRes (truncated)...]
2026-06-02T22:47:02.173+02:00 DEBUG 14904 --- [personal-finance-tracker] [nio-8080-exec-9] o.s.web.servlet.DispatcherServlet        : Completed 200 OK
2026-06-02T22:47:02.173+02:00 DEBUG 14904 --- [personal-finance-tracker] [nio-8080-exec-8] org.hibernate.SQL                        : 
    select
        t1_0.id,
        t1_0.amount,
        t1_0.category_id,
        t1_0.created_at,
        t1_0.description,
        t1_0.title,
        t1_0.transaction_date,
        t1_0.type,
        t1_0.updated_at,
        t1_0.user_id 
    from
        finance_transaction t1_0 
    where
        t1_0.user_id=? 
    order by
        t1_0.transaction_date desc
Hibernate: 
    select
        t1_0.id,
        t1_0.amount,
        t1_0.category_id,
        t1_0.created_at,
        t1_0.description,
        t1_0.title,
        t1_0.transaction_date,
        t1_0.type,
        t1_0.updated_at,
        t1_0.user_id 
    from
        finance_transaction t1_0 
    where
        t1_0.user_id=? 
    order by
        t1_0.transaction_date desc
2026-06-02T22:47:02.225+02:00 DEBUG 14904 --- [personal-finance-tracker] [nio-8080-exec-8] org.hibernate.SQL                        : 
    select
        c1_0.id,
        c1_0.created_at,
        c1_0.description,
        c1_0.name,
        c1_0.type,
        c1_0.updated_at,
        c1_0.user_id 
    from
        category c1_0 
    where
        c1_0.id=?
Hibernate: 
    select
        c1_0.id,
        c1_0.created_at,
        c1_0.description,
        c1_0.name,
        c1_0.type,
        c1_0.updated_at,
        c1_0.user_id 
    from
        category c1_0 
    where
        c1_0.id=?
2026-06-02T22:47:02.272+02:00 DEBUG 14904 --- [personal-finance-tracker] [nio-8080-exec-8] org.hibernate.SQL                        : 
    select
        c1_0.id,
        c1_0.created_at,
        c1_0.description,
        c1_0.name,
        c1_0.type,
        c1_0.updated_at,
        c1_0.user_id 
    from
        category c1_0 
    where
        c1_0.id=?
Hibernate: 
    select
        c1_0.id,
        c1_0.created_at,
        c1_0.description,
        c1_0.name,
        c1_0.type,
        c1_0.updated_at,
        c1_0.user_id 
    from
        category c1_0 
    where
        c1_0.id=?
2026-06-02T22:47:02.322+02:00 DEBUG 14904 --- [personal-finance-tracker] [nio-8080-exec-8] org.hibernate.SQL                        : 
    select
        c1_0.id,
        c1_0.created_at,
        c1_0.description,
        c1_0.name,
        c1_0.type,
        c1_0.updated_at,
        c1_0.user_id 
    from
        category c1_0 
    where
        c1_0.id=?
Hibernate: 
    select
        c1_0.id,
        c1_0.created_at,
        c1_0.description,
        c1_0.name,
        c1_0.type,
        c1_0.updated_at,
        c1_0.user_id 
    from
        category c1_0 
    where
        c1_0.id=?
2026-06-02T22:47:02.356+02:00 DEBUG 14904 --- [personal-finance-tracker] [nio-8080-exec-8] org.hibernate.SQL                        : 
    select
        c1_0.id,
        c1_0.created_at,
        c1_0.description,
        c1_0.name,
        c1_0.type,
        c1_0.updated_at,
        c1_0.user_id 
    from
        category c1_0 
    where
        c1_0.id=?
Hibernate: 
    select
        c1_0.id,
        c1_0.created_at,
        c1_0.description,
        c1_0.name,
        c1_0.type,
        c1_0.updated_at,
        c1_0.user_id 
    from
        category c1_0 
    where
        c1_0.id=?
2026-06-02T22:47:02.386+02:00 DEBUG 14904 --- [personal-finance-tracker] [io-8080-exec-10] org.hibernate.SQL                        : 
    select
        sg1_0.id,
        sg1_0.created_at,
        sg1_0.current_amount,
        sg1_0.deadline,
        sg1_0.description,
        sg1_0.name,
        sg1_0.status,
        sg1_0.target_amount,
        sg1_0.updated_at,
        sg1_0.user_id 
    from
        savings_goal sg1_0 
    where
        sg1_0.user_id=? 
        and sg1_0.status='IN_PROGRESS' 
        and sg1_0.deadline<?
Hibernate: 
    select
        sg1_0.id,
        sg1_0.created_at,
        sg1_0.current_amount,
        sg1_0.deadline,
        sg1_0.description,
        sg1_0.name,
        sg1_0.status,
        sg1_0.target_amount,
        sg1_0.updated_at,
        sg1_0.user_id 
    from
        savings_goal sg1_0 
    where
        sg1_0.user_id=? 
        and sg1_0.status='IN_PROGRESS' 
        and sg1_0.deadline<?
2026-06-02T22:47:02.425+02:00 DEBUG 14904 --- [personal-finance-tracker] [nio-8080-exec-8] o.s.w.s.m.m.a.HttpEntityMethodProcessor  : Using 'application/json', given [application/json, text/plain, */*] and supported [application/json, application/*+json, application/yaml]
2026-06-02T22:47:02.425+02:00 DEBUG 14904 --- [personal-finance-tracker] [nio-8080-exec-8] o.s.w.s.m.m.a.HttpEntityMethodProcessor  : Writing [[com.dauphine.pft.dto.responses.TransactionResponse@39196d5c, com.dauphine.pft.dto.responses.Transac (truncated)...]
2026-06-02T22:47:02.429+02:00 DEBUG 14904 --- [personal-finance-tracker] [nio-8080-exec-8] o.s.web.servlet.DispatcherServlet        : Completed 200 OK
2026-06-02T22:47:02.440+02:00 DEBUG 14904 --- [personal-finance-tracker] [io-8080-exec-10] org.hibernate.SQL                        : 
    select
        sg1_0.id,
        sg1_0.created_at,
        sg1_0.current_amount,
        sg1_0.deadline,
        sg1_0.description,
        sg1_0.name,
        sg1_0.status,
        sg1_0.target_amount,
        sg1_0.updated_at,
        sg1_0.user_id 
    from
        savings_goal sg1_0 
    where
        sg1_0.user_id=?
Hibernate: 
    select
        sg1_0.id,
        sg1_0.created_at,
        sg1_0.current_amount,
        sg1_0.deadline,
        sg1_0.description,
        sg1_0.name,
        sg1_0.status,
        sg1_0.target_amount,
        sg1_0.updated_at,
        sg1_0.user_id 
    from
        savings_goal sg1_0 
    where
        sg1_0.user_id=?
2026-06-02T22:47:02.492+02:00 DEBUG 14904 --- [personal-finance-tracker] [io-8080-exec-10] o.s.w.s.m.m.a.HttpEntityMethodProcessor  : Using 'application/json', given [application/json, text/plain, */*] and supported [application/json, application/*+json, application/yaml]
2026-06-02T22:47:02.493+02:00 DEBUG 14904 --- [personal-finance-tracker] [io-8080-exec-10] o.s.w.s.m.m.a.HttpEntityMethodProcessor  : Writing [[com.dauphine.pft.dto.responses.SavingsGoalResponse@1b6e375c, com.dauphine.pft.dto.responses.Savings (truncated)...]
2026-06-02T22:47:02.496+02:00 DEBUG 14904 --- [personal-finance-tracker] [io-8080-exec-10] o.s.web.servlet.DispatcherServlet        : Completed 200 OK
2026-06-02T22:47:05.758+02:00 DEBUG 14904 --- [personal-finance-tracker] [nio-8080-exec-4] o.s.web.servlet.DispatcherServlet        : GET "/v1/transactions", parameters={}
2026-06-02T22:47:05.759+02:00 DEBUG 14904 --- [personal-finance-tracker] [nio-8080-exec-4] s.w.s.m.m.a.RequestMappingHandlerMapping : Mapped to com.dauphine.pft.controllers.TransactionController#getAll(TransactionType, UUID, String, LocalDate, LocalDate, BigDecimal, BigDecimal, String)
2026-06-02T22:47:05.765+02:00 DEBUG 14904 --- [personal-finance-tracker] [nio-8080-exec-6] o.s.web.servlet.DispatcherServlet        : GET "/v1/categories", parameters={}
2026-06-02T22:47:05.766+02:00 DEBUG 14904 --- [personal-finance-tracker] [nio-8080-exec-6] s.w.s.m.m.a.RequestMappingHandlerMapping : Mapped to com.dauphine.pft.controllers.CategoryController#getAll(String, CategoryType)
2026-06-02T22:47:05.852+02:00 DEBUG 14904 --- [personal-finance-tracker] [nio-8080-exec-6] org.hibernate.SQL                        : 
    select
        c1_0.id,
        c1_0.created_at,
        c1_0.description,
        c1_0.name,
        c1_0.type,
        c1_0.updated_at,
        c1_0.user_id 
    from
        category c1_0 
    where
        c1_0.user_id=?
Hibernate: 
    select
        c1_0.id,
        c1_0.created_at,
        c1_0.description,
        c1_0.name,
        c1_0.type,
        c1_0.updated_at,
        c1_0.user_id 
    from
        category c1_0 
    where
        c1_0.user_id=?
2026-06-02T22:47:05.852+02:00 DEBUG 14904 --- [personal-finance-tracker] [nio-8080-exec-4] org.hibernate.SQL                        : 
    select
        t1_0.id,
        t1_0.amount,
        t1_0.category_id,
        t1_0.created_at,
        t1_0.description,
        t1_0.title,
        t1_0.transaction_date,
        t1_0.type,
        t1_0.updated_at,
        t1_0.user_id 
    from
        finance_transaction t1_0 
    where
        t1_0.user_id=? 
    order by
        t1_0.transaction_date desc
Hibernate: 
    select
        t1_0.id,
        t1_0.amount,
        t1_0.category_id,
        t1_0.created_at,
        t1_0.description,
        t1_0.title,
        t1_0.transaction_date,
        t1_0.type,
        t1_0.updated_at,
        t1_0.user_id 
    from
        finance_transaction t1_0 
    where
        t1_0.user_id=? 
    order by
        t1_0.transaction_date desc
2026-06-02T22:47:05.902+02:00 DEBUG 14904 --- [personal-finance-tracker] [nio-8080-exec-6] o.s.w.s.m.m.a.HttpEntityMethodProcessor  : Using 'application/json', given [application/json, text/plain, */*] and supported [application/json, application/*+json, application/yaml]
2026-06-02T22:47:05.903+02:00 DEBUG 14904 --- [personal-finance-tracker] [nio-8080-exec-6] o.s.w.s.m.m.a.HttpEntityMethodProcessor  : Writing [[com.dauphine.pft.dto.responses.CategoryResponse@5c35773a, com.dauphine.pft.dto.responses.CategoryRe (truncated)...]
2026-06-02T22:47:05.905+02:00 DEBUG 14904 --- [personal-finance-tracker] [nio-8080-exec-6] o.s.web.servlet.DispatcherServlet        : Completed 200 OK
2026-06-02T22:47:05.917+02:00 DEBUG 14904 --- [personal-finance-tracker] [nio-8080-exec-4] org.hibernate.SQL                        : 
    select
        c1_0.id,
        c1_0.created_at,
        c1_0.description,
        c1_0.name,
        c1_0.type,
        c1_0.updated_at,
        c1_0.user_id 
    from
        category c1_0 
    where
        c1_0.id=?
Hibernate: 
    select
        c1_0.id,
        c1_0.created_at,
        c1_0.description,
        c1_0.name,
        c1_0.type,
        c1_0.updated_at,
        c1_0.user_id 
    from
        category c1_0 
    where
        c1_0.id=?
2026-06-02T22:47:05.955+02:00 DEBUG 14904 --- [personal-finance-tracker] [nio-8080-exec-4] org.hibernate.SQL                        : 
    select
        c1_0.id,
        c1_0.created_at,
        c1_0.description,
        c1_0.name,
        c1_0.type,
        c1_0.updated_at,
        c1_0.user_id 
    from
        category c1_0 
    where
        c1_0.id=?
Hibernate: 
    select
        c1_0.id,
        c1_0.created_at,
        c1_0.description,
        c1_0.name,
        c1_0.type,
        c1_0.updated_at,
        c1_0.user_id 
    from
        category c1_0 
    where
        c1_0.id=?
2026-06-02T22:47:06.006+02:00 DEBUG 14904 --- [personal-finance-tracker] [nio-8080-exec-4] org.hibernate.SQL                        : 
    select
        c1_0.id,
        c1_0.created_at,
        c1_0.description,
        c1_0.name,
        c1_0.type,
        c1_0.updated_at,
        c1_0.user_id 
    from
        category c1_0 
    where
        c1_0.id=?
Hibernate: 
    select
        c1_0.id,
        c1_0.created_at,
        c1_0.description,
        c1_0.name,
        c1_0.type,
        c1_0.updated_at,
        c1_0.user_id 
    from
        category c1_0 
    where
        c1_0.id=?
2026-06-02T22:47:06.043+02:00 DEBUG 14904 --- [personal-finance-tracker] [nio-8080-exec-4] org.hibernate.SQL                        : 
    select
        c1_0.id,
        c1_0.created_at,
        c1_0.description,
        c1_0.name,
        c1_0.type,
        c1_0.updated_at,
        c1_0.user_id 
    from
        category c1_0 
    where
        c1_0.id=?
Hibernate: 
    select
        c1_0.id,
        c1_0.created_at,
        c1_0.description,
        c1_0.name,
        c1_0.type,
        c1_0.updated_at,
        c1_0.user_id 
    from
        category c1_0 
    where
        c1_0.id=?
2026-06-02T22:47:06.085+02:00 DEBUG 14904 --- [personal-finance-tracker] [nio-8080-exec-4] o.s.w.s.m.m.a.HttpEntityMethodProcessor  : Using 'application/json', given [application/json, text/plain, */*] and supported [application/json, application/*+json, application/yaml]
2026-06-02T22:47:06.085+02:00 DEBUG 14904 --- [personal-finance-tracker] [nio-8080-exec-4] o.s.w.s.m.m.a.HttpEntityMethodProcessor  : Writing [[com.dauphine.pft.dto.responses.TransactionResponse@54524ba4, com.dauphine.pft.dto.responses.Transac (truncated)...]
2026-06-02T22:47:06.088+02:00 DEBUG 14904 --- [personal-finance-tracker] [nio-8080-exec-4] o.s.web.servlet.DispatcherServlet        : Completed 200 OK
2026-06-02T22:53:33.878+02:00 DEBUG 14904 --- [personal-finance-tracker] [io-8080-exec-10] o.s.web.servlet.DispatcherServlet        : GET "/v1/categories", parameters={}
2026-06-02T22:53:33.879+02:00 DEBUG 14904 --- [personal-finance-tracker] [io-8080-exec-10] s.w.s.m.m.a.RequestMappingHandlerMapping : Mapped to com.dauphine.pft.controllers.CategoryController#getAll(String, CategoryType)
2026-06-02T22:53:33.881+02:00 DEBUG 14904 --- [personal-finance-tracker] [nio-8080-exec-8] o.s.web.servlet.DispatcherServlet        : GET "/v1/transactions", parameters={}
2026-06-02T22:53:33.884+02:00 DEBUG 14904 --- [personal-finance-tracker] [nio-8080-exec-8] s.w.s.m.m.a.RequestMappingHandlerMapping : Mapped to com.dauphine.pft.controllers.TransactionController#getAll(TransactionType, UUID, String, LocalDate, LocalDate, BigDecimal, BigDecimal, String)
2026-06-02T22:53:33.922+02:00 DEBUG 14904 --- [personal-finance-tracker] [io-8080-exec-10] org.hibernate.SQL                        : 
    select
        c1_0.id,
        c1_0.created_at,
        c1_0.description,
        c1_0.name,
        c1_0.type,
        c1_0.updated_at,
        c1_0.user_id 
    from
        category c1_0 
    where
        c1_0.user_id=?
Hibernate: 
    select
        c1_0.id,
        c1_0.created_at,
        c1_0.description,
        c1_0.name,
        c1_0.type,
        c1_0.updated_at,
        c1_0.user_id 
    from
        category c1_0 
    where
        c1_0.user_id=?
2026-06-02T22:53:33.980+02:00 DEBUG 14904 --- [personal-finance-tracker] [io-8080-exec-10] o.s.w.s.m.m.a.HttpEntityMethodProcessor  : Using 'application/json', given [application/json, text/plain, */*] and supported [application/json, application/*+json, application/yaml]
2026-06-02T22:53:33.980+02:00 DEBUG 14904 --- [personal-finance-tracker] [io-8080-exec-10] o.s.w.s.m.m.a.HttpEntityMethodProcessor  : Writing [[com.dauphine.pft.dto.responses.CategoryResponse@5b6d8652, com.dauphine.pft.dto.responses.CategoryRe (truncated)...]
2026-06-02T22:53:33.982+02:00 DEBUG 14904 --- [personal-finance-tracker] [io-8080-exec-10] o.s.web.servlet.DispatcherServlet        : Completed 200 OK
2026-06-02T22:53:33.982+02:00 DEBUG 14904 --- [personal-finance-tracker] [nio-8080-exec-8] org.hibernate.SQL                        : 
    select
        t1_0.id,
        t1_0.amount,
        t1_0.category_id,
        t1_0.created_at,
        t1_0.description,
        t1_0.title,
        t1_0.transaction_date,
        t1_0.type,
        t1_0.updated_at,
        t1_0.user_id 
    from
        finance_transaction t1_0 
    where
        t1_0.user_id=? 
    order by
        t1_0.transaction_date desc
Hibernate: 
    select
        t1_0.id,
        t1_0.amount,
        t1_0.category_id,
        t1_0.created_at,
        t1_0.description,
        t1_0.title,
        t1_0.transaction_date,
        t1_0.type,
        t1_0.updated_at,
        t1_0.user_id 
    from
        finance_transaction t1_0 
    where
        t1_0.user_id=? 
    order by
        t1_0.transaction_date desc
2026-06-02T22:53:34.041+02:00 DEBUG 14904 --- [personal-finance-tracker] [nio-8080-exec-8] org.hibernate.SQL                        : 
    select
        c1_0.id,
        c1_0.created_at,
        c1_0.description,
        c1_0.name,
        c1_0.type,
        c1_0.updated_at,
        c1_0.user_id 
    from
        category c1_0 
    where
        c1_0.id=?
Hibernate: 
    select
        c1_0.id,
        c1_0.created_at,
        c1_0.description,
        c1_0.name,
        c1_0.type,
        c1_0.updated_at,
        c1_0.user_id 
    from
        category c1_0 
    where
        c1_0.id=?
2026-06-02T22:53:34.097+02:00 DEBUG 14904 --- [personal-finance-tracker] [nio-8080-exec-8] org.hibernate.SQL                        : 
    select
        c1_0.id,
        c1_0.created_at,
        c1_0.description,
        c1_0.name,
        c1_0.type,
        c1_0.updated_at,
        c1_0.user_id 
    from
        category c1_0 
    where
        c1_0.id=?
Hibernate: 
    select
        c1_0.id,
        c1_0.created_at,
        c1_0.description,
        c1_0.name,
        c1_0.type,
        c1_0.updated_at,
        c1_0.user_id 
    from
        category c1_0 
    where
        c1_0.id=?
2026-06-02T22:53:34.145+02:00 DEBUG 14904 --- [personal-finance-tracker] [nio-8080-exec-8] org.hibernate.SQL                        : 
    select
        c1_0.id,
        c1_0.created_at,
        c1_0.description,
        c1_0.name,
        c1_0.type,
        c1_0.updated_at,
        c1_0.user_id 
    from
        category c1_0 
    where
        c1_0.id=?
Hibernate: 
    select
        c1_0.id,
        c1_0.created_at,
        c1_0.description,
        c1_0.name,
        c1_0.type,
        c1_0.updated_at,
        c1_0.user_id 
    from
        category c1_0 
    where
        c1_0.id=?
2026-06-02T22:53:34.194+02:00 DEBUG 14904 --- [personal-finance-tracker] [nio-8080-exec-8] org.hibernate.SQL                        : 
    select
        c1_0.id,
        c1_0.created_at,
        c1_0.description,
        c1_0.name,
        c1_0.type,
        c1_0.updated_at,
        c1_0.user_id 
    from
        category c1_0 
    where
        c1_0.id=?
Hibernate: 
    select
        c1_0.id,
        c1_0.created_at,
        c1_0.description,
        c1_0.name,
        c1_0.type,
        c1_0.updated_at,
        c1_0.user_id 
    from
        category c1_0 
    where
        c1_0.id=?
2026-06-02T22:53:34.251+02:00 DEBUG 14904 --- [personal-finance-tracker] [nio-8080-exec-8] o.s.w.s.m.m.a.HttpEntityMethodProcessor  : Using 'application/json', given [application/json, text/plain, */*] and supported [application/json, application/*+json, application/yaml]
2026-06-02T22:53:34.251+02:00 DEBUG 14904 --- [personal-finance-tracker] [nio-8080-exec-8] o.s.w.s.m.m.a.HttpEntityMethodProcessor  : Writing [[com.dauphine.pft.dto.responses.TransactionResponse@78e6a35d, com.dauphine.pft.dto.responses.Transac (truncated)...]
2026-06-02T22:53:34.255+02:00 DEBUG 14904 --- [personal-finance-tracker] [nio-8080-exec-8] o.s.web.servlet.DispatcherServlet        : Completed 200 OK
2026-06-02T22:53:37.546+02:00 DEBUG 14904 --- [personal-finance-tracker] [nio-8080-exec-2] o.s.web.servlet.DispatcherServlet        : GET "/v1/categories", parameters={}
2026-06-02T22:53:37.547+02:00 DEBUG 14904 --- [personal-finance-tracker] [nio-8080-exec-2] s.w.s.m.m.a.RequestMappingHandlerMapping : Mapped to com.dauphine.pft.controllers.CategoryController#getAll(String, CategoryType)
2026-06-02T22:53:37.548+02:00 DEBUG 14904 --- [personal-finance-tracker] [nio-8080-exec-6] o.s.web.servlet.DispatcherServlet        : GET "/v1/categories", parameters={}
2026-06-02T22:53:37.548+02:00 DEBUG 14904 --- [personal-finance-tracker] [nio-8080-exec-6] s.w.s.m.m.a.RequestMappingHandlerMapping : Mapped to com.dauphine.pft.controllers.CategoryController#getAll(String, CategoryType)
2026-06-02T22:53:37.556+02:00 DEBUG 14904 --- [personal-finance-tracker] [nio-8080-exec-1] o.s.web.servlet.DispatcherServlet        : GET "/v1/budgets", parameters={}
2026-06-02T22:53:37.557+02:00 DEBUG 14904 --- [personal-finance-tracker] [nio-8080-exec-1] s.w.s.m.m.a.RequestMappingHandlerMapping : Mapped to com.dauphine.pft.controllers.BudgetController#getAll()
2026-06-02T22:53:37.628+02:00 DEBUG 14904 --- [personal-finance-tracker] [nio-8080-exec-6] org.hibernate.SQL                        : 
    select
        c1_0.id,
        c1_0.created_at,
        c1_0.description,
        c1_0.name,
        c1_0.type,
        c1_0.updated_at,
        c1_0.user_id 
    from
        category c1_0 
    where
        c1_0.user_id=?
Hibernate: 
    select
        c1_0.id,
        c1_0.created_at,
        c1_0.description,
        c1_0.name,
        c1_0.type,
        c1_0.updated_at,
        c1_0.user_id 
    from
        category c1_0 
    where
        c1_0.user_id=?
2026-06-02T22:53:37.628+02:00 DEBUG 14904 --- [personal-finance-tracker] [nio-8080-exec-2] org.hibernate.SQL                        : 
    select
        c1_0.id,
        c1_0.created_at,
        c1_0.description,
        c1_0.name,
        c1_0.type,
        c1_0.updated_at,
        c1_0.user_id 
    from
        category c1_0 
    where
        c1_0.user_id=?
Hibernate: 
    select
        c1_0.id,
        c1_0.created_at,
        c1_0.description,
        c1_0.name,
        c1_0.type,
        c1_0.updated_at,
        c1_0.user_id 
    from
        category c1_0 
    where
        c1_0.user_id=?
2026-06-02T22:53:37.680+02:00 DEBUG 14904 --- [personal-finance-tracker] [nio-8080-exec-6] o.s.w.s.m.m.a.HttpEntityMethodProcessor  : Using 'application/json', given [application/json, text/plain, */*] and supported [application/json, application/*+json, application/yaml]
2026-06-02T22:53:37.681+02:00 DEBUG 14904 --- [personal-finance-tracker] [nio-8080-exec-6] o.s.w.s.m.m.a.HttpEntityMethodProcessor  : Writing [[com.dauphine.pft.dto.responses.CategoryResponse@11abe71b, com.dauphine.pft.dto.responses.CategoryRe (truncated)...]
2026-06-02T22:53:37.682+02:00 DEBUG 14904 --- [personal-finance-tracker] [nio-8080-exec-6] o.s.web.servlet.DispatcherServlet        : Completed 200 OK
2026-06-02T22:53:37.682+02:00 DEBUG 14904 --- [personal-finance-tracker] [nio-8080-exec-1] org.hibernate.SQL                        : 
    select
        b1_0.id,
        b1_0.category_id,
        b1_0.created_at,
        b1_0.monthly_cap,
        b1_0.period,
        b1_0.updated_at,
        b1_0.user_id 
    from
        budget b1_0 
    where
        b1_0.user_id=?
Hibernate: 
    select
        b1_0.id,
        b1_0.category_id,
        b1_0.created_at,
        b1_0.monthly_cap,
        b1_0.period,
        b1_0.updated_at,
        b1_0.user_id 
    from
        budget b1_0 
    where
        b1_0.user_id=?
2026-06-02T22:53:37.693+02:00 DEBUG 14904 --- [personal-finance-tracker] [nio-8080-exec-2] o.s.w.s.m.m.a.HttpEntityMethodProcessor  : Using 'application/json', given [application/json, text/plain, */*] and supported [application/json, application/*+json, application/yaml]
2026-06-02T22:53:37.694+02:00 DEBUG 14904 --- [personal-finance-tracker] [nio-8080-exec-2] o.s.w.s.m.m.a.HttpEntityMethodProcessor  : Writing [[com.dauphine.pft.dto.responses.CategoryResponse@2997beb6, com.dauphine.pft.dto.responses.CategoryRe (truncated)...]
2026-06-02T22:53:37.694+02:00 DEBUG 14904 --- [personal-finance-tracker] [nio-8080-exec-2] o.s.web.servlet.DispatcherServlet        : Completed 200 OK
2026-06-02T22:53:37.734+02:00 DEBUG 14904 --- [personal-finance-tracker] [nio-8080-exec-1] org.hibernate.SQL                        : 
    select
        coalesce(sum(t1_0.amount), 0) 
    from
        finance_transaction t1_0 
    where
        t1_0.user_id=? 
        and t1_0.category_id=? 
        and t1_0.type='EXPENSE' 
        and t1_0.transaction_date>=? 
        and t1_0.transaction_date<=?
Hibernate: 
    select
        coalesce(sum(t1_0.amount), 0) 
    from
        finance_transaction t1_0 
    where
        t1_0.user_id=? 
        and t1_0.category_id=? 
        and t1_0.type='EXPENSE' 
        and t1_0.transaction_date>=? 
        and t1_0.transaction_date<=?
2026-06-02T22:53:37.789+02:00 DEBUG 14904 --- [personal-finance-tracker] [nio-8080-exec-1] org.hibernate.SQL                        : 
    select
        c1_0.id,
        c1_0.created_at,
        c1_0.description,
        c1_0.name,
        c1_0.type,
        c1_0.updated_at,
        c1_0.user_id 
    from
        category c1_0 
    where
        c1_0.id=?
Hibernate: 
    select
        c1_0.id,
        c1_0.created_at,
        c1_0.description,
        c1_0.name,
        c1_0.type,
        c1_0.updated_at,
        c1_0.user_id 
    from
        category c1_0 
    where
        c1_0.id=?
2026-06-02T22:53:37.834+02:00 DEBUG 14904 --- [personal-finance-tracker] [nio-8080-exec-1] org.hibernate.SQL                        : 
    select
        coalesce(sum(t1_0.amount), 0) 
    from
        finance_transaction t1_0 
    where
        t1_0.user_id=? 
        and t1_0.category_id=? 
        and t1_0.type='EXPENSE' 
        and t1_0.transaction_date>=? 
        and t1_0.transaction_date<=?
Hibernate: 
    select
        coalesce(sum(t1_0.amount), 0) 
    from
        finance_transaction t1_0 
    where
        t1_0.user_id=? 
        and t1_0.category_id=? 
        and t1_0.type='EXPENSE' 
        and t1_0.transaction_date>=? 
        and t1_0.transaction_date<=?
2026-06-02T22:53:37.891+02:00 DEBUG 14904 --- [personal-finance-tracker] [nio-8080-exec-1] org.hibernate.SQL                        : 
    select
        c1_0.id,
        c1_0.created_at,
        c1_0.description,
        c1_0.name,
        c1_0.type,
        c1_0.updated_at,
        c1_0.user_id 
    from
        category c1_0 
    where
        c1_0.id=?
Hibernate: 
    select
        c1_0.id,
        c1_0.created_at,
        c1_0.description,
        c1_0.name,
        c1_0.type,
        c1_0.updated_at,
        c1_0.user_id 
    from
        category c1_0 
    where
        c1_0.id=?
2026-06-02T22:53:37.938+02:00 DEBUG 14904 --- [personal-finance-tracker] [nio-8080-exec-1] o.s.w.s.m.m.a.HttpEntityMethodProcessor  : Using 'application/json', given [application/json, text/plain, */*] and supported [application/json, application/*+json, application/yaml]
2026-06-02T22:53:37.939+02:00 DEBUG 14904 --- [personal-finance-tracker] [nio-8080-exec-1] o.s.w.s.m.m.a.HttpEntityMethodProcessor  : Writing [[com.dauphine.pft.dto.responses.BudgetUsageResponse@4729bbbb, com.dauphine.pft.dto.responses.BudgetU (truncated)...]
2026-06-02T22:53:37.942+02:00 DEBUG 14904 --- [personal-finance-tracker] [nio-8080-exec-1] o.s.web.servlet.DispatcherServlet        : Completed 200 OK
2026-06-02T22:53:38.519+02:00 DEBUG 14904 --- [personal-finance-tracker] [nio-8080-exec-5] o.s.web.servlet.DispatcherServlet        : GET "/v1/savings-goals", parameters={}
2026-06-02T22:53:38.520+02:00 DEBUG 14904 --- [personal-finance-tracker] [nio-8080-exec-5] s.w.s.m.m.a.RequestMappingHandlerMapping : Mapped to com.dauphine.pft.controllers.SavingsGoalController#getAll(SavingsGoalStatus, String, BigDecimal, BigDecimal, LocalDate, LocalDate)
2026-06-02T22:53:38.571+02:00 DEBUG 14904 --- [personal-finance-tracker] [nio-8080-exec-5] org.hibernate.SQL                        : 
    select
        sg1_0.id,
        sg1_0.created_at,
        sg1_0.current_amount,
        sg1_0.deadline,
        sg1_0.description,
        sg1_0.name,
        sg1_0.status,
        sg1_0.target_amount,
        sg1_0.updated_at,
        sg1_0.user_id 
    from
        savings_goal sg1_0 
    where
        sg1_0.user_id=? 
        and sg1_0.status='IN_PROGRESS' 
        and sg1_0.deadline<?
Hibernate: 
    select
        sg1_0.id,
        sg1_0.created_at,
        sg1_0.current_amount,
        sg1_0.deadline,
        sg1_0.description,
        sg1_0.name,
        sg1_0.status,
        sg1_0.target_amount,
        sg1_0.updated_at,
        sg1_0.user_id 
    from
        savings_goal sg1_0 
    where
        sg1_0.user_id=? 
        and sg1_0.status='IN_PROGRESS' 
        and sg1_0.deadline<?
2026-06-02T22:53:38.625+02:00 DEBUG 14904 --- [personal-finance-tracker] [nio-8080-exec-5] org.hibernate.SQL                        : 
    select
        sg1_0.id,
        sg1_0.created_at,
        sg1_0.current_amount,
        sg1_0.deadline,
        sg1_0.description,
        sg1_0.name,
        sg1_0.status,
        sg1_0.target_amount,
        sg1_0.updated_at,
        sg1_0.user_id 
    from
        savings_goal sg1_0 
    where
        sg1_0.user_id=?
Hibernate: 
    select
        sg1_0.id,
        sg1_0.created_at,
        sg1_0.current_amount,
        sg1_0.deadline,
        sg1_0.description,
        sg1_0.name,
        sg1_0.status,
        sg1_0.target_amount,
        sg1_0.updated_at,
        sg1_0.user_id 
    from
        savings_goal sg1_0 
    where
        sg1_0.user_id=?
2026-06-02T22:53:38.691+02:00 DEBUG 14904 --- [personal-finance-tracker] [nio-8080-exec-5] o.s.w.s.m.m.a.HttpEntityMethodProcessor  : Using 'application/json', given [application/json, text/plain, */*] and supported [application/json, application/*+json, application/yaml]
2026-06-02T22:53:38.691+02:00 DEBUG 14904 --- [personal-finance-tracker] [nio-8080-exec-5] o.s.w.s.m.m.a.HttpEntityMethodProcessor  : Writing [[com.dauphine.pft.dto.responses.SavingsGoalResponse@2614ea64, com.dauphine.pft.dto.responses.Savings (truncated)...]
2026-06-02T22:53:38.692+02:00 DEBUG 14904 --- [personal-finance-tracker] [nio-8080-exec-5] o.s.web.servlet.DispatcherServlet        : Completed 200 OK
2026-06-02T22:53:41.431+02:00 DEBUG 14904 --- [personal-finance-tracker] [io-8080-exec-10] o.s.web.servlet.DispatcherServlet        : GET "/v1/transactions", parameters={}
2026-06-02T22:53:41.432+02:00 DEBUG 14904 --- [personal-finance-tracker] [io-8080-exec-10] s.w.s.m.m.a.RequestMappingHandlerMapping : Mapped to com.dauphine.pft.controllers.TransactionController#getAll(TransactionType, UUID, String, LocalDate, LocalDate, BigDecimal, BigDecimal, String)
2026-06-02T22:53:41.432+02:00 DEBUG 14904 --- [personal-finance-tracker] [nio-8080-exec-8] o.s.web.servlet.DispatcherServlet        : GET "/v1/categories", parameters={}
2026-06-02T22:53:41.432+02:00 DEBUG 14904 --- [personal-finance-tracker] [nio-8080-exec-8] s.w.s.m.m.a.RequestMappingHandlerMapping : Mapped to com.dauphine.pft.controllers.CategoryController#getAll(String, CategoryType)
2026-06-02T22:53:41.493+02:00 DEBUG 14904 --- [personal-finance-tracker] [nio-8080-exec-8] org.hibernate.SQL                        : 
    select
        c1_0.id,
        c1_0.created_at,
        c1_0.description,
        c1_0.name,
        c1_0.type,
        c1_0.updated_at,
        c1_0.user_id 
    from
        category c1_0 
    where
        c1_0.user_id=?
2026-06-02T22:53:41.493+02:00 DEBUG 14904 --- [personal-finance-tracker] [io-8080-exec-10] org.hibernate.SQL                        : 
    select
        t1_0.id,
        t1_0.amount,
        t1_0.category_id,
        t1_0.created_at,
        t1_0.description,
        t1_0.title,
        t1_0.transaction_date,
        t1_0.type,
        t1_0.updated_at,
        t1_0.user_id 
    from
        finance_transaction t1_0 
    where
        t1_0.user_id=? 
    order by
        t1_0.transaction_date desc
Hibernate: 
    select
        t1_0.id,
        t1_0.amount,
        t1_0.category_id,
        t1_0.created_at,
        t1_0.description,
        t1_0.title,
        t1_0.transaction_date,
        t1_0.type,
        t1_0.updated_at,
        t1_0.user_id 
    from
        finance_transaction t1_0 
    where
        t1_0.user_id=? 
    order by
        t1_0.transaction_date desc
Hibernate: 
    select
        c1_0.id,
        c1_0.created_at,
        c1_0.description,
        c1_0.name,
        c1_0.type,
        c1_0.updated_at,
        c1_0.user_id 
    from
        category c1_0 
    where
        c1_0.user_id=?
2026-06-02T22:53:41.551+02:00 DEBUG 14904 --- [personal-finance-tracker] [nio-8080-exec-8] o.s.w.s.m.m.a.HttpEntityMethodProcessor  : Using 'application/json', given [application/json, text/plain, */*] and supported [application/json, application/*+json, application/yaml]
2026-06-02T22:53:41.551+02:00 DEBUG 14904 --- [personal-finance-tracker] [io-8080-exec-10] org.hibernate.SQL                        : 
    select
        c1_0.id,
        c1_0.created_at,
        c1_0.description,
        c1_0.name,
        c1_0.type,
        c1_0.updated_at,
        c1_0.user_id 
    from
        category c1_0 
    where
        c1_0.id=?
2026-06-02T22:53:41.552+02:00 DEBUG 14904 --- [personal-finance-tracker] [nio-8080-exec-8] o.s.w.s.m.m.a.HttpEntityMethodProcessor  : Writing [[com.dauphine.pft.dto.responses.CategoryResponse@74623fa7, com.dauphine.pft.dto.responses.CategoryRe (truncated)...]
Hibernate: 
    select
        c1_0.id,
        c1_0.created_at,
        c1_0.description,
        c1_0.name,
        c1_0.type,
        c1_0.updated_at,
        c1_0.user_id 
    from
        category c1_0 
    where
        c1_0.id=?
2026-06-02T22:53:41.555+02:00 DEBUG 14904 --- [personal-finance-tracker] [nio-8080-exec-8] o.s.web.servlet.DispatcherServlet        : Completed 200 OK
2026-06-02T22:53:41.598+02:00 DEBUG 14904 --- [personal-finance-tracker] [io-8080-exec-10] org.hibernate.SQL                        : 
    select
        c1_0.id,
        c1_0.created_at,
        c1_0.description,
        c1_0.name,
        c1_0.type,
        c1_0.updated_at,
        c1_0.user_id 
    from
        category c1_0 
    where
        c1_0.id=?
Hibernate: 
    select
        c1_0.id,
        c1_0.created_at,
        c1_0.description,
        c1_0.name,
        c1_0.type,
        c1_0.updated_at,
        c1_0.user_id 
    from
        category c1_0 
    where
        c1_0.id=?
2026-06-02T22:53:41.654+02:00 DEBUG 14904 --- [personal-finance-tracker] [io-8080-exec-10] org.hibernate.SQL                        : 
    select
        c1_0.id,
        c1_0.created_at,
        c1_0.description,
        c1_0.name,
        c1_0.type,
        c1_0.updated_at,
        c1_0.user_id 
    from
        category c1_0 
    where
        c1_0.id=?
Hibernate: 
    select
        c1_0.id,
        c1_0.created_at,
        c1_0.description,
        c1_0.name,
        c1_0.type,
        c1_0.updated_at,
        c1_0.user_id 
    from
        category c1_0 
    where
        c1_0.id=?
2026-06-02T22:53:41.701+02:00 DEBUG 14904 --- [personal-finance-tracker] [io-8080-exec-10] org.hibernate.SQL                        : 
    select
        c1_0.id,
        c1_0.created_at,
        c1_0.description,
        c1_0.name,
        c1_0.type,
        c1_0.updated_at,
        c1_0.user_id 
    from
        category c1_0 
    where
        c1_0.id=?
Hibernate: 
    select
        c1_0.id,
        c1_0.created_at,
        c1_0.description,
        c1_0.name,
        c1_0.type,
        c1_0.updated_at,
        c1_0.user_id 
    from
        category c1_0 
    where
        c1_0.id=?
2026-06-02T22:53:41.742+02:00 DEBUG 14904 --- [personal-finance-tracker] [io-8080-exec-10] o.s.w.s.m.m.a.HttpEntityMethodProcessor  : Using 'application/json', given [application/json, text/plain, */*] and supported [application/json, application/*+json, application/yaml]
2026-06-02T22:53:41.742+02:00 DEBUG 14904 --- [personal-finance-tracker] [io-8080-exec-10] o.s.w.s.m.m.a.HttpEntityMethodProcessor  : Writing [[com.dauphine.pft.dto.responses.TransactionResponse@7a8ab4d0, com.dauphine.pft.dto.responses.Transac (truncated)...]
2026-06-02T22:53:41.744+02:00 DEBUG 14904 --- [personal-finance-tracker] [io-8080-exec-10] o.s.web.servlet.DispatcherServlet        : Completed 200 OK
2026-06-02T22:53:42.483+02:00 DEBUG 14904 --- [personal-finance-tracker] [nio-8080-exec-6] o.s.web.servlet.DispatcherServlet        : GET "/v1/categories", parameters={}
2026-06-02T22:53:42.483+02:00 DEBUG 14904 --- [personal-finance-tracker] [nio-8080-exec-4] o.s.web.servlet.DispatcherServlet        : GET "/v1/transactions", parameters={}
2026-06-02T22:53:42.483+02:00 DEBUG 14904 --- [personal-finance-tracker] [nio-8080-exec-2] o.s.web.servlet.DispatcherServlet        : GET "/v1/savings-goals", parameters={}
2026-06-02T22:53:42.483+02:00 DEBUG 14904 --- [personal-finance-tracker] [nio-8080-exec-6] s.w.s.m.m.a.RequestMappingHandlerMapping : Mapped to com.dauphine.pft.controllers.CategoryController#getAll(String, CategoryType)
2026-06-02T22:53:42.484+02:00 DEBUG 14904 --- [personal-finance-tracker] [nio-8080-exec-4] s.w.s.m.m.a.RequestMappingHandlerMapping : Mapped to com.dauphine.pft.controllers.TransactionController#getAll(TransactionType, UUID, String, LocalDate, LocalDate, BigDecimal, BigDecimal, String)
2026-06-02T22:53:42.486+02:00 DEBUG 14904 --- [personal-finance-tracker] [nio-8080-exec-2] s.w.s.m.m.a.RequestMappingHandlerMapping : Mapped to com.dauphine.pft.controllers.SavingsGoalController#getAll(SavingsGoalStatus, String, BigDecimal, BigDecimal, LocalDate, LocalDate)
2026-06-02T22:53:42.534+02:00 DEBUG 14904 --- [personal-finance-tracker] [nio-8080-exec-4] org.hibernate.SQL                        : 
    select
        t1_0.id,
        t1_0.amount,
        t1_0.category_id,
        t1_0.created_at,
        t1_0.description,
        t1_0.title,
        t1_0.transaction_date,
        t1_0.type,
        t1_0.updated_at,
        t1_0.user_id 
    from
        finance_transaction t1_0 
    where
        t1_0.user_id=? 
    order by
        t1_0.transaction_date desc
Hibernate: 
    select
        t1_0.id,
        t1_0.amount,
        t1_0.category_id,
        t1_0.created_at,
        t1_0.description,
        t1_0.title,
        t1_0.transaction_date,
        t1_0.type,
        t1_0.updated_at,
        t1_0.user_id 
    from
        finance_transaction t1_0 
    where
        t1_0.user_id=? 
    order by
        t1_0.transaction_date desc
2026-06-02T22:53:42.540+02:00 DEBUG 14904 --- [personal-finance-tracker] [nio-8080-exec-2] org.hibernate.SQL                        : 
    select
        sg1_0.id,
        sg1_0.created_at,
        sg1_0.current_amount,
        sg1_0.deadline,
        sg1_0.description,
        sg1_0.name,
        sg1_0.status,
        sg1_0.target_amount,
        sg1_0.updated_at,
        sg1_0.user_id 
    from
        savings_goal sg1_0 
    where
        sg1_0.user_id=? 
        and sg1_0.status='IN_PROGRESS' 
        and sg1_0.deadline<?
Hibernate: 
    select
        sg1_0.id,
        sg1_0.created_at,
        sg1_0.current_amount,
        sg1_0.deadline,
        sg1_0.description,
        sg1_0.name,
        sg1_0.status,
        sg1_0.target_amount,
        sg1_0.updated_at,
        sg1_0.user_id 
    from
        savings_goal sg1_0 
    where
        sg1_0.user_id=? 
        and sg1_0.status='IN_PROGRESS' 
        and sg1_0.deadline<?
2026-06-02T22:53:42.540+02:00 DEBUG 14904 --- [personal-finance-tracker] [nio-8080-exec-6] org.hibernate.SQL                        : 
    select
        c1_0.id,
        c1_0.created_at,
        c1_0.description,
        c1_0.name,
        c1_0.type,
        c1_0.updated_at,
        c1_0.user_id 
    from
        category c1_0 
    where
        c1_0.user_id=?
Hibernate: 
    select
        c1_0.id,
        c1_0.created_at,
        c1_0.description,
        c1_0.name,
        c1_0.type,
        c1_0.updated_at,
        c1_0.user_id 
    from
        category c1_0 
    where
        c1_0.user_id=?
2026-06-02T22:53:42.580+02:00 DEBUG 14904 --- [personal-finance-tracker] [nio-8080-exec-4] org.hibernate.SQL                        : 
    select
        c1_0.id,
        c1_0.created_at,
        c1_0.description,
        c1_0.name,
        c1_0.type,
        c1_0.updated_at,
        c1_0.user_id 
    from
        category c1_0 
    where
        c1_0.id=?
Hibernate: 
    select
        c1_0.id,
        c1_0.created_at,
        c1_0.description,
        c1_0.name,
        c1_0.type,
        c1_0.updated_at,
        c1_0.user_id 
    from
        category c1_0 
    where
        c1_0.id=?
2026-06-02T22:53:42.608+02:00 DEBUG 14904 --- [personal-finance-tracker] [nio-8080-exec-6] o.s.w.s.m.m.a.HttpEntityMethodProcessor  : Using 'application/json', given [application/json, text/plain, */*] and supported [application/json, application/*+json, application/yaml]
2026-06-02T22:53:42.609+02:00 DEBUG 14904 --- [personal-finance-tracker] [nio-8080-exec-6] o.s.w.s.m.m.a.HttpEntityMethodProcessor  : Writing [[com.dauphine.pft.dto.responses.CategoryResponse@6fbbf3af, com.dauphine.pft.dto.responses.CategoryRe (truncated)...]
2026-06-02T22:53:42.610+02:00 DEBUG 14904 --- [personal-finance-tracker] [nio-8080-exec-6] o.s.web.servlet.DispatcherServlet        : Completed 200 OK
2026-06-02T22:53:42.612+02:00 DEBUG 14904 --- [personal-finance-tracker] [nio-8080-exec-2] org.hibernate.SQL                        : 
    select
        sg1_0.id,
        sg1_0.created_at,
        sg1_0.current_amount,
        sg1_0.deadline,
        sg1_0.description,
        sg1_0.name,
        sg1_0.status,
        sg1_0.target_amount,
        sg1_0.updated_at,
        sg1_0.user_id 
    from
        savings_goal sg1_0 
    where
        sg1_0.user_id=?
Hibernate: 
    select
        sg1_0.id,
        sg1_0.created_at,
        sg1_0.current_amount,
        sg1_0.deadline,
        sg1_0.description,
        sg1_0.name,
        sg1_0.status,
        sg1_0.target_amount,
        sg1_0.updated_at,
        sg1_0.user_id 
    from
        savings_goal sg1_0 
    where
        sg1_0.user_id=?
2026-06-02T22:53:42.623+02:00 DEBUG 14904 --- [personal-finance-tracker] [nio-8080-exec-4] org.hibernate.SQL                        : 
    select
        c1_0.id,
        c1_0.created_at,
        c1_0.description,
        c1_0.name,
        c1_0.type,
        c1_0.updated_at,
        c1_0.user_id 
    from
        category c1_0 
    where
        c1_0.id=?
Hibernate: 
    select
        c1_0.id,
        c1_0.created_at,
        c1_0.description,
        c1_0.name,
        c1_0.type,
        c1_0.updated_at,
        c1_0.user_id 
    from
        category c1_0 
    where
        c1_0.id=?
2026-06-02T22:53:42.674+02:00 DEBUG 14904 --- [personal-finance-tracker] [nio-8080-exec-2] o.s.w.s.m.m.a.HttpEntityMethodProcessor  : Using 'application/json', given [application/json, text/plain, */*] and supported [application/json, application/*+json, application/yaml]
2026-06-02T22:53:42.675+02:00 DEBUG 14904 --- [personal-finance-tracker] [nio-8080-exec-2] o.s.w.s.m.m.a.HttpEntityMethodProcessor  : Writing [[com.dauphine.pft.dto.responses.SavingsGoalResponse@6da12b1b, com.dauphine.pft.dto.responses.Savings (truncated)...]
2026-06-02T22:53:42.676+02:00 DEBUG 14904 --- [personal-finance-tracker] [nio-8080-exec-2] o.s.web.servlet.DispatcherServlet        : Completed 200 OK
2026-06-02T22:53:42.678+02:00 DEBUG 14904 --- [personal-finance-tracker] [nio-8080-exec-4] org.hibernate.SQL                        : 
    select
        c1_0.id,
        c1_0.created_at,
        c1_0.description,
        c1_0.name,
        c1_0.type,
        c1_0.updated_at,
        c1_0.user_id 
    from
        category c1_0 
    where
        c1_0.id=?
Hibernate: 
    select
        c1_0.id,
        c1_0.created_at,
        c1_0.description,
        c1_0.name,
        c1_0.type,
        c1_0.updated_at,
        c1_0.user_id 
    from
        category c1_0 
    where
        c1_0.id=?
2026-06-02T22:53:42.718+02:00 DEBUG 14904 --- [personal-finance-tracker] [nio-8080-exec-4] org.hibernate.SQL                        : 
    select
        c1_0.id,
        c1_0.created_at,
        c1_0.description,
        c1_0.name,
        c1_0.type,
        c1_0.updated_at,
        c1_0.user_id 
    from
        category c1_0 
    where
        c1_0.id=?
Hibernate: 
    select
        c1_0.id,
        c1_0.created_at,
        c1_0.description,
        c1_0.name,
        c1_0.type,
        c1_0.updated_at,
        c1_0.user_id 
    from
        category c1_0 
    where
        c1_0.id=?
2026-06-02T22:53:42.776+02:00 DEBUG 14904 --- [personal-finance-tracker] [nio-8080-exec-4] o.s.w.s.m.m.a.HttpEntityMethodProcessor  : Using 'application/json', given [application/json, text/plain, */*] and supported [application/json, application/*+json, application/yaml]
2026-06-02T22:53:42.777+02:00 DEBUG 14904 --- [personal-finance-tracker] [nio-8080-exec-4] o.s.w.s.m.m.a.HttpEntityMethodProcessor  : Writing [[com.dauphine.pft.dto.responses.TransactionResponse@336f7091, com.dauphine.pft.dto.responses.Transac (truncated)...]
2026-06-02T22:53:42.780+02:00 DEBUG 14904 --- [personal-finance-tracker] [nio-8080-exec-4] o.s.web.servlet.DispatcherServlet        : Completed 200 OK
2026-06-02T22:54:17.133+02:00 DEBUG 14904 --- [personal-finance-tracker] [nio-8080-exec-6] o.s.web.servlet.DispatcherServlet        : GET "/v1/categories", parameters={}
2026-06-02T22:54:17.134+02:00 DEBUG 14904 --- [personal-finance-tracker] [nio-8080-exec-6] s.w.s.m.m.a.RequestMappingHandlerMapping : Mapped to com.dauphine.pft.controllers.CategoryController#getAll(String, CategoryType)
2026-06-02T22:54:17.139+02:00 DEBUG 14904 --- [personal-finance-tracker] [io-8080-exec-10] o.s.web.servlet.DispatcherServlet        : GET "/v1/budgets", parameters={}
2026-06-02T22:54:17.140+02:00 DEBUG 14904 --- [personal-finance-tracker] [io-8080-exec-10] s.w.s.m.m.a.RequestMappingHandlerMapping : Mapped to com.dauphine.pft.controllers.BudgetController#getAll()
2026-06-02T22:54:17.141+02:00 DEBUG 14904 --- [personal-finance-tracker] [nio-8080-exec-2] o.s.web.servlet.DispatcherServlet        : GET "/v1/categories", parameters={}
2026-06-02T22:54:17.143+02:00 DEBUG 14904 --- [personal-finance-tracker] [nio-8080-exec-2] s.w.s.m.m.a.RequestMappingHandlerMapping : Mapped to com.dauphine.pft.controllers.CategoryController#getAll(String, CategoryType)
2026-06-02T22:54:17.203+02:00 DEBUG 14904 --- [personal-finance-tracker] [io-8080-exec-10] org.hibernate.SQL                        : 
    select
        b1_0.id,
        b1_0.category_id,
        b1_0.created_at,
        b1_0.monthly_cap,
        b1_0.period,
        b1_0.updated_at,
        b1_0.user_id 
    from
        budget b1_0 
    where
        b1_0.user_id=?
2026-06-02T22:54:17.203+02:00 DEBUG 14904 --- [personal-finance-tracker] [nio-8080-exec-6] org.hibernate.SQL                        : 
    select
        c1_0.id,
        c1_0.created_at,
        c1_0.description,
        c1_0.name,
        c1_0.type,
        c1_0.updated_at,
        c1_0.user_id 
    from
        category c1_0 
    where
        c1_0.user_id=?
Hibernate: 
    select
        c1_0.id,
        c1_0.created_at,
        c1_0.description,
        c1_0.name,
        c1_0.type,
        c1_0.updated_at,
        c1_0.user_id 
    from
        category c1_0 
    where
        c1_0.user_id=?
Hibernate: 
    select
        b1_0.id,
        b1_0.category_id,
        b1_0.created_at,
        b1_0.monthly_cap,
        b1_0.period,
        b1_0.updated_at,
        b1_0.user_id 
    from
        budget b1_0 
    where
        b1_0.user_id=?
2026-06-02T22:54:17.250+02:00 DEBUG 14904 --- [personal-finance-tracker] [nio-8080-exec-6] o.s.w.s.m.m.a.HttpEntityMethodProcessor  : Using 'application/json', given [application/json, text/plain, */*] and supported [application/json, application/*+json, application/yaml]
2026-06-02T22:54:17.251+02:00 DEBUG 14904 --- [personal-finance-tracker] [nio-8080-exec-6] o.s.w.s.m.m.a.HttpEntityMethodProcessor  : Writing [[com.dauphine.pft.dto.responses.CategoryResponse@539e5313, com.dauphine.pft.dto.responses.CategoryRe (truncated)...]
2026-06-02T22:54:17.255+02:00 DEBUG 14904 --- [personal-finance-tracker] [nio-8080-exec-2] org.hibernate.SQL                        : 
    select
        c1_0.id,
        c1_0.created_at,
        c1_0.description,
        c1_0.name,
        c1_0.type,
        c1_0.updated_at,
        c1_0.user_id 
    from
        category c1_0 
    where
        c1_0.user_id=?
Hibernate: 
    select
        c1_0.id,
        c1_0.created_at,
        c1_0.description,
        c1_0.name,
        c1_0.type,
        c1_0.updated_at,
        c1_0.user_id 
    from
        category c1_0 
    where
        c1_0.user_id=?
2026-06-02T22:54:17.255+02:00 DEBUG 14904 --- [personal-finance-tracker] [nio-8080-exec-6] o.s.web.servlet.DispatcherServlet        : Completed 200 OK
2026-06-02T22:54:17.259+02:00 DEBUG 14904 --- [personal-finance-tracker] [io-8080-exec-10] org.hibernate.SQL                        : 
    select
        coalesce(sum(t1_0.amount), 0) 
    from
        finance_transaction t1_0 
    where
        t1_0.user_id=? 
        and t1_0.category_id=? 
        and t1_0.type='EXPENSE' 
        and t1_0.transaction_date>=? 
        and t1_0.transaction_date<=?
Hibernate: 
    select
        coalesce(sum(t1_0.amount), 0) 
    from
        finance_transaction t1_0 
    where
        t1_0.user_id=? 
        and t1_0.category_id=? 
        and t1_0.type='EXPENSE' 
        and t1_0.transaction_date>=? 
        and t1_0.transaction_date<=?
2026-06-02T22:54:17.306+02:00 DEBUG 14904 --- [personal-finance-tracker] [nio-8080-exec-2] o.s.w.s.m.m.a.HttpEntityMethodProcessor  : Using 'application/json', given [application/json, text/plain, */*] and supported [application/json, application/*+json, application/yaml]
2026-06-02T22:54:17.308+02:00 DEBUG 14904 --- [personal-finance-tracker] [nio-8080-exec-2] o.s.w.s.m.m.a.HttpEntityMethodProcessor  : Writing [[com.dauphine.pft.dto.responses.CategoryResponse@6c868cc5, com.dauphine.pft.dto.responses.CategoryRe (truncated)...]
2026-06-02T22:54:17.309+02:00 DEBUG 14904 --- [personal-finance-tracker] [nio-8080-exec-2] o.s.web.servlet.DispatcherServlet        : Completed 200 OK
2026-06-02T22:54:17.322+02:00 DEBUG 14904 --- [personal-finance-tracker] [io-8080-exec-10] org.hibernate.SQL                        : 
    select
        c1_0.id,
        c1_0.created_at,
        c1_0.description,
        c1_0.name,
        c1_0.type,
        c1_0.updated_at,
        c1_0.user_id 
    from
        category c1_0 
    where
        c1_0.id=?
Hibernate: 
    select
        c1_0.id,
        c1_0.created_at,
        c1_0.description,
        c1_0.name,
        c1_0.type,
        c1_0.updated_at,
        c1_0.user_id 
    from
        category c1_0 
    where
        c1_0.id=?
2026-06-02T22:54:17.371+02:00 DEBUG 14904 --- [personal-finance-tracker] [io-8080-exec-10] org.hibernate.SQL                        : 
    select
        coalesce(sum(t1_0.amount), 0) 
    from
        finance_transaction t1_0 
    where
        t1_0.user_id=? 
        and t1_0.category_id=? 
        and t1_0.type='EXPENSE' 
        and t1_0.transaction_date>=? 
        and t1_0.transaction_date<=?
Hibernate: 
    select
        coalesce(sum(t1_0.amount), 0) 
    from
        finance_transaction t1_0 
    where
        t1_0.user_id=? 
        and t1_0.category_id=? 
        and t1_0.type='EXPENSE' 
        and t1_0.transaction_date>=? 
        and t1_0.transaction_date<=?
2026-06-02T22:54:17.421+02:00 DEBUG 14904 --- [personal-finance-tracker] [io-8080-exec-10] org.hibernate.SQL                        : 
    select
        c1_0.id,
        c1_0.created_at,
        c1_0.description,
        c1_0.name,
        c1_0.type,
        c1_0.updated_at,
        c1_0.user_id 
    from
        category c1_0 
    where
        c1_0.id=?
Hibernate: 
    select
        c1_0.id,
        c1_0.created_at,
        c1_0.description,
        c1_0.name,
        c1_0.type,
        c1_0.updated_at,
        c1_0.user_id 
    from
        category c1_0 
    where
        c1_0.id=?
2026-06-02T22:54:17.474+02:00 DEBUG 14904 --- [personal-finance-tracker] [io-8080-exec-10] o.s.w.s.m.m.a.HttpEntityMethodProcessor  : Using 'application/json', given [application/json, text/plain, */*] and supported [application/json, application/*+json, application/yaml]
2026-06-02T22:54:17.475+02:00 DEBUG 14904 --- [personal-finance-tracker] [io-8080-exec-10] o.s.w.s.m.m.a.HttpEntityMethodProcessor  : Writing [[com.dauphine.pft.dto.responses.BudgetUsageResponse@414efa51, com.dauphine.pft.dto.responses.BudgetU (truncated)...]
2026-06-02T22:54:17.477+02:00 DEBUG 14904 --- [personal-finance-tracker] [io-8080-exec-10] o.s.web.servlet.DispatcherServlet        : Completed 200 OK
2026-06-02T22:54:20.779+02:00 DEBUG 14904 --- [personal-finance-tracker] [nio-8080-exec-5] o.s.web.servlet.DispatcherServlet        : GET "/v1/categories", parameters={}
2026-06-02T22:54:20.780+02:00 DEBUG 14904 --- [personal-finance-tracker] [nio-8080-exec-5] s.w.s.m.m.a.RequestMappingHandlerMapping : Mapped to com.dauphine.pft.controllers.CategoryController#getAll(String, CategoryType)
2026-06-02T22:54:20.781+02:00 DEBUG 14904 --- [personal-finance-tracker] [nio-8080-exec-7] o.s.web.servlet.DispatcherServlet        : GET "/v1/transactions", parameters={}
2026-06-02T22:54:20.782+02:00 DEBUG 14904 --- [personal-finance-tracker] [nio-8080-exec-7] s.w.s.m.m.a.RequestMappingHandlerMapping : Mapped to com.dauphine.pft.controllers.TransactionController#getAll(TransactionType, UUID, String, LocalDate, LocalDate, BigDecimal, BigDecimal, String)
2026-06-02T22:54:20.835+02:00 DEBUG 14904 --- [personal-finance-tracker] [nio-8080-exec-5] org.hibernate.SQL                        : 
    select
        c1_0.id,
        c1_0.created_at,
        c1_0.description,
        c1_0.name,
        c1_0.type,
        c1_0.updated_at,
        c1_0.user_id 
    from
        category c1_0 
    where
        c1_0.user_id=?
Hibernate: 
    select
        c1_0.id,
        c1_0.created_at,
        c1_0.description,
        c1_0.name,
        c1_0.type,
        c1_0.updated_at,
        c1_0.user_id 
    from
        category c1_0 
    where
        c1_0.user_id=?
2026-06-02T22:54:20.844+02:00 DEBUG 14904 --- [personal-finance-tracker] [nio-8080-exec-7] org.hibernate.SQL                        : 
    select
        t1_0.id,
        t1_0.amount,
        t1_0.category_id,
        t1_0.created_at,
        t1_0.description,
        t1_0.title,
        t1_0.transaction_date,
        t1_0.type,
        t1_0.updated_at,
        t1_0.user_id 
    from
        finance_transaction t1_0 
    where
        t1_0.user_id=? 
    order by
        t1_0.transaction_date desc
Hibernate: 
    select
        t1_0.id,
        t1_0.amount,
        t1_0.category_id,
        t1_0.created_at,
        t1_0.description,
        t1_0.title,
        t1_0.transaction_date,
        t1_0.type,
        t1_0.updated_at,
        t1_0.user_id 
    from
        finance_transaction t1_0 
    where
        t1_0.user_id=? 
    order by
        t1_0.transaction_date desc
2026-06-02T22:54:20.886+02:00 DEBUG 14904 --- [personal-finance-tracker] [nio-8080-exec-5] o.s.w.s.m.m.a.HttpEntityMethodProcessor  : Using 'application/json', given [application/json, text/plain, */*] and supported [application/json, application/*+json, application/yaml]
2026-06-02T22:54:20.887+02:00 DEBUG 14904 --- [personal-finance-tracker] [nio-8080-exec-5] o.s.w.s.m.m.a.HttpEntityMethodProcessor  : Writing [[com.dauphine.pft.dto.responses.CategoryResponse@56ee38e7, com.dauphine.pft.dto.responses.CategoryRe (truncated)...]
2026-06-02T22:54:20.905+02:00 DEBUG 14904 --- [personal-finance-tracker] [nio-8080-exec-5] o.s.web.servlet.DispatcherServlet        : Completed 200 OK
2026-06-02T22:54:20.907+02:00 DEBUG 14904 --- [personal-finance-tracker] [nio-8080-exec-7] org.hibernate.SQL                        : 
    select
        c1_0.id,
        c1_0.created_at,
        c1_0.description,
        c1_0.name,
        c1_0.type,
        c1_0.updated_at,
        c1_0.user_id 
    from
        category c1_0 
    where
        c1_0.id=?
Hibernate: 
    select
        c1_0.id,
        c1_0.created_at,
        c1_0.description,
        c1_0.name,
        c1_0.type,
        c1_0.updated_at,
        c1_0.user_id 
    from
        category c1_0 
    where
        c1_0.id=?
2026-06-02T22:54:20.962+02:00 DEBUG 14904 --- [personal-finance-tracker] [nio-8080-exec-7] org.hibernate.SQL                        : 
    select
        c1_0.id,
        c1_0.created_at,
        c1_0.description,
        c1_0.name,
        c1_0.type,
        c1_0.updated_at,
        c1_0.user_id 
    from
        category c1_0 
    where
        c1_0.id=?
Hibernate: 
    select
        c1_0.id,
        c1_0.created_at,
        c1_0.description,
        c1_0.name,
        c1_0.type,
        c1_0.updated_at,
        c1_0.user_id 
    from
        category c1_0 
    where
        c1_0.id=?
2026-06-02T22:54:21.009+02:00 DEBUG 14904 --- [personal-finance-tracker] [nio-8080-exec-7] org.hibernate.SQL                        : 
    select
        c1_0.id,
        c1_0.created_at,
        c1_0.description,
        c1_0.name,
        c1_0.type,
        c1_0.updated_at,
        c1_0.user_id 
    from
        category c1_0 
    where
        c1_0.id=?
Hibernate: 
    select
        c1_0.id,
        c1_0.created_at,
        c1_0.description,
        c1_0.name,
        c1_0.type,
        c1_0.updated_at,
        c1_0.user_id 
    from
        category c1_0 
    where
        c1_0.id=?
2026-06-02T22:54:21.057+02:00 DEBUG 14904 --- [personal-finance-tracker] [nio-8080-exec-7] org.hibernate.SQL                        : 
    select
        c1_0.id,
        c1_0.created_at,
        c1_0.description,
        c1_0.name,
        c1_0.type,
        c1_0.updated_at,
        c1_0.user_id 
    from
        category c1_0 
    where
        c1_0.id=?
Hibernate: 
    select
        c1_0.id,
        c1_0.created_at,
        c1_0.description,
        c1_0.name,
        c1_0.type,
        c1_0.updated_at,
        c1_0.user_id 
    from
        category c1_0 
    where
        c1_0.id=?
2026-06-02T22:54:21.102+02:00 DEBUG 14904 --- [personal-finance-tracker] [nio-8080-exec-7] o.s.w.s.m.m.a.HttpEntityMethodProcessor  : Using 'application/json', given [application/json, text/plain, */*] and supported [application/json, application/*+json, application/yaml]
2026-06-02T22:54:21.106+02:00 DEBUG 14904 --- [personal-finance-tracker] [nio-8080-exec-7] o.s.w.s.m.m.a.HttpEntityMethodProcessor  : Writing [[com.dauphine.pft.dto.responses.TransactionResponse@71368d0b, com.dauphine.pft.dto.responses.Transac (truncated)...]
2026-06-02T22:54:21.110+02:00 DEBUG 14904 --- [personal-finance-tracker] [nio-8080-exec-7] o.s.web.servlet.DispatcherServlet        : Completed 200 OK
2026-06-02T22:54:21.676+02:00 DEBUG 14904 --- [personal-finance-tracker] [nio-8080-exec-1] o.s.web.servlet.DispatcherServlet        : GET "/v1/transactions", parameters={}
2026-06-02T22:54:21.676+02:00 DEBUG 14904 --- [personal-finance-tracker] [nio-8080-exec-3] o.s.web.servlet.DispatcherServlet        : GET "/v1/categories", parameters={}
2026-06-02T22:54:21.676+02:00 DEBUG 14904 --- [personal-finance-tracker] [nio-8080-exec-3] s.w.s.m.m.a.RequestMappingHandlerMapping : Mapped to com.dauphine.pft.controllers.CategoryController#getAll(String, CategoryType)
2026-06-02T22:54:21.676+02:00 DEBUG 14904 --- [personal-finance-tracker] [nio-8080-exec-1] s.w.s.m.m.a.RequestMappingHandlerMapping : Mapped to com.dauphine.pft.controllers.TransactionController#getAll(TransactionType, UUID, String, LocalDate, LocalDate, BigDecimal, BigDecimal, String)
2026-06-02T22:54:21.682+02:00 DEBUG 14904 --- [personal-finance-tracker] [nio-8080-exec-9] o.s.web.servlet.DispatcherServlet        : GET "/v1/savings-goals", parameters={}
2026-06-02T22:54:21.683+02:00 DEBUG 14904 --- [personal-finance-tracker] [nio-8080-exec-9] s.w.s.m.m.a.RequestMappingHandlerMapping : Mapped to com.dauphine.pft.controllers.SavingsGoalController#getAll(SavingsGoalStatus, String, BigDecimal, BigDecimal, LocalDate, LocalDate)
2026-06-02T22:54:21.725+02:00 DEBUG 14904 --- [personal-finance-tracker] [nio-8080-exec-1] org.hibernate.SQL                        : 
    select
        t1_0.id,
        t1_0.amount,
        t1_0.category_id,
        t1_0.created_at,
        t1_0.description,
        t1_0.title,
        t1_0.transaction_date,
        t1_0.type,
        t1_0.updated_at,
        t1_0.user_id 
    from
        finance_transaction t1_0 
    where
        t1_0.user_id=? 
    order by
        t1_0.transaction_date desc
2026-06-02T22:54:21.725+02:00 DEBUG 14904 --- [personal-finance-tracker] [nio-8080-exec-3] org.hibernate.SQL                        : 
    select
        c1_0.id,
        c1_0.created_at,
        c1_0.description,
        c1_0.name,
        c1_0.type,
        c1_0.updated_at,
        c1_0.user_id 
    from
        category c1_0 
    where
        c1_0.user_id=?
Hibernate: 
    select
        c1_0.id,
        c1_0.created_at,
        c1_0.description,
        c1_0.name,
        c1_0.type,
        c1_0.updated_at,
        c1_0.user_id 
    from
        category c1_0 
    where
        c1_0.user_id=?
Hibernate: 
    select
        t1_0.id,
        t1_0.amount,
        t1_0.category_id,
        t1_0.created_at,
        t1_0.description,
        t1_0.title,
        t1_0.transaction_date,
        t1_0.type,
        t1_0.updated_at,
        t1_0.user_id 
    from
        finance_transaction t1_0 
    where
        t1_0.user_id=? 
    order by
        t1_0.transaction_date desc
2026-06-02T22:54:21.729+02:00 DEBUG 14904 --- [personal-finance-tracker] [nio-8080-exec-9] org.hibernate.SQL                        : 
    select
        sg1_0.id,
        sg1_0.created_at,
        sg1_0.current_amount,
        sg1_0.deadline,
        sg1_0.description,
        sg1_0.name,
        sg1_0.status,
        sg1_0.target_amount,
        sg1_0.updated_at,
        sg1_0.user_id 
    from
        savings_goal sg1_0 
    where
        sg1_0.user_id=? 
        and sg1_0.status='IN_PROGRESS' 
        and sg1_0.deadline<?
Hibernate: 
    select
        sg1_0.id,
        sg1_0.created_at,
        sg1_0.current_amount,
        sg1_0.deadline,
        sg1_0.description,
        sg1_0.name,
        sg1_0.status,
        sg1_0.target_amount,
        sg1_0.updated_at,
        sg1_0.user_id 
    from
        savings_goal sg1_0 
    where
        sg1_0.user_id=? 
        and sg1_0.status='IN_PROGRESS' 
        and sg1_0.deadline<?
2026-06-02T22:54:21.775+02:00 DEBUG 14904 --- [personal-finance-tracker] [nio-8080-exec-3] o.s.w.s.m.m.a.HttpEntityMethodProcessor  : Using 'application/json', given [application/json, text/plain, */*] and supported [application/json, application/*+json, application/yaml]
2026-06-02T22:54:21.775+02:00 DEBUG 14904 --- [personal-finance-tracker] [nio-8080-exec-3] o.s.w.s.m.m.a.HttpEntityMethodProcessor  : Writing [[com.dauphine.pft.dto.responses.CategoryResponse@70d06e1f, com.dauphine.pft.dto.responses.CategoryRe (truncated)...]
2026-06-02T22:54:21.777+02:00 DEBUG 14904 --- [personal-finance-tracker] [nio-8080-exec-3] o.s.web.servlet.DispatcherServlet        : Completed 200 OK
2026-06-02T22:54:21.792+02:00 DEBUG 14904 --- [personal-finance-tracker] [nio-8080-exec-1] org.hibernate.SQL                        : 
    select
        c1_0.id,
        c1_0.created_at,
        c1_0.description,
        c1_0.name,
        c1_0.type,
        c1_0.updated_at,
        c1_0.user_id 
    from
        category c1_0 
    where
        c1_0.id=?
Hibernate: 
    select
        c1_0.id,
        c1_0.created_at,
        c1_0.description,
        c1_0.name,
        c1_0.type,
        c1_0.updated_at,
        c1_0.user_id 
    from
        category c1_0 
    where
        c1_0.id=?
2026-06-02T22:54:21.798+02:00 DEBUG 14904 --- [personal-finance-tracker] [nio-8080-exec-9] org.hibernate.SQL                        : 
    select
        sg1_0.id,
        sg1_0.created_at,
        sg1_0.current_amount,
        sg1_0.deadline,
        sg1_0.description,
        sg1_0.name,
        sg1_0.status,
        sg1_0.target_amount,
        sg1_0.updated_at,
        sg1_0.user_id 
    from
        savings_goal sg1_0 
    where
        sg1_0.user_id=?
Hibernate: 
    select
        sg1_0.id,
        sg1_0.created_at,
        sg1_0.current_amount,
        sg1_0.deadline,
        sg1_0.description,
        sg1_0.name,
        sg1_0.status,
        sg1_0.target_amount,
        sg1_0.updated_at,
        sg1_0.user_id 
    from
        savings_goal sg1_0 
    where
        sg1_0.user_id=?
2026-06-02T22:54:21.839+02:00 DEBUG 14904 --- [personal-finance-tracker] [nio-8080-exec-1] org.hibernate.SQL                        : 
    select
        c1_0.id,
        c1_0.created_at,
        c1_0.description,
        c1_0.name,
        c1_0.type,
        c1_0.updated_at,
        c1_0.user_id 
    from
        category c1_0 
    where
        c1_0.id=?
Hibernate: 
    select
        c1_0.id,
        c1_0.created_at,
        c1_0.description,
        c1_0.name,
        c1_0.type,
        c1_0.updated_at,
        c1_0.user_id 
    from
        category c1_0 
    where
        c1_0.id=?
2026-06-02T22:54:21.851+02:00 DEBUG 14904 --- [personal-finance-tracker] [nio-8080-exec-9] o.s.w.s.m.m.a.HttpEntityMethodProcessor  : Using 'application/json', given [application/json, text/plain, */*] and supported [application/json, application/*+json, application/yaml]
2026-06-02T22:54:21.851+02:00 DEBUG 14904 --- [personal-finance-tracker] [nio-8080-exec-9] o.s.w.s.m.m.a.HttpEntityMethodProcessor  : Writing [[com.dauphine.pft.dto.responses.SavingsGoalResponse@31272222, com.dauphine.pft.dto.responses.Savings (truncated)...]
2026-06-02T22:54:21.854+02:00 DEBUG 14904 --- [personal-finance-tracker] [nio-8080-exec-9] o.s.web.servlet.DispatcherServlet        : Completed 200 OK
2026-06-02T22:54:21.881+02:00 DEBUG 14904 --- [personal-finance-tracker] [nio-8080-exec-1] org.hibernate.SQL                        : 
    select
        c1_0.id,
        c1_0.created_at,
        c1_0.description,
        c1_0.name,
        c1_0.type,
        c1_0.updated_at,
        c1_0.user_id 
    from
        category c1_0 
    where
        c1_0.id=?
Hibernate: 
    select
        c1_0.id,
        c1_0.created_at,
        c1_0.description,
        c1_0.name,
        c1_0.type,
        c1_0.updated_at,
        c1_0.user_id 
    from
        category c1_0 
    where
        c1_0.id=?
2026-06-02T22:54:21.924+02:00 DEBUG 14904 --- [personal-finance-tracker] [nio-8080-exec-1] org.hibernate.SQL                        : 
    select
        c1_0.id,
        c1_0.created_at,
        c1_0.description,
        c1_0.name,
        c1_0.type,
        c1_0.updated_at,
        c1_0.user_id 
    from
        category c1_0 
    where
        c1_0.id=?
Hibernate: 
    select
        c1_0.id,
        c1_0.created_at,
        c1_0.description,
        c1_0.name,
        c1_0.type,
        c1_0.updated_at,
        c1_0.user_id 
    from
        category c1_0 
    where
        c1_0.id=?
2026-06-02T22:54:21.969+02:00 DEBUG 14904 --- [personal-finance-tracker] [nio-8080-exec-1] o.s.w.s.m.m.a.HttpEntityMethodProcessor  : Using 'application/json', given [application/json, text/plain, */*] and supported [application/json, application/*+json, application/yaml]
2026-06-02T22:54:21.969+02:00 DEBUG 14904 --- [personal-finance-tracker] [nio-8080-exec-1] o.s.w.s.m.m.a.HttpEntityMethodProcessor  : Writing [[com.dauphine.pft.dto.responses.TransactionResponse@10c05485, com.dauphine.pft.dto.responses.Transac (truncated)...]
2026-06-02T22:54:21.973+02:00 DEBUG 14904 --- [personal-finance-tracker] [nio-8080-exec-1] o.s.web.servlet.DispatcherServlet        : Completed 200 OK
2026-06-02T22:54:22.647+02:00 DEBUG 14904 --- [personal-finance-tracker] [nio-8080-exec-2] o.s.web.servlet.DispatcherServlet        : GET "/v1/categories", parameters={}
2026-06-02T22:54:22.649+02:00 DEBUG 14904 --- [personal-finance-tracker] [nio-8080-exec-2] s.w.s.m.m.a.RequestMappingHandlerMapping : Mapped to com.dauphine.pft.controllers.CategoryController#getAll(String, CategoryType)
2026-06-02T22:54:22.723+02:00 DEBUG 14904 --- [personal-finance-tracker] [nio-8080-exec-2] org.hibernate.SQL                        : 
    select
        c1_0.id,
        c1_0.created_at,
        c1_0.description,
        c1_0.name,
        c1_0.type,
        c1_0.updated_at,
        c1_0.user_id 
    from
        category c1_0 
    where
        c1_0.user_id=?
Hibernate: 
    select
        c1_0.id,
        c1_0.created_at,
        c1_0.description,
        c1_0.name,
        c1_0.type,
        c1_0.updated_at,
        c1_0.user_id 
    from
        category c1_0 
    where
        c1_0.user_id=?
2026-06-02T22:54:22.772+02:00 DEBUG 14904 --- [personal-finance-tracker] [nio-8080-exec-2] o.s.w.s.m.m.a.HttpEntityMethodProcessor  : Using 'application/json', given [application/json, text/plain, */*] and supported [application/json, application/*+json, application/yaml]
2026-06-02T22:54:22.773+02:00 DEBUG 14904 --- [personal-finance-tracker] [nio-8080-exec-2] o.s.w.s.m.m.a.HttpEntityMethodProcessor  : Writing [[com.dauphine.pft.dto.responses.CategoryResponse@354d8ad2, com.dauphine.pft.dto.responses.CategoryRe (truncated)...]
2026-06-02T22:54:22.775+02:00 DEBUG 14904 --- [personal-finance-tracker] [nio-8080-exec-2] o.s.web.servlet.DispatcherServlet        : Completed 200 OK
2026-06-02T22:54:24.530+02:00 DEBUG 14904 --- [personal-finance-tracker] [io-8080-exec-10] o.s.web.servlet.DispatcherServlet        : GET "/v1/savings-goals", parameters={}
2026-06-02T22:54:24.531+02:00 DEBUG 14904 --- [personal-finance-tracker] [io-8080-exec-10] s.w.s.m.m.a.RequestMappingHandlerMapping : Mapped to com.dauphine.pft.controllers.SavingsGoalController#getAll(SavingsGoalStatus, String, BigDecimal, BigDecimal, LocalDate, LocalDate)
2026-06-02T22:54:24.572+02:00 DEBUG 14904 --- [personal-finance-tracker] [io-8080-exec-10] org.hibernate.SQL                        : 
    select
        sg1_0.id,
        sg1_0.created_at,
        sg1_0.current_amount,
        sg1_0.deadline,
        sg1_0.description,
        sg1_0.name,
        sg1_0.status,
        sg1_0.target_amount,
        sg1_0.updated_at,
        sg1_0.user_id 
    from
        savings_goal sg1_0 
    where
        sg1_0.user_id=? 
        and sg1_0.status='IN_PROGRESS' 
        and sg1_0.deadline<?
Hibernate: 
    select
        sg1_0.id,
        sg1_0.created_at,
        sg1_0.current_amount,
        sg1_0.deadline,
        sg1_0.description,
        sg1_0.name,
        sg1_0.status,
        sg1_0.target_amount,
        sg1_0.updated_at,
        sg1_0.user_id 
    from
        savings_goal sg1_0 
    where
        sg1_0.user_id=? 
        and sg1_0.status='IN_PROGRESS' 
        and sg1_0.deadline<?
2026-06-02T22:54:24.623+02:00 DEBUG 14904 --- [personal-finance-tracker] [io-8080-exec-10] org.hibernate.SQL                        : 
    select
        sg1_0.id,
        sg1_0.created_at,
        sg1_0.current_amount,
        sg1_0.deadline,
        sg1_0.description,
        sg1_0.name,
        sg1_0.status,
        sg1_0.target_amount,
        sg1_0.updated_at,
        sg1_0.user_id 
    from
        savings_goal sg1_0 
    where
        sg1_0.user_id=?
Hibernate: 
    select
        sg1_0.id,
        sg1_0.created_at,
        sg1_0.current_amount,
        sg1_0.deadline,
        sg1_0.description,
        sg1_0.name,
        sg1_0.status,
        sg1_0.target_amount,
        sg1_0.updated_at,
        sg1_0.user_id 
    from
        savings_goal sg1_0 
    where
        sg1_0.user_id=?
2026-06-02T22:54:24.681+02:00 DEBUG 14904 --- [personal-finance-tracker] [io-8080-exec-10] o.s.w.s.m.m.a.HttpEntityMethodProcessor  : Using 'application/json', given [application/json, text/plain, */*] and supported [application/json, application/*+json, application/yaml]
2026-06-02T22:54:24.683+02:00 DEBUG 14904 --- [personal-finance-tracker] [io-8080-exec-10] o.s.w.s.m.m.a.HttpEntityMethodProcessor  : Writing [[com.dauphine.pft.dto.responses.SavingsGoalResponse@283c981c, com.dauphine.pft.dto.responses.Savings (truncated)...]
2026-06-02T22:54:24.684+02:00 DEBUG 14904 --- [personal-finance-tracker] [io-8080-exec-10] o.s.web.servlet.DispatcherServlet        : Completed 200 OK
2026-06-02T22:54:27.059+02:00 DEBUG 14904 --- [personal-finance-tracker] [nio-8080-exec-8] o.s.web.servlet.DispatcherServlet        : GET "/v1/savings-goals/c4832074-fce8-450b-8206-422d6966409b/contributions", parameters={}
2026-06-02T22:54:27.059+02:00 DEBUG 14904 --- [personal-finance-tracker] [nio-8080-exec-7] o.s.web.servlet.DispatcherServlet        : GET "/v1/savings-goals/c4832074-fce8-450b-8206-422d6966409b", parameters={}
2026-06-02T22:54:27.060+02:00 DEBUG 14904 --- [personal-finance-tracker] [nio-8080-exec-8] s.w.s.m.m.a.RequestMappingHandlerMapping : Mapped to com.dauphine.pft.controllers.SavingsGoalController#getContributions(UUID)
2026-06-02T22:54:27.060+02:00 DEBUG 14904 --- [personal-finance-tracker] [nio-8080-exec-7] s.w.s.m.m.a.RequestMappingHandlerMapping : Mapped to com.dauphine.pft.controllers.SavingsGoalController#getById(UUID)
2026-06-02T22:54:27.122+02:00 DEBUG 14904 --- [personal-finance-tracker] [nio-8080-exec-7] org.hibernate.SQL                        : 
    select
        sg1_0.id,
        sg1_0.created_at,
        sg1_0.current_amount,
        sg1_0.deadline,
        sg1_0.description,
        sg1_0.name,
        sg1_0.status,
        sg1_0.target_amount,
        sg1_0.updated_at,
        sg1_0.user_id 
    from
        savings_goal sg1_0 
    where
        sg1_0.user_id=? 
        and sg1_0.status='IN_PROGRESS' 
        and sg1_0.deadline<?
Hibernate: 
    select
        sg1_0.id,
        sg1_0.created_at,
        sg1_0.current_amount,
        sg1_0.deadline,
        sg1_0.description,
        sg1_0.name,
        sg1_0.status,
        sg1_0.target_amount,
        sg1_0.updated_at,
        sg1_0.user_id 
    from
        savings_goal sg1_0 
    where
        sg1_0.user_id=? 
        and sg1_0.status='IN_PROGRESS' 
        and sg1_0.deadline<?
2026-06-02T22:54:27.132+02:00 DEBUG 14904 --- [personal-finance-tracker] [nio-8080-exec-8] org.hibernate.SQL                        : 
    select
        sg1_0.id,
        sg1_0.created_at,
        sg1_0.current_amount,
        sg1_0.deadline,
        sg1_0.description,
        sg1_0.name,
        sg1_0.status,
        sg1_0.target_amount,
        sg1_0.updated_at,
        sg1_0.user_id 
    from
        savings_goal sg1_0 
    where
        sg1_0.id=? 
        and sg1_0.user_id=?
Hibernate: 
    select
        sg1_0.id,
        sg1_0.created_at,
        sg1_0.current_amount,
        sg1_0.deadline,
        sg1_0.description,
        sg1_0.name,
        sg1_0.status,
        sg1_0.target_amount,
        sg1_0.updated_at,
        sg1_0.user_id 
    from
        savings_goal sg1_0 
    where
        sg1_0.id=? 
        and sg1_0.user_id=?
2026-06-02T22:54:27.179+02:00 DEBUG 14904 --- [personal-finance-tracker] [nio-8080-exec-7] org.hibernate.SQL                        : 
    select
        sg1_0.id,
        sg1_0.created_at,
        sg1_0.current_amount,
        sg1_0.deadline,
        sg1_0.description,
        sg1_0.name,
        sg1_0.status,
        sg1_0.target_amount,
        sg1_0.updated_at,
        sg1_0.user_id 
    from
        savings_goal sg1_0 
    where
        sg1_0.id=? 
        and sg1_0.user_id=?
Hibernate: 
    select
        sg1_0.id,
        sg1_0.created_at,
        sg1_0.current_amount,
        sg1_0.deadline,
        sg1_0.description,
        sg1_0.name,
        sg1_0.status,
        sg1_0.target_amount,
        sg1_0.updated_at,
        sg1_0.user_id 
    from
        savings_goal sg1_0 
    where
        sg1_0.id=? 
        and sg1_0.user_id=?
2026-06-02T22:54:27.188+02:00 DEBUG 14904 --- [personal-finance-tracker] [nio-8080-exec-8] org.hibernate.SQL                        : 
    select
        sgc1_0.id,
        sgc1_0.amount,
        sgc1_0.created_at,
        sgc1_0.contribution_date,
        sgc1_0.goal_id,
        sgc1_0.note 
    from
        savings_goal_contribution sgc1_0 
    left join
        savings_goal g1_0 
            on g1_0.id=sgc1_0.goal_id 
    left join
        app_user u1_0 
            on u1_0.id=g1_0.user_id 
    where
        g1_0.id=? 
        and u1_0.id=? 
    order by
        sgc1_0.contribution_date desc,
        sgc1_0.created_at desc
Hibernate: 
    select
        sgc1_0.id,
        sgc1_0.amount,
        sgc1_0.created_at,
        sgc1_0.contribution_date,
        sgc1_0.goal_id,
        sgc1_0.note 
    from
        savings_goal_contribution sgc1_0 
    left join
        savings_goal g1_0 
            on g1_0.id=sgc1_0.goal_id 
    left join
        app_user u1_0 
            on u1_0.id=g1_0.user_id 
    where
        g1_0.id=? 
        and u1_0.id=? 
    order by
        sgc1_0.contribution_date desc,
        sgc1_0.created_at desc
2026-06-02T22:54:27.228+02:00 DEBUG 14904 --- [personal-finance-tracker] [nio-8080-exec-7] o.s.w.s.m.m.a.HttpEntityMethodProcessor  : Using 'application/json', given [application/json, text/plain, */*] and supported [application/json, application/*+json, application/yaml]
2026-06-02T22:54:27.229+02:00 DEBUG 14904 --- [personal-finance-tracker] [nio-8080-exec-7] o.s.w.s.m.m.a.HttpEntityMethodProcessor  : Writing [com.dauphine.pft.dto.responses.SavingsGoalResponse@7a5dd6c4]
2026-06-02T22:54:27.230+02:00 DEBUG 14904 --- [personal-finance-tracker] [nio-8080-exec-7] o.s.web.servlet.DispatcherServlet        : Completed 200 OK
2026-06-02T22:54:27.246+02:00 DEBUG 14904 --- [personal-finance-tracker] [nio-8080-exec-8] o.s.w.s.m.m.a.HttpEntityMethodProcessor  : Using 'application/json', given [application/json, text/plain, */*] and supported [application/json, application/*+json, application/yaml]
2026-06-02T22:54:27.247+02:00 DEBUG 14904 --- [personal-finance-tracker] [nio-8080-exec-8] o.s.w.s.m.m.a.HttpEntityMethodProcessor  : Writing [[]]
2026-06-02T22:54:27.248+02:00 DEBUG 14904 --- [personal-finance-tracker] [nio-8080-exec-8] o.s.web.servlet.DispatcherServlet        : Completed 200 OK
2026-06-02T22:54:33.640+02:00 DEBUG 14904 --- [personal-finance-tracker] [nio-8080-exec-6] o.s.web.servlet.DispatcherServlet        : GET "/v1/savings-goals/c4832074-fce8-450b-8206-422d6966409b/contributions", parameters={}
2026-06-02T22:54:33.640+02:00 DEBUG 14904 --- [personal-finance-tracker] [nio-8080-exec-1] o.s.web.servlet.DispatcherServlet        : GET "/v1/savings-goals/c4832074-fce8-450b-8206-422d6966409b", parameters={}
2026-06-02T22:54:33.644+02:00 DEBUG 14904 --- [personal-finance-tracker] [nio-8080-exec-1] s.w.s.m.m.a.RequestMappingHandlerMapping : Mapped to com.dauphine.pft.controllers.SavingsGoalController#getById(UUID)
2026-06-02T22:54:33.644+02:00 DEBUG 14904 --- [personal-finance-tracker] [nio-8080-exec-6] s.w.s.m.m.a.RequestMappingHandlerMapping : Mapped to com.dauphine.pft.controllers.SavingsGoalController#getContributions(UUID)
2026-06-02T22:54:33.700+02:00 DEBUG 14904 --- [personal-finance-tracker] [nio-8080-exec-6] org.hibernate.SQL                        : 
    select
        sg1_0.id,
        sg1_0.created_at,
        sg1_0.current_amount,
        sg1_0.deadline,
        sg1_0.description,
        sg1_0.name,
        sg1_0.status,
        sg1_0.target_amount,
        sg1_0.updated_at,
        sg1_0.user_id 
    from
        savings_goal sg1_0 
    where
        sg1_0.id=? 
        and sg1_0.user_id=?
Hibernate: 
    select
        sg1_0.id,
        sg1_0.created_at,
        sg1_0.current_amount,
        sg1_0.deadline,
        sg1_0.description,
        sg1_0.name,
        sg1_0.status,
        sg1_0.target_amount,
        sg1_0.updated_at,
        sg1_0.user_id 
    from
        savings_goal sg1_0 
    where
        sg1_0.id=? 
        and sg1_0.user_id=?
2026-06-02T22:54:33.700+02:00 DEBUG 14904 --- [personal-finance-tracker] [nio-8080-exec-1] org.hibernate.SQL                        : 
    select
        sg1_0.id,
        sg1_0.created_at,
        sg1_0.current_amount,
        sg1_0.deadline,
        sg1_0.description,
        sg1_0.name,
        sg1_0.status,
        sg1_0.target_amount,
        sg1_0.updated_at,
        sg1_0.user_id 
    from
        savings_goal sg1_0 
    where
        sg1_0.user_id=? 
        and sg1_0.status='IN_PROGRESS' 
        and sg1_0.deadline<?
Hibernate: 
    select
        sg1_0.id,
        sg1_0.created_at,
        sg1_0.current_amount,
        sg1_0.deadline,
        sg1_0.description,
        sg1_0.name,
        sg1_0.status,
        sg1_0.target_amount,
        sg1_0.updated_at,
        sg1_0.user_id 
    from
        savings_goal sg1_0 
    where
        sg1_0.user_id=? 
        and sg1_0.status='IN_PROGRESS' 
        and sg1_0.deadline<?
2026-06-02T22:54:33.755+02:00 DEBUG 14904 --- [personal-finance-tracker] [nio-8080-exec-6] org.hibernate.SQL                        : 
    select
        sgc1_0.id,
        sgc1_0.amount,
        sgc1_0.created_at,
        sgc1_0.contribution_date,
        sgc1_0.goal_id,
        sgc1_0.note 
    from
        savings_goal_contribution sgc1_0 
    left join
        savings_goal g1_0 
            on g1_0.id=sgc1_0.goal_id 
    left join
        app_user u1_0 
            on u1_0.id=g1_0.user_id 
    where
        g1_0.id=? 
        and u1_0.id=? 
    order by
        sgc1_0.contribution_date desc,
        sgc1_0.created_at desc
Hibernate: 
    select
        sgc1_0.id,
        sgc1_0.amount,
        sgc1_0.created_at,
        sgc1_0.contribution_date,
        sgc1_0.goal_id,
        sgc1_0.note 
    from
        savings_goal_contribution sgc1_0 
    left join
        savings_goal g1_0 
            on g1_0.id=sgc1_0.goal_id 
    left join
        app_user u1_0 
            on u1_0.id=g1_0.user_id 
    where
        g1_0.id=? 
        and u1_0.id=? 
    order by
        sgc1_0.contribution_date desc,
        sgc1_0.created_at desc
2026-06-02T22:54:33.759+02:00 DEBUG 14904 --- [personal-finance-tracker] [nio-8080-exec-1] org.hibernate.SQL                        : 
    select
        sg1_0.id,
        sg1_0.created_at,
        sg1_0.current_amount,
        sg1_0.deadline,
        sg1_0.description,
        sg1_0.name,
        sg1_0.status,
        sg1_0.target_amount,
        sg1_0.updated_at,
        sg1_0.user_id 
    from
        savings_goal sg1_0 
    where
        sg1_0.id=? 
        and sg1_0.user_id=?
Hibernate: 
    select
        sg1_0.id,
        sg1_0.created_at,
        sg1_0.current_amount,
        sg1_0.deadline,
        sg1_0.description,
        sg1_0.name,
        sg1_0.status,
        sg1_0.target_amount,
        sg1_0.updated_at,
        sg1_0.user_id 
    from
        savings_goal sg1_0 
    where
        sg1_0.id=? 
        and sg1_0.user_id=?
2026-06-02T22:54:33.802+02:00 DEBUG 14904 --- [personal-finance-tracker] [nio-8080-exec-6] o.s.w.s.m.m.a.HttpEntityMethodProcessor  : Using 'application/json', given [application/json, text/plain, */*] and supported [application/json, application/*+json, application/yaml]
2026-06-02T22:54:33.803+02:00 DEBUG 14904 --- [personal-finance-tracker] [nio-8080-exec-6] o.s.w.s.m.m.a.HttpEntityMethodProcessor  : Writing [[]]
2026-06-02T22:54:33.805+02:00 DEBUG 14904 --- [personal-finance-tracker] [nio-8080-exec-6] o.s.web.servlet.DispatcherServlet        : Completed 200 OK
2026-06-02T22:54:33.810+02:00 DEBUG 14904 --- [personal-finance-tracker] [nio-8080-exec-1] o.s.w.s.m.m.a.HttpEntityMethodProcessor  : Using 'application/json', given [application/json, text/plain, */*] and supported [application/json, application/*+json, application/yaml]
2026-06-02T22:54:33.811+02:00 DEBUG 14904 --- [personal-finance-tracker] [nio-8080-exec-1] o.s.w.s.m.m.a.HttpEntityMethodProcessor  : Writing [com.dauphine.pft.dto.responses.SavingsGoalResponse@54839e09]
2026-06-02T22:54:33.812+02:00 DEBUG 14904 --- [personal-finance-tracker] [nio-8080-exec-1] o.s.web.servlet.DispatcherServlet        : Completed 200 OK
2026-06-02T23:01:20.239+02:00 DEBUG 14904 --- [personal-finance-tracker] [nio-8080-exec-8] o.s.web.servlet.DispatcherServlet        : GET "/v1/savings-goals/c4832074-fce8-450b-8206-422d6966409b/contributions", parameters={}
2026-06-02T23:01:20.240+02:00 DEBUG 14904 --- [personal-finance-tracker] [nio-8080-exec-8] s.w.s.m.m.a.RequestMappingHandlerMapping : Mapped to com.dauphine.pft.controllers.SavingsGoalController#getContributions(UUID)
2026-06-02T23:01:20.240+02:00 DEBUG 14904 --- [personal-finance-tracker] [nio-8080-exec-3] o.s.web.servlet.DispatcherServlet        : GET "/v1/savings-goals/c4832074-fce8-450b-8206-422d6966409b", parameters={}
2026-06-02T23:01:20.241+02:00 DEBUG 14904 --- [personal-finance-tracker] [nio-8080-exec-3] s.w.s.m.m.a.RequestMappingHandlerMapping : Mapped to com.dauphine.pft.controllers.SavingsGoalController#getById(UUID)
2026-06-02T23:01:20.363+02:00 DEBUG 14904 --- [personal-finance-tracker] [nio-8080-exec-3] org.hibernate.SQL                        : 
    select
        sg1_0.id,
        sg1_0.created_at,
        sg1_0.current_amount,
        sg1_0.deadline,
        sg1_0.description,
        sg1_0.name,
        sg1_0.status,
        sg1_0.target_amount,
        sg1_0.updated_at,
        sg1_0.user_id 
    from
        savings_goal sg1_0 
    where
        sg1_0.user_id=? 
        and sg1_0.status='IN_PROGRESS' 
        and sg1_0.deadline<?
Hibernate: 
    select
        sg1_0.id,
        sg1_0.created_at,
        sg1_0.current_amount,
        sg1_0.deadline,
        sg1_0.description,
        sg1_0.name,
        sg1_0.status,
        sg1_0.target_amount,
        sg1_0.updated_at,
        sg1_0.user_id 
    from
        savings_goal sg1_0 
    where
        sg1_0.user_id=? 
        and sg1_0.status='IN_PROGRESS' 
        and sg1_0.deadline<?
2026-06-02T23:01:20.408+02:00 DEBUG 14904 --- [personal-finance-tracker] [nio-8080-exec-3] org.hibernate.SQL                        : 
    select
        sg1_0.id,
        sg1_0.created_at,
        sg1_0.current_amount,
        sg1_0.deadline,
        sg1_0.description,
        sg1_0.name,
        sg1_0.status,
        sg1_0.target_amount,
        sg1_0.updated_at,
        sg1_0.user_id 
    from
        savings_goal sg1_0 
    where
        sg1_0.id=? 
        and sg1_0.user_id=?
Hibernate: 
    select
        sg1_0.id,
        sg1_0.created_at,
        sg1_0.current_amount,
        sg1_0.deadline,
        sg1_0.description,
        sg1_0.name,
        sg1_0.status,
        sg1_0.target_amount,
        sg1_0.updated_at,
        sg1_0.user_id 
    from
        savings_goal sg1_0 
    where
        sg1_0.id=? 
        and sg1_0.user_id=?
2026-06-02T23:01:20.661+02:00 DEBUG 14904 --- [personal-finance-tracker] [nio-8080-exec-3] o.s.w.s.m.m.a.HttpEntityMethodProcessor  : Using 'application/json', given [application/json, text/plain, */*] and supported [application/json, application/*+json, application/yaml]
2026-06-02T23:01:20.661+02:00 DEBUG 14904 --- [personal-finance-tracker] [nio-8080-exec-3] o.s.w.s.m.m.a.HttpEntityMethodProcessor  : Writing [com.dauphine.pft.dto.responses.SavingsGoalResponse@62ea8b8]
2026-06-02T23:01:20.663+02:00 DEBUG 14904 --- [personal-finance-tracker] [nio-8080-exec-3] o.s.web.servlet.DispatcherServlet        : Completed 200 OK
2026-06-02T23:01:20.663+02:00 DEBUG 14904 --- [personal-finance-tracker] [nio-8080-exec-8] org.hibernate.SQL                        : 
    select
        sg1_0.id,
        sg1_0.created_at,
        sg1_0.current_amount,
        sg1_0.deadline,
        sg1_0.description,
        sg1_0.name,
        sg1_0.status,
        sg1_0.target_amount,
        sg1_0.updated_at,
        sg1_0.user_id 
    from
        savings_goal sg1_0 
    where
        sg1_0.id=? 
        and sg1_0.user_id=?
Hibernate: 
    select
        sg1_0.id,
        sg1_0.created_at,
        sg1_0.current_amount,
        sg1_0.deadline,
        sg1_0.description,
        sg1_0.name,
        sg1_0.status,
        sg1_0.target_amount,
        sg1_0.updated_at,
        sg1_0.user_id 
    from
        savings_goal sg1_0 
    where
        sg1_0.id=? 
        and sg1_0.user_id=?
2026-06-02T23:01:20.716+02:00 DEBUG 14904 --- [personal-finance-tracker] [nio-8080-exec-8] org.hibernate.SQL                        : 
    select
        sgc1_0.id,
        sgc1_0.amount,
        sgc1_0.created_at,
        sgc1_0.contribution_date,
        sgc1_0.goal_id,
        sgc1_0.note 
    from
        savings_goal_contribution sgc1_0 
    left join
        savings_goal g1_0 
            on g1_0.id=sgc1_0.goal_id 
    left join
        app_user u1_0 
            on u1_0.id=g1_0.user_id 
    where
        g1_0.id=? 
        and u1_0.id=? 
    order by
        sgc1_0.contribution_date desc,
        sgc1_0.created_at desc
Hibernate: 
    select
        sgc1_0.id,
        sgc1_0.amount,
        sgc1_0.created_at,
        sgc1_0.contribution_date,
        sgc1_0.goal_id,
        sgc1_0.note 
    from
        savings_goal_contribution sgc1_0 
    left join
        savings_goal g1_0 
            on g1_0.id=sgc1_0.goal_id 
    left join
        app_user u1_0 
            on u1_0.id=g1_0.user_id 
    where
        g1_0.id=? 
        and u1_0.id=? 
    order by
        sgc1_0.contribution_date desc,
        sgc1_0.created_at desc
2026-06-02T23:01:20.768+02:00 DEBUG 14904 --- [personal-finance-tracker] [nio-8080-exec-8] o.s.w.s.m.m.a.HttpEntityMethodProcessor  : Using 'application/json', given [application/json, text/plain, */*] and supported [application/json, application/*+json, application/yaml]
2026-06-02T23:01:20.768+02:00 DEBUG 14904 --- [personal-finance-tracker] [nio-8080-exec-8] o.s.w.s.m.m.a.HttpEntityMethodProcessor  : Writing [[]]
2026-06-02T23:01:20.770+02:00 DEBUG 14904 --- [personal-finance-tracker] [nio-8080-exec-8] o.s.web.servlet.DispatcherServlet        : Completed 200 OK
2026-06-02T23:01:39.428+02:00 DEBUG 14904 --- [personal-finance-tracker] [nio-8080-exec-1] o.s.web.servlet.DispatcherServlet        : GET "/v1/categories", parameters={}
2026-06-02T23:01:39.430+02:00 DEBUG 14904 --- [personal-finance-tracker] [nio-8080-exec-2] o.s.web.servlet.DispatcherServlet        : GET "/v1/transactions", parameters={}
2026-06-02T23:01:39.430+02:00 DEBUG 14904 --- [personal-finance-tracker] [nio-8080-exec-1] s.w.s.m.m.a.RequestMappingHandlerMapping : Mapped to com.dauphine.pft.controllers.CategoryController#getAll(String, CategoryType)
2026-06-02T23:01:39.430+02:00 DEBUG 14904 --- [personal-finance-tracker] [nio-8080-exec-2] s.w.s.m.m.a.RequestMappingHandlerMapping : Mapped to com.dauphine.pft.controllers.TransactionController#getAll(TransactionType, UUID, String, LocalDate, LocalDate, BigDecimal, BigDecimal, String)
2026-06-02T23:01:39.739+02:00 DEBUG 14904 --- [personal-finance-tracker] [nio-8080-exec-2] org.hibernate.SQL                        : 
    select
        t1_0.id,
        t1_0.amount,
        t1_0.category_id,
        t1_0.created_at,
        t1_0.description,
        t1_0.title,
        t1_0.transaction_date,
        t1_0.type,
        t1_0.updated_at,
        t1_0.user_id 
    from
        finance_transaction t1_0 
    where
        t1_0.user_id=? 
    order by
        t1_0.transaction_date desc
2026-06-02T23:01:39.739+02:00 DEBUG 14904 --- [personal-finance-tracker] [nio-8080-exec-1] org.hibernate.SQL                        : 
    select
        c1_0.id,
        c1_0.created_at,
        c1_0.description,
        c1_0.name,
        c1_0.type,
        c1_0.updated_at,
        c1_0.user_id 
    from
        category c1_0 
    where
        c1_0.user_id=?
Hibernate: 
    select
        c1_0.id,
        c1_0.created_at,
        c1_0.description,
        c1_0.name,
        c1_0.type,
        c1_0.updated_at,
        c1_0.user_id 
    from
        category c1_0 
    where
        c1_0.user_id=?
Hibernate: 
    select
        t1_0.id,
        t1_0.amount,
        t1_0.category_id,
        t1_0.created_at,
        t1_0.description,
        t1_0.title,
        t1_0.transaction_date,
        t1_0.type,
        t1_0.updated_at,
        t1_0.user_id 
    from
        finance_transaction t1_0 
    where
        t1_0.user_id=? 
    order by
        t1_0.transaction_date desc
2026-06-02T23:01:39.896+02:00 DEBUG 14904 --- [personal-finance-tracker] [nio-8080-exec-4] o.s.web.servlet.DispatcherServlet        : GET "/v1/categories", parameters={}
2026-06-02T23:01:39.899+02:00 DEBUG 14904 --- [personal-finance-tracker] [nio-8080-exec-4] s.w.s.m.m.a.RequestMappingHandlerMapping : Mapped to com.dauphine.pft.controllers.CategoryController#getAll(String, CategoryType)
2026-06-02T23:01:40.059+02:00 DEBUG 14904 --- [personal-finance-tracker] [nio-8080-exec-2] org.hibernate.SQL                        : 
    select
        c1_0.id,
        c1_0.created_at,
        c1_0.description,
        c1_0.name,
        c1_0.type,
        c1_0.updated_at,
        c1_0.user_id 
    from
        category c1_0 
    where
        c1_0.id=?
Hibernate: 
    select
        c1_0.id,
        c1_0.created_at,
        c1_0.description,
        c1_0.name,
        c1_0.type,
        c1_0.updated_at,
        c1_0.user_id 
    from
        category c1_0 
    where
        c1_0.id=?
2026-06-02T23:01:40.061+02:00 DEBUG 14904 --- [personal-finance-tracker] [nio-8080-exec-1] o.s.w.s.m.m.a.HttpEntityMethodProcessor  : Using 'application/json', given [application/json, text/plain, */*] and supported [application/json, application/*+json, application/yaml]
2026-06-02T23:01:40.062+02:00 DEBUG 14904 --- [personal-finance-tracker] [nio-8080-exec-1] o.s.w.s.m.m.a.HttpEntityMethodProcessor  : Writing [[com.dauphine.pft.dto.responses.CategoryResponse@70c5a1a, com.dauphine.pft.dto.responses.CategoryRes (truncated)...]
2026-06-02T23:01:40.064+02:00 DEBUG 14904 --- [personal-finance-tracker] [nio-8080-exec-1] o.s.web.servlet.DispatcherServlet        : Completed 200 OK
2026-06-02T23:01:40.064+02:00 DEBUG 14904 --- [personal-finance-tracker] [nio-8080-exec-4] org.hibernate.SQL                        : 
    select
        c1_0.id,
        c1_0.created_at,
        c1_0.description,
        c1_0.name,
        c1_0.type,
        c1_0.updated_at,
        c1_0.user_id 
    from
        category c1_0 
    where
        c1_0.user_id=?
Hibernate: 
    select
        c1_0.id,
        c1_0.created_at,
        c1_0.description,
        c1_0.name,
        c1_0.type,
        c1_0.updated_at,
        c1_0.user_id 
    from
        category c1_0 
    where
        c1_0.user_id=?
2026-06-02T23:01:40.374+02:00 DEBUG 14904 --- [personal-finance-tracker] [nio-8080-exec-2] org.hibernate.SQL                        : 
    select
        c1_0.id,
        c1_0.created_at,
        c1_0.description,
        c1_0.name,
        c1_0.type,
        c1_0.updated_at,
        c1_0.user_id 
    from
        category c1_0 
    where
        c1_0.id=?
Hibernate: 
    select
        c1_0.id,
        c1_0.created_at,
        c1_0.description,
        c1_0.name,
        c1_0.type,
        c1_0.updated_at,
        c1_0.user_id 
    from
        category c1_0 
    where
        c1_0.id=?
2026-06-02T23:01:40.377+02:00 DEBUG 14904 --- [personal-finance-tracker] [nio-8080-exec-4] o.s.w.s.m.m.a.HttpEntityMethodProcessor  : Using 'application/json', given [application/json, text/plain, */*] and supported [application/json, application/*+json, application/yaml]
2026-06-02T23:01:40.377+02:00 DEBUG 14904 --- [personal-finance-tracker] [nio-8080-exec-4] o.s.w.s.m.m.a.HttpEntityMethodProcessor  : Writing [[com.dauphine.pft.dto.responses.CategoryResponse@6c8ef2e8, com.dauphine.pft.dto.responses.CategoryRe (truncated)...]
2026-06-02T23:01:40.381+02:00 DEBUG 14904 --- [personal-finance-tracker] [nio-8080-exec-4] o.s.web.servlet.DispatcherServlet        : Completed 200 OK
2026-06-02T23:01:40.690+02:00 DEBUG 14904 --- [personal-finance-tracker] [nio-8080-exec-2] org.hibernate.SQL                        : 
    select
        c1_0.id,
        c1_0.created_at,
        c1_0.description,
        c1_0.name,
        c1_0.type,
        c1_0.updated_at,
        c1_0.user_id 
    from
        category c1_0 
    where
        c1_0.id=?
Hibernate: 
    select
        c1_0.id,
        c1_0.created_at,
        c1_0.description,
        c1_0.name,
        c1_0.type,
        c1_0.updated_at,
        c1_0.user_id 
    from
        category c1_0 
    where
        c1_0.id=?
2026-06-02T23:01:41.007+02:00 DEBUG 14904 --- [personal-finance-tracker] [nio-8080-exec-2] org.hibernate.SQL                        : 
    select
        c1_0.id,
        c1_0.created_at,
        c1_0.description,
        c1_0.name,
        c1_0.type,
        c1_0.updated_at,
        c1_0.user_id 
    from
        category c1_0 
    where
        c1_0.id=?
Hibernate: 
    select
        c1_0.id,
        c1_0.created_at,
        c1_0.description,
        c1_0.name,
        c1_0.type,
        c1_0.updated_at,
        c1_0.user_id 
    from
        category c1_0 
    where
        c1_0.id=?
2026-06-02T23:01:41.324+02:00 DEBUG 14904 --- [personal-finance-tracker] [nio-8080-exec-2] o.s.w.s.m.m.a.HttpEntityMethodProcessor  : Using 'application/json', given [application/json, text/plain, */*] and supported [application/json, application/*+json, application/yaml]
2026-06-02T23:01:41.326+02:00 DEBUG 14904 --- [personal-finance-tracker] [nio-8080-exec-2] o.s.w.s.m.m.a.HttpEntityMethodProcessor  : Writing [[com.dauphine.pft.dto.responses.TransactionResponse@776606c1, com.dauphine.pft.dto.responses.Transac (truncated)...]
2026-06-02T23:01:41.329+02:00 DEBUG 14904 --- [personal-finance-tracker] [nio-8080-exec-2] o.s.web.servlet.DispatcherServlet        : Completed 200 OK
2026-06-02T23:01:45.556+02:00 DEBUG 14904 --- [personal-finance-tracker] [nio-8080-exec-3] o.s.web.servlet.DispatcherServlet        : GET "/v1/transactions", parameters={}
2026-06-02T23:01:45.559+02:00 DEBUG 14904 --- [personal-finance-tracker] [nio-8080-exec-3] s.w.s.m.m.a.RequestMappingHandlerMapping : Mapped to com.dauphine.pft.controllers.TransactionController#getAll(TransactionType, UUID, String, LocalDate, LocalDate, BigDecimal, BigDecimal, String)
2026-06-02T23:01:45.559+02:00 DEBUG 14904 --- [personal-finance-tracker] [nio-8080-exec-6] o.s.web.servlet.DispatcherServlet        : GET "/v1/categories", parameters={}
2026-06-02T23:01:45.559+02:00 DEBUG 14904 --- [personal-finance-tracker] [nio-8080-exec-8] o.s.web.servlet.DispatcherServlet        : GET "/v1/savings-goals", parameters={}
2026-06-02T23:01:45.559+02:00 DEBUG 14904 --- [personal-finance-tracker] [nio-8080-exec-6] s.w.s.m.m.a.RequestMappingHandlerMapping : Mapped to com.dauphine.pft.controllers.CategoryController#getAll(String, CategoryType)
2026-06-02T23:01:45.560+02:00 DEBUG 14904 --- [personal-finance-tracker] [nio-8080-exec-8] s.w.s.m.m.a.RequestMappingHandlerMapping : Mapped to com.dauphine.pft.controllers.SavingsGoalController#getAll(SavingsGoalStatus, String, BigDecimal, BigDecimal, LocalDate, LocalDate)
2026-06-02T23:01:45.869+02:00 DEBUG 14904 --- [personal-finance-tracker] [nio-8080-exec-6] org.hibernate.SQL                        : 
    select
        c1_0.id,
        c1_0.created_at,
        c1_0.description,
        c1_0.name,
        c1_0.type,
        c1_0.updated_at,
        c1_0.user_id 
    from
        category c1_0 
    where
        c1_0.user_id=?
Hibernate: 
    select
        c1_0.id,
        c1_0.created_at,
        c1_0.description,
        c1_0.name,
        c1_0.type,
        c1_0.updated_at,
        c1_0.user_id 
    from
        category c1_0 
    where
        c1_0.user_id=?
2026-06-02T23:01:45.869+02:00 DEBUG 14904 --- [personal-finance-tracker] [nio-8080-exec-3] org.hibernate.SQL                        : 
    select
        t1_0.id,
        t1_0.amount,
        t1_0.category_id,
        t1_0.created_at,
        t1_0.description,
        t1_0.title,
        t1_0.transaction_date,
        t1_0.type,
        t1_0.updated_at,
        t1_0.user_id 
    from
        finance_transaction t1_0 
    where
        t1_0.user_id=? 
    order by
        t1_0.transaction_date desc
Hibernate: 
    select
        t1_0.id,
        t1_0.amount,
        t1_0.category_id,
        t1_0.created_at,
        t1_0.description,
        t1_0.title,
        t1_0.transaction_date,
        t1_0.type,
        t1_0.updated_at,
        t1_0.user_id 
    from
        finance_transaction t1_0 
    where
        t1_0.user_id=? 
    order by
        t1_0.transaction_date desc
2026-06-02T23:01:45.870+02:00 DEBUG 14904 --- [personal-finance-tracker] [nio-8080-exec-8] org.hibernate.SQL                        : 
    select
        sg1_0.id,
        sg1_0.created_at,
        sg1_0.current_amount,
        sg1_0.deadline,
        sg1_0.description,
        sg1_0.name,
        sg1_0.status,
        sg1_0.target_amount,
        sg1_0.updated_at,
        sg1_0.user_id 
    from
        savings_goal sg1_0 
    where
        sg1_0.user_id=? 
        and sg1_0.status='IN_PROGRESS' 
        and sg1_0.deadline<?
Hibernate: 
    select
        sg1_0.id,
        sg1_0.created_at,
        sg1_0.current_amount,
        sg1_0.deadline,
        sg1_0.description,
        sg1_0.name,
        sg1_0.status,
        sg1_0.target_amount,
        sg1_0.updated_at,
        sg1_0.user_id 
    from
        savings_goal sg1_0 
    where
        sg1_0.user_id=? 
        and sg1_0.status='IN_PROGRESS' 
        and sg1_0.deadline<?
2026-06-02T23:01:46.190+02:00 DEBUG 14904 --- [personal-finance-tracker] [nio-8080-exec-3] org.hibernate.SQL                        : 
    select
        c1_0.id,
        c1_0.created_at,
        c1_0.description,
        c1_0.name,
        c1_0.type,
        c1_0.updated_at,
        c1_0.user_id 
    from
        category c1_0 
    where
        c1_0.id=?
Hibernate: 
    select
        c1_0.id,
        c1_0.created_at,
        c1_0.description,
        c1_0.name,
        c1_0.type,
        c1_0.updated_at,
        c1_0.user_id 
    from
        category c1_0 
    where
        c1_0.id=?
2026-06-02T23:01:46.191+02:00 DEBUG 14904 --- [personal-finance-tracker] [nio-8080-exec-6] o.s.w.s.m.m.a.HttpEntityMethodProcessor  : Using 'application/json', given [application/json, text/plain, */*] and supported [application/json, application/*+json, application/yaml]
2026-06-02T23:01:46.192+02:00 DEBUG 14904 --- [personal-finance-tracker] [nio-8080-exec-8] org.hibernate.SQL                        : 
    select
        sg1_0.id,
        sg1_0.created_at,
        sg1_0.current_amount,
        sg1_0.deadline,
        sg1_0.description,
        sg1_0.name,
        sg1_0.status,
        sg1_0.target_amount,
        sg1_0.updated_at,
        sg1_0.user_id 
    from
        savings_goal sg1_0 
    where
        sg1_0.user_id=?
Hibernate: 
    select
        sg1_0.id,
        sg1_0.created_at,
        sg1_0.current_amount,
        sg1_0.deadline,
        sg1_0.description,
        sg1_0.name,
        sg1_0.status,
        sg1_0.target_amount,
        sg1_0.updated_at,
        sg1_0.user_id 
    from
        savings_goal sg1_0 
    where
        sg1_0.user_id=?
2026-06-02T23:01:46.193+02:00 DEBUG 14904 --- [personal-finance-tracker] [nio-8080-exec-6] o.s.w.s.m.m.a.HttpEntityMethodProcessor  : Writing [[com.dauphine.pft.dto.responses.CategoryResponse@79a18e9d, com.dauphine.pft.dto.responses.CategoryRe (truncated)...]
2026-06-02T23:01:46.197+02:00 DEBUG 14904 --- [personal-finance-tracker] [nio-8080-exec-6] o.s.web.servlet.DispatcherServlet        : Completed 200 OK
2026-06-02T23:01:46.506+02:00 DEBUG 14904 --- [personal-finance-tracker] [nio-8080-exec-3] org.hibernate.SQL                        : 
    select
        c1_0.id,
        c1_0.created_at,
        c1_0.description,
        c1_0.name,
        c1_0.type,
        c1_0.updated_at,
        c1_0.user_id 
    from
        category c1_0 
    where
        c1_0.id=?
Hibernate: 
    select
        c1_0.id,
        c1_0.created_at,
        c1_0.description,
        c1_0.name,
        c1_0.type,
        c1_0.updated_at,
        c1_0.user_id 
    from
        category c1_0 
    where
        c1_0.id=?
2026-06-02T23:01:46.509+02:00 DEBUG 14904 --- [personal-finance-tracker] [nio-8080-exec-8] o.s.w.s.m.m.a.HttpEntityMethodProcessor  : Using 'application/json', given [application/json, text/plain, */*] and supported [application/json, application/*+json, application/yaml]
2026-06-02T23:01:46.511+02:00 DEBUG 14904 --- [personal-finance-tracker] [nio-8080-exec-8] o.s.w.s.m.m.a.HttpEntityMethodProcessor  : Writing [[com.dauphine.pft.dto.responses.SavingsGoalResponse@1c131357, com.dauphine.pft.dto.responses.Savings (truncated)...]
2026-06-02T23:01:46.513+02:00 DEBUG 14904 --- [personal-finance-tracker] [nio-8080-exec-8] o.s.web.servlet.DispatcherServlet        : Completed 200 OK
2026-06-02T23:01:46.824+02:00 DEBUG 14904 --- [personal-finance-tracker] [nio-8080-exec-3] org.hibernate.SQL                        : 
    select
        c1_0.id,
        c1_0.created_at,
        c1_0.description,
        c1_0.name,
        c1_0.type,
        c1_0.updated_at,
        c1_0.user_id 
    from
        category c1_0 
    where
        c1_0.id=?
Hibernate: 
    select
        c1_0.id,
        c1_0.created_at,
        c1_0.description,
        c1_0.name,
        c1_0.type,
        c1_0.updated_at,
        c1_0.user_id 
    from
        category c1_0 
    where
        c1_0.id=?
2026-06-02T23:01:47.139+02:00 DEBUG 14904 --- [personal-finance-tracker] [nio-8080-exec-3] org.hibernate.SQL                        : 
    select
        c1_0.id,
        c1_0.created_at,
        c1_0.description,
        c1_0.name,
        c1_0.type,
        c1_0.updated_at,
        c1_0.user_id 
    from
        category c1_0 
    where
        c1_0.id=?
Hibernate: 
    select
        c1_0.id,
        c1_0.created_at,
        c1_0.description,
        c1_0.name,
        c1_0.type,
        c1_0.updated_at,
        c1_0.user_id 
    from
        category c1_0 
    where
        c1_0.id=?
2026-06-02T23:01:47.410+02:00 DEBUG 14904 --- [personal-finance-tracker] [nio-8080-exec-3] o.s.w.s.m.m.a.HttpEntityMethodProcessor  : Using 'application/json', given [application/json, text/plain, */*] and supported [application/json, application/*+json, application/yaml]
2026-06-02T23:01:47.412+02:00 DEBUG 14904 --- [personal-finance-tracker] [nio-8080-exec-3] o.s.w.s.m.m.a.HttpEntityMethodProcessor  : Writing [[com.dauphine.pft.dto.responses.TransactionResponse@72c8441e, com.dauphine.pft.dto.responses.Transac (truncated)...]
2026-06-02T23:01:47.414+02:00 DEBUG 14904 --- [personal-finance-tracker] [nio-8080-exec-3] o.s.web.servlet.DispatcherServlet        : Completed 200 OK
2026-06-02T23:01:51.696+02:00 DEBUG 14904 --- [personal-finance-tracker] [nio-8080-exec-1] o.s.web.servlet.DispatcherServlet        : GET "/v1/categories", parameters={}
2026-06-02T23:01:51.698+02:00 DEBUG 14904 --- [personal-finance-tracker] [nio-8080-exec-1] s.w.s.m.m.a.RequestMappingHandlerMapping : Mapped to com.dauphine.pft.controllers.CategoryController#getAll(String, CategoryType)
2026-06-02T23:01:52.056+02:00 DEBUG 14904 --- [personal-finance-tracker] [nio-8080-exec-1] org.hibernate.SQL                        : 
    select
        c1_0.id,
        c1_0.created_at,
        c1_0.description,
        c1_0.name,
        c1_0.type,
        c1_0.updated_at,
        c1_0.user_id 
    from
        category c1_0 
    where
        c1_0.user_id=?
Hibernate: 
    select
        c1_0.id,
        c1_0.created_at,
        c1_0.description,
        c1_0.name,
        c1_0.type,
        c1_0.updated_at,
        c1_0.user_id 
    from
        category c1_0 
    where
        c1_0.user_id=?
2026-06-02T23:01:52.359+02:00 DEBUG 14904 --- [personal-finance-tracker] [nio-8080-exec-1] o.s.w.s.m.m.a.HttpEntityMethodProcessor  : Using 'application/json', given [application/json, text/plain, */*] and supported [application/json, application/*+json, application/yaml]
2026-06-02T23:01:52.359+02:00 DEBUG 14904 --- [personal-finance-tracker] [nio-8080-exec-1] o.s.w.s.m.m.a.HttpEntityMethodProcessor  : Writing [[com.dauphine.pft.dto.responses.CategoryResponse@76e22878, com.dauphine.pft.dto.responses.CategoryRe (truncated)...]
2026-06-02T23:01:52.361+02:00 DEBUG 14904 --- [personal-finance-tracker] [nio-8080-exec-1] o.s.web.servlet.DispatcherServlet        : Completed 200 OK
2026-06-02T23:01:52.476+02:00 DEBUG 14904 --- [personal-finance-tracker] [nio-8080-exec-2] o.s.web.servlet.DispatcherServlet        : GET "/v1/categories", parameters={}
2026-06-02T23:01:52.477+02:00 DEBUG 14904 --- [personal-finance-tracker] [nio-8080-exec-2] s.w.s.m.m.a.RequestMappingHandlerMapping : Mapped to com.dauphine.pft.controllers.CategoryController#getAll(String, CategoryType)
2026-06-02T23:01:52.479+02:00 DEBUG 14904 --- [personal-finance-tracker] [nio-8080-exec-2] org.hibernate.SQL                        : 
    select
        c1_0.id,
        c1_0.created_at,
        c1_0.description,
        c1_0.name,
        c1_0.type,
        c1_0.updated_at,
        c1_0.user_id 
    from
        category c1_0 
    where
        c1_0.user_id=?
Hibernate: 
    select
        c1_0.id,
        c1_0.created_at,
        c1_0.description,
        c1_0.name,
        c1_0.type,
        c1_0.updated_at,
        c1_0.user_id 
    from
        category c1_0 
    where
        c1_0.user_id=?
2026-06-02T23:01:52.482+02:00 DEBUG 14904 --- [personal-finance-tracker] [nio-8080-exec-5] o.s.web.servlet.DispatcherServlet        : GET "/v1/transactions", parameters={}
2026-06-02T23:01:52.484+02:00 DEBUG 14904 --- [personal-finance-tracker] [nio-8080-exec-5] s.w.s.m.m.a.RequestMappingHandlerMapping : Mapped to com.dauphine.pft.controllers.TransactionController#getAll(TransactionType, UUID, String, LocalDate, LocalDate, BigDecimal, BigDecimal, String)
2026-06-02T23:01:52.840+02:00 DEBUG 14904 --- [personal-finance-tracker] [nio-8080-exec-5] org.hibernate.SQL                        : 
    select
        t1_0.id,
        t1_0.amount,
        t1_0.category_id,
        t1_0.created_at,
        t1_0.description,
        t1_0.title,
        t1_0.transaction_date,
        t1_0.type,
        t1_0.updated_at,
        t1_0.user_id 
    from
        finance_transaction t1_0 
    where
        t1_0.user_id=? 
    order by
        t1_0.transaction_date desc
2026-06-02T23:01:52.843+02:00 DEBUG 14904 --- [personal-finance-tracker] [nio-8080-exec-2] o.s.w.s.m.m.a.HttpEntityMethodProcessor  : Using 'application/json', given [application/json, text/plain, */*] and supported [application/json, application/*+json, application/yaml]
Hibernate: 
    select
        t1_0.id,
        t1_0.amount,
        t1_0.category_id,
        t1_0.created_at,
        t1_0.description,
        t1_0.title,
        t1_0.transaction_date,
        t1_0.type,
        t1_0.updated_at,
        t1_0.user_id 
    from
        finance_transaction t1_0 
    where
        t1_0.user_id=? 
    order by
        t1_0.transaction_date desc
2026-06-02T23:01:52.844+02:00 DEBUG 14904 --- [personal-finance-tracker] [nio-8080-exec-2] o.s.w.s.m.m.a.HttpEntityMethodProcessor  : Writing [[com.dauphine.pft.dto.responses.CategoryResponse@eece931, com.dauphine.pft.dto.responses.CategoryRes (truncated)...]
2026-06-02T23:01:52.846+02:00 DEBUG 14904 --- [personal-finance-tracker] [nio-8080-exec-2] o.s.web.servlet.DispatcherServlet        : Completed 200 OK
2026-06-02T23:01:52.907+02:00 DEBUG 14904 --- [personal-finance-tracker] [nio-8080-exec-5] org.hibernate.SQL                        : 
    select
        c1_0.id,
        c1_0.created_at,
        c1_0.description,
        c1_0.name,
        c1_0.type,
        c1_0.updated_at,
        c1_0.user_id 
    from
        category c1_0 
    where
        c1_0.id=?
Hibernate: 
    select
        c1_0.id,
        c1_0.created_at,
        c1_0.description,
        c1_0.name,
        c1_0.type,
        c1_0.updated_at,
        c1_0.user_id 
    from
        category c1_0 
    where
        c1_0.id=?
2026-06-02T23:01:53.424+02:00 DEBUG 14904 --- [personal-finance-tracker] [nio-8080-exec-5] org.hibernate.SQL                        : 
    select
        c1_0.id,
        c1_0.created_at,
        c1_0.description,
        c1_0.name,
        c1_0.type,
        c1_0.updated_at,
        c1_0.user_id 
    from
        category c1_0 
    where
        c1_0.id=?
Hibernate: 
    select
        c1_0.id,
        c1_0.created_at,
        c1_0.description,
        c1_0.name,
        c1_0.type,
        c1_0.updated_at,
        c1_0.user_id 
    from
        category c1_0 
    where
        c1_0.id=?
2026-06-02T23:01:53.626+02:00 DEBUG 14904 --- [personal-finance-tracker] [nio-8080-exec-5] org.hibernate.SQL                        : 
    select
        c1_0.id,
        c1_0.created_at,
        c1_0.description,
        c1_0.name,
        c1_0.type,
        c1_0.updated_at,
        c1_0.user_id 
    from
        category c1_0 
    where
        c1_0.id=?
Hibernate: 
    select
        c1_0.id,
        c1_0.created_at,
        c1_0.description,
        c1_0.name,
        c1_0.type,
        c1_0.updated_at,
        c1_0.user_id 
    from
        category c1_0 
    where
        c1_0.id=?
2026-06-02T23:01:53.831+02:00 DEBUG 14904 --- [personal-finance-tracker] [nio-8080-exec-5] org.hibernate.SQL                        : 
    select
        c1_0.id,
        c1_0.created_at,
        c1_0.description,
        c1_0.name,
        c1_0.type,
        c1_0.updated_at,
        c1_0.user_id 
    from
        category c1_0 
    where
        c1_0.id=?
Hibernate: 
    select
        c1_0.id,
        c1_0.created_at,
        c1_0.description,
        c1_0.name,
        c1_0.type,
        c1_0.updated_at,
        c1_0.user_id 
    from
        category c1_0 
    where
        c1_0.id=?
2026-06-02T23:01:53.955+02:00 DEBUG 14904 --- [personal-finance-tracker] [nio-8080-exec-5] o.s.w.s.m.m.a.HttpEntityMethodProcessor  : Using 'application/json', given [application/json, text/plain, */*] and supported [application/json, application/*+json, application/yaml]
2026-06-02T23:01:53.956+02:00 DEBUG 14904 --- [personal-finance-tracker] [nio-8080-exec-5] o.s.w.s.m.m.a.HttpEntityMethodProcessor  : Writing [[com.dauphine.pft.dto.responses.TransactionResponse@75468d6e, com.dauphine.pft.dto.responses.Transac (truncated)...]
2026-06-02T23:01:53.959+02:00 DEBUG 14904 --- [personal-finance-tracker] [nio-8080-exec-5] o.s.web.servlet.DispatcherServlet        : Completed 200 OK
2026-06-03T17:22:00.444+02:00  WARN 14904 --- [personal-finance-tracker] [l-1:housekeeper] com.zaxxer.hikari.pool.HikariPool        : HikariPool-1 - Thread starvation or clock leap detected (housekeeper delta=18h20m1s955ms351µs100ns).
